23,178,198,37,1099
34,139,112,29,860
37,156,118,25,961
38,174,133,37,1074
43,156,122,32,963
53,157,116,28,969
56,191,140,8,1150
69,188,168,33,1160
76,145,112,25,893
77,172,125,32,1059
80,151,108,30,930
81,175,151,35,1081
87,182,175,42,1125
100,165,129,30,1017
114,102,76,8,617
118,177,187,39,1094
120,185,148,41,1142
133,187,145,14,1136
140,195,167,41,1203
141,245,189,14,1477
142,182,144,33,1120
149,149,111,30,918
157,184,155,37,1134
171,210,163,38,1294
173,180,148,38,1113
177,189,144,25,1153
180,147,113,32,910
185,244,203,26,1487
186,177,136,32,1090
193,186,144,36,1147
210,176,144,35,1085
216,152,125,31,938
217,160,118,31,988
235,206,161,39,1271
251,212,171,39,1308
257,166,135,20,1010
262,206,153,19,1252
263,185,148,32,1140
265,275,211,24,1668
280,170,134,35,1051
299,158,119,30,976
300,193,150,38,1195
314,150,119,28,925
317,178,133,34,1100
326,213,164,41,1315
353,196,144,40,1209
355,189,162,37,1169
356,231,181,43,1425
364,169,130,32,1044
372,209,163,40,1290
387,197,152,40,1213
393,202,160,41,1246
401,147,111,26,905
402,174,133,30,1070
416,230,173,44,1419
428,186,145,17,1131
432,213,156,17,1292
433,186,140,16,1131
439,201,156,40,1243
453,251,188,44,1545
459,224,176,47,1387
466,158,122,30,975
474,192,143,30,1178
479,189,137,8,1138
496,164,119,22,1006
501,153,120,16,933
532,207,166,37,1275
542,230,173,44,1420
544,205,158,37,1264
550,222,161,41,1366
555,187,146,21,1141
560,207,149,37,1273
568,230,170,37,1414
580,233,178,43,1435
588,132,98,25,816
597,131,101,16,800
612,202,162,39,1248
614,264,200,49,1627
625,234,171,17,1419
633,167,123,20,1020
634,241,193,42,1485
637,238,188,41,1464
638,188,149,33,1157
640,227,159,25,1383
649,137,94,26,845
651,228,187,44,1408
653,169,129,37,1049
654,258,190,46,1591
656,150,110,16,915
673,231,186,42,1423
675,243,182,12,1469
676,221,172,38,1358
677,234,180,44,1445
690,245,178,45,1510
696,259,206,40,1589
698,236,181,41,1451
707,151,113,3,909
710,250,192,34,1530
717,162,121,34,1000
719,153,156,25,941
721,224,169,45,1385
727,131,94,28,809
731,183,132,32,1127
739,194,144,24,1183
740,140,101,29,865
741,224,165,41,1382
746,170,127,35,1052
755,188,132,7,1132
761,151,111,29,932
783,205,151,34,1261
786,195,147,36,1200
795,220,711,47,1363
798,194,138,22,1182
803,225,169,15,1362
814,218,160,42,1348
827,184,139,37,1136
828,248,179,42,1527
836,139,95,17,846
857,179,134,33,1104
864,137,98,32,850
865,220,165,42,1359
870,121,81,24,747
887,112,88,25,693
888,180,148,34,1113
906,159,117,34,983
909,165,122,39,1023
912,128,89,28,793
922,166,121,40,1029
935,112,78,26,692
945,164,145,33,1011
947,80,55,18,495
955,105,84,21,648
958,211,172,42,1303
989,230,183,41,1416
999,143,103,27,883
1008,217,172,35,1333
1023,202,148,39,1248
1028,181,132,8,1090
1037,166,123,25,1020
1040,188,140,36,1161
1041,279,214,47,1719
1044,151,111,13,910
1051,184,135,39,1138
1063,164,110,8,990
1070,152,111,21,928
1073,130,94,8,784
1074,147,129,27,908
1079,287,220,5,1718
1081,223,162,36,1370
1082,154,120,32,950
1085,150,120,33,925
1088,143,105,29,881
1093,81,54,19,502
1100,192,156,35,1185
1123,220,171,17,1333
1131,201,155,42,1244
1133,192,171,16,1165
1152,265,187,25,1608
1158,161,109,13,976
1160,122,109,26,754
1162,172,125,32,1060
1173,230,156,28,1404
1184,239,187,42,1472
1202,132,93,28,818
1204,97,62,20,600
1208,218,171,40,1347
1211,198,171,16,1201
1220,192,140,37,1186
1224,191,156,8,1145
1235,185,141,7,1111
1239,121,88,24,748
1253,247,188,47,1525
1261,273,195,27,1660
1266,165,106,28,1018
1267,206,165,42,1272
1269,149,115,26,918
1271,192,142,34,1184
1278,211,187,36,1298
1287,239,187,46,1478
1291,150,109,31,926
1312,183,156,14,1106
1315,280,218,44,1719
1319,148,125,25,911
1331,255,281,45,1572
1333,146,125,29,901
1337,183,140,34,1130
1343,178,156,33,1097
1351,190,140,22,1154
1378,164,125,28,1011
1383,207,155,31,1272
1388,190,156,35,1171
1393,139,109,13,839
1406,213,171,44,1318
1408,123,93,6,737
1411,211,174,29,1294
1412,182,140,24,1114
1416,158,125,28,975
1420,110,77,8,664
1448,137,96,26,846
1455,192,178,35,1183
1467,152,125,32,940
1479,202,151,33,1240
1482,210,154,39,1298
1487,194,140,34,1195
1489,227,171,39,1400
1492,135,93,13,819
1494,214,171,41,1321
1497,277,217,45,1702
1500,188,133,31,1158
1505,200,157,37,1234
1523,178,140,36,1100
1535,226,167,46,1400
1545,230,208,46,1420
1563,253,187,46,1559
1568,220,168,43,1357
1574,286,248,47,1759
1576,206,160,39,1271
1578,193,140,37,1193
1581,231,165,46,1425
1594,210,146,8,1265
1599,250,188,45,1541
1605,181,133,22,1104
1609,213,161,39,1313
1625,257,197,46,1584
1627,194,141,40,1200
1642,202,148,35,1245
1645,219,157,31,1344
1649,214,158,37,1317
1663,194,144,37,1198
1676,172,128,36,1065
1682,212,156,39,1309
1691,186,139,32,1146
1694,236,171,43,1455
1696,219,177,40,1347
1698,199,150,38,1226
1704,201,145,8,1210
1705,184,125,19,1118
1736,215,171,40,1325
1748,191,145,40,1181
1766,150,114,28,925
1767,239,176,30,1458
1785,219,188,44,1356
1812,172,132,30,1059
1826,197,143,41,1218
1828,245,178,33,1501
1842,126,93,25,778
1844,226,163,14,1366
1849,221,166,43,1367
1852,227,160,41,1398
1855,195,141,40,1206
1867,273,199,48,1681
1869,197,164,14,1190
1896,296,228,52,1824
1899,202,173,42,1250
1901,216,157,39,1331
1905,210,155,16,1275
1910,245,193,38,1505
1912,170,142,33,1050
1952,199,175,35,1224
1956,168,128,21,1022
1958,169,128,34,1045
1960,263,187,50,1622
1986,214,162,43,1324
1987,215,163,37,1322
1989,206,152,36,1269
1995,254,201,50,1568
23,178,187,37,1099
34,139,116,29,860
37,156,118,25,961
38,174,140,37,1074
43,156,118,32,963
53,157,127,28,969
56,191,157,8,1150
69,188,156,33,1160
76,145,112,25,893
77,172,161,32,1059
80,151,118,30,930
81,175,142,35,1081
87,182,167,42,1125
100,165,132,30,1017
114,102,78,8,617
118,177,159,39,1094
120,185,160,41,1142
133,187,142,14,1136
140,195,162,41,1203
141,245,203,14,1477
142,182,142,33,1120
149,149,118,30,918
157,184,155,37,1134
23,178,196,37,1099
34,139,112,29,860
37,156,287,25,961
38,174,142,37,1074
43,156,119,32,963
53,157,124,28,969
56,191,164,8,1150
69,188,152,33,1160
76,145,120,25,893
77,172,149,32,1059
80,151,119,30,930
81,175,143,35,1081
87,182,179,42,1125
100,165,132,30,1017
114,102,96,8,617
118,177,158,39,1094
120,185,149,41,1142
133,187,142,14,1136
140,195,167,41,1203
141,245,200,14,1477
142,182,140,33,1120
149,149,123,30,918
157,184,149,37,1134
171,210,171,38,1294
173,180,155,38,1113
177,189,164,25,1153
180,147,115,32,910
185,244,194,26,1487
186,177,132,32,1090
193,186,148,36,1147
210,176,137,35,1085
216,152,121,31,938
217,160,121,31,988
235,206,174,39,1271
251,212,174,39,1308
257,166,135,20,1010
262,206,165,19,1252
263,185,145,32,1140
265,275,212,24,1668
280,170,139,35,1051
299,158,120,30,976
300,193,154,38,1195
314,150,125,28,925
317,178,134,34,1100
326,213,181,41,1315
353,196,152,40,1209
355,189,154,37,1169
356,231,177,43,1425
364,169,130,32,1044
372,209,168,40,1290
387,197,154,40,1213
393,202,166,41,1246
401,147,117,26,905
402,174,132,30,1070
416,230,175,44,1419
428,186,142,17,1131
432,213,164,17,1292
433,186,134,16,1131
439,201,158,40,1243
453,251,188,44,1545
459,224,178,47,1387
466,158,136,30,975
474,192,146,30,1178
479,189,135,8,1138
496,164,123,22,1006
501,153,115,16,933
532,207,164,37,1275
542,230,175,44,1420
544,205,157,37,1264
550,222,171,41,1366
555,187,141,21,1141
560,207,161,37,1273
568,230,186,37,1414
580,233,180,43,1435
588,132,103,25,816
597,131,94,16,800
612,202,159,39,1248
614,264,202,49,1627
625,234,184,17,1419
633,167,122,20,1020
634,241,191,42,1485
637,238,205,41,1464
638,188,142,33,1157
640,227,170,25,1383
649,137,97,26,845
651,228,180,44,1408
653,169,126,37,1049
654,258,210,46,1591
656,150,138,16,915
673,231,187,42,1423
675,243,185,12,1469
676,221,190,38,1358
677,234,200,44,1445
690,245,187,45,1510
696,259,235,40,1589
698,236,234,41,1451
707,151,120,3,909
710,250,205,34,1530
717,162,124,34,1000
719,153,121,25,941
721,224,177,45,1385
727,131,98,28,809
731,183,146,32,1127
739,194,143,24,1183
740,140,109,29,865
741,224,178,41,1382
746,170,134,35,1052
755,188,154,7,1132
761,151,114,29,932
783,205,169,34,1261
786,195,156,36,1200
795,220,167,47,1363
798,194,146,22,1182
803,225,184,15,1362
814,218,170,42,1348
827,184,138,37,1136
828,248,188,42,1527
836,139,94,17,846
857,179,134,33,1104
864,137,100,32,850
865,220,164,42,1359
870,121,87,24,747
887,112,82,25,693
888,180,149,34,1113
906,159,397,34,983
909,165,126,39,1023
912,128,93,28,793
922,166,126,40,1029
935,112,80,26,692
945,164,137,33,1011
947,80,61,18,495
955,105,97,21,648
958,211,178,42,1303
989,230,185,41,1416
999,143,103,27,883
1008,217,183,35,1333
1023,202,151,39,1248
1028,181,133,8,1090
1037,166,128,25,1020
1040,188,141,36,1161
1041,279,211,47,1719
1044,151,117,13,910
1051,184,139,39,1138
1063,164,118,8,990
1070,152,109,21,928
1073,130,92,8,784
1074,147,106,27,908
1079,287,228,5,1718
1081,223,168,36,1370
1082,154,119,32,950
1085,150,108,33,925
1088,143,102,29,881
1093,81,51,19,502
1100,192,166,35,1185
1123,220,174,17,1333
1131,201,152,42,1244
1133,192,146,16,1165
1152,265,583,25,1608
1158,161,117,13,976
1160,122,87,26,754
1162,172,135,32,1060
1173,230,167,28,1404
1184,239,176,42,1472
1202,132,132,28,818
1204,97,67,20,600
1208,218,181,40,1347
1211,198,153,16,1201
1220,192,146,37,1186
1224,191,144,8,1145
1235,185,137,7,1111
1239,121,87,24,748
1253,247,210,47,1525
1261,273,203,27,1660
1266,165,120,28,1018
1267,206,169,42,1272
1269,149,114,26,918
1271,192,142,34,1184
1278,211,157,36,1298
1287,239,194,46,1478
1291,150,117,31,926
1312,183,135,14,1106
1315,280,227,44,1719
1319,148,113,25,911
1331,255,194,45,1572
1333,146,112,29,901
1337,183,138,34,1130
1343,178,136,33,1097
1351,190,142,22,1154
1378,164,126,28,1011
1383,207,156,31,1272
1388,190,165,35,1171
1393,139,108,13,839
1406,213,173,44,1318
1408,123,87,6,737
1411,211,166,29,1294
1412,182,136,24,1114
1416,158,117,28,975
1420,110,80,8,664
1448,137,98,26,846
1455,192,183,35,1183
1467,152,116,32,940
1479,202,155,33,1240
1482,210,160,39,1298
1487,194,145,34,1195
1489,227,171,39,1400
1492,135,97,13,819
1494,214,163,41,1321
1497,277,219,45,1702
1500,188,151,31,1158
1505,200,152,37,1234
1523,178,133,36,1100
1535,226,173,46,1400
1545,230,174,46,1420
1563,253,190,46,1559
1568,220,165,43,1357
1574,286,225,47,1759
1576,206,154,39,1271
1578,193,141,37,1193
1581,231,173,46,1425
1594,210,155,8,1265
1599,250,196,45,1541
1605,181,143,22,1104
1609,213,158,39,1313
1625,257,203,46,1584
1627,194,148,40,1200
1642,202,157,35,1245
1645,219,156,31,1344
1649,214,157,37,1317
1663,194,156,37,1198
1676,172,124,36,1065
1682,212,171,39,1309
1691,186,140,32,1146
1694,236,171,43,1455
1696,219,171,40,1347
1698,199,156,38,1226
1704,201,140,8,1210
1705,184,140,19,1118
1736,215,156,40,1325
1748,191,156,40,1181
1766,150,124,28,925
1767,239,171,30,1458
1785,219,171,44,1356
1812,172,124,30,1059
1826,197,140,41,1218
1828,245,187,33,1501
1842,126,93,25,778
1844,226,171,14,1366
1849,221,171,43,1367
1852,227,171,41,1398
1855,195,156,40,1206
1867,273,203,48,1681
1869,197,156,14,1190
1896,296,218,52,1824
1899,202,171,42,1250
1901,216,156,39,1331
1905,210,140,16,1275
1910,245,187,38,1505
1912,170,124,33,1050
1952,199,156,35,1224
1956,168,140,21,1022
1958,169,140,34,1045
1960,263,187,50,1622
1986,214,156,43,1324
1987,215,156,37,1322
1989,206,156,36,1269
1995,254,187,50,1568
2005,149,109,26,918
2018,203,171,40,1255
2022,154,140,28,950
2023,199,156,37,1229
2026,239,171,15,1448
2033,198,156,20,1205
2037,197,140,42,1218
2039,359,265,6,2148
2041,133,109,7,800
2045,143,93,10,868
2050,212,156,41,1311
2055,174,140,36,1076
2060,236,171,46,1457
2063,128,93,7,769
2064,177,124,19,1079
2065,140,109,26,865
2071,201,140,38,1238
2080,120,93,8,725
2082,181,156,38,1119
2085,235,187,43,1451
2087,196,156,31,1204
2102,117,78,7,701
2108,197,156,26,1201
2112,197,156,32,1210
2116,233,156,46,1443
2124,188,140,31,1154
2126,288,203,29,1750
2130,224,171,10,1354
2133,216,171,45,1335
2134,228,171,45,1411
2136,158,109,13,960
2140,140,109,7,843
2148,143,109,20,876
2163,176,140,37,1090
2168,202,171,30,1241
2177,208,156,9,1253
2184,196,140,39,1213
2201,219,156,43,1352
2216,248,187,12,1498
2227,177,140,32,1090
2228,203,156,40,1253
2233,200,156,42,1237
2237,172,140,28,1058
2239,276,234,55,1704
2250,281,234,53,1730
2269,166,140,27,1021
2278,199,156,33,1224
2282,252,203,35,1545
2305,183,140,38,1133
2306,230,171,14,1390
2312,172,125,18,1047
2344,154,109,8,929
2351,252,171,10,1519
2371,202,156,42,1248
2383,182,140,30,1121
2385,183,140,30,1127
2397,109,78,6,657
2419,168,124,35,1040
2422,124,78,23,764
2427,126,93,24,779
2450,208,140,20,1264
2469,213,156,33,1309
2471,233,171,28,1422
2474,240,187,17,1456
2482,191,140,22,1158
2488,197,171,31,1208
2498,209,156,41,1292
2518,209,140,46,1293
2539,208,156,45,1288
2543,206,156,42,1273
2546,196,140,40,1209
2550,221,156,9,1335
2561,192,140,40,1189
2565,126,93,27,778
2569,191,156,23,1168
2574,156,124,28,961
2585,224,156,20,1359
2591,196,156,22,1193
2595,229,171,47,1417
2608,229,187,50,1415
2612,178,140,13,1074
2613,169,140,37,1047
2640,111,78,21,687
2641,192,140,38,1184
2647,188,156,31,1155
2673,151,109,29,933
2692,122,93,24,754
2702,183,124,13,1108
2708,149,109,29,921
2730,174,124,36,1079
2737,171,124,30,1052
2738,202,156,39,1246
2743,230,171,21,1397
2748,244,203,43,1505
2751,211,156,42,1307
2753,174,124,36,1076
2780,184,140,8,1109
2791,187,140,20,1139
2802,232,171,44,1434
2811,233,187,46,1442
2812,150,124,31,926
2819,219,203,46,1359
2833,182,156,40,1124
2834,151,109,31,931
2836,188,171,41,1165
2842,147,124,27,906
2847,219,203,47,1359
2848,162,124,34,1003
2852,189,140,41,1172
2857,205,156,38,1266
2862,196,140,41,1214
2890,205,156,16,1245
2905,164,124,33,1014
2917,189,140,29,1159
2918,243,187,30,1484
2921,189,124,17,1150
2922,217,156,14,1312
2925,192,140,13,1162
2929,190,140,37,1169
2932,264,218,35,1618
2939,177,124,29,1089
2940,164,125,16,995
2963,235,171,45,1450
2991,172,140,38,1067
3004,173,125,17,1050
3006,260,203,52,1605
3007,177,140,30,1088
3008,174,140,38,1079
3026,180,140,29,1105
3027,196,140,32,1203
3031,202,156,12,1221
3038,182,171,34,1120
3055,185,156,35,1140
3058,282,249,54,1739
3061,217,171,41,1338
3069,208,156,39,1280
3073,168,140,33,1040
3079,180,140,35,1114
3081,201,171,36,1238
3082,243,187,44,1498
3087,233,171,44,1436
3091,224,156,35,1374
3100,167,109,35,1033
3104,159,125,19,968
3122,190,156,35,1174
3128,167,125,32,1032
3131,214,156,13,1294
3134,151,109,33,933
3141,152,109,29,935
3142,173,124,27,1061
3143,180,156,36,1112
3145,184,156,32,1133
3165,289,218,54,1782
3173,187,140,38,1154
3177,191,124,12,1156
3192,199,140,40,1228
3196,205,156,39,1266
3206,233,187,40,1432
3212,173,125,31,1066
3213,218,171,43,1345
3214,138,109,21,846
3215,269,187,49,1659
3233,191,156,21,1159
3243,239,171,19,1448
3249,198,156,38,1222
3260,192,124,8,1158
3270,187,140,37,1157
3272,129,109,28,794
3275,185,140,23,1126
3282,178,124,12,1076
3285,187,140,39,1160
3314,167,124,31,1030
3328,177,125,30,1089
3340,249,218,38,1526
3341,201,156,37,1240
3348,174,124,30,1071
3349,197,156,39,1219
3354,205,156,38,1266
3364,171,156,19,1039
3377,195,140,23,1190
3378,189,140,36,1163
3386,209,156,23,1271
3387,157,125,30,971
3391,240,187,46,1481
3405,164,124,31,1011
3430,142,109,31,876
3457,264,218,21,1599
3459,174,140,32,1073
3465,214,156,16,1297
3473,166,125,23,1018
3476,220,140,22,1333
3487,181,140,39,1116
3492,183,124,36,1132
3495,125,93,25,771
3496,174,156,32,1072
3514,183,156,36,1130
3524,180,124,37,1114
3540,216,156,29,1321
3549,210,156,35,1292
3589,141,93,8,852
3619,187,140,38,1156
3621,185,140,36,1140
3632,171,124,35,1059
3642,161,109,23,987
3646,152,109,31,941
3652,164,124,36,1016
3672,174,140,32,1072
3680,155,109,15,943
3699,196,156,30,1203
3718,149,109,33,922
3722,112,78,8,680
3736,167,171,8,1007
3740,165,124,29,1012
3745,227,171,30,1387
3756,241,171,20,1458
3765,173,124,34,1070
3769,175,124,29,1076
3778,173,124,34,1069
3784,198,156,35,1218
3792,144,93,31,891
3796,141,109,32,870
3798,127,93,7,766
3811,213,140,9,1279
3815,146,93,32,901
3822,222,156,34,1362
3826,186,140,36,1149
3830,176,140,37,1089
3832,203,156,23,1237
3838,188,140,18,1143
3839,165,124,35,1018
3848,153,109,17,930
3854,187,140,37,1156
3882,166,124,35,1023
3898,202,140,18,1224
3899,151,109,30,931
3901,176,124,36,1089
3911,160,109,30,988
3914,226,171,45,1398
3918,210,171,13,1271
3921,209,156,42,1291
3929,202,156,38,1248
3933,183,140,37,1129
3949,249,187,47,1536
3967,225,171,39,1388
3970,177,124,26,1086
3971,197,140,27,1208
3980,225,171,35,1383
3981,150,93,19,911
3990,265,203,47,1636
3991,188,140,39,1160
3996,178,140,25,1088
3998,259,187,46,1599
4019,184,140,33,1134
4032,149,109,34,923
4039,184,140,34,1133
4040,169,124,37,1047
4041,262,203,46,1618
4042,139,109,29,857
4051,150,109,30,927
4052,253,187,46,1561
4066,250,234,45,1542
4077,269,234,46,1657
4079,218,171,43,1346
4082,124,93,24,766
4095,151,140,27,931
4111,215,171,44,1328
4116,201,140,31,1236
4123,218,203,41,1344
4141,190,140,34,1170
4153,217,156,42,1339
4167,166,125,24,1018
4170,139,93,27,859
4174,182,140,28,1119
4178,127,124,11,770
4184,187,140,30,1148
4185,188,171,35,1159
4193,200,156,40,1236
4211,188,140,29,1153
4213,143,93,26,884
4229,110,78,27,680
4250,191,171,32,1174
4255,166,109,9,1004
4269,182,171,37,1124
4289,227,171,43,1402
4292,247,171,41,1521
4305,207,140,17,1254
4319,261,203,47,1609
4323,215,156,43,1327
4329,229,171,48,1416
4331,146,109,24,895
4337,31,15,2,187
4341,186,140,41,1152
4342,199,140,38,1228
4355,264,203,20,1595
4368,199,156,40,1227
4375,217,156,40,1337
4388,233,173,48,1439
4391,151,109,35,937
4397,185,124,41,1146
4404,195,156,17,1180
4414,196,140,40,1211
4415,210,140,11,1267
4418,229,187,22,1393
4429,164,124,33,1015
4433,164,124,32,1010
4435,255,187,22,1549
4452,154,109,35,956
4460,163,124,36,1009
4465,229,156,44,1413
4468,141,109,28,872
4477,254,234,49,1567
4480,235,187,43,1447
4485,200,140,20,1217
4494,240,187,45,1479
4495,195,156,42,1206
4501,158,109,34,978
4508,192,140,9,1155
4514,248,171,49,1531
4520,170,124,33,1049
4538,174,124,33,1076
4547,153,109,28,944
4551,153,109,7,923
4553,202,187,14,1224
4556,169,124,35,1043
4560,126,390,7,761
4566,168,124,33,1035
4570,209,156,41,1292
4589,172,124,33,1061
4591,234,171,25,1424
4593,167,124,39,1033
4610,188,140,38,1159
4613,247,171,21,1496
4617,181,124,36,1118
4621,202,156,42,1251
4635,229,171,41,1409
4637,144,120,17,878
4640,240,187,19,1453
4658,162,124,31,1000
4659,206,156,26,1258
4673,211,156,14,1278
4677,160,124,15,972
4680,199,156,36,1227
4686,217,359,24,1323
4692,217,156,38,1335
4702,183,140,22,1117
4717,240,171,25,1462
4723,165,109,35,1022
4731,264,187,47,1626
4753,169,140,33,1044
4757,170,124,34,1050
4774,154,124,31,951
4779,172,109,16,1042
4792,156,109,28,963
4808,140,140,26,862
4813,151,109,28,931
4817,254,203,26,1545
4833,186,156,38,1147
4836,215,156,36,1323
4847,149,109,33,920
4863,199,140,20,1211
4875,134,93,28,829
4881,146,109,29,901
4885,220,187,21,1334
4889,135,93,32,836
4903,219,156,39,1348
4930,173,125,33,1066
4942,170,124,29,1047
4945,214,156,41,1320
4947,162,140,32,1000
4950,190,140,36,1171
4959,241,171,22,1463
4999,158,124,32,979
5009,191,140,34,1173
5016,164,124,37,1014
5021,192,124,38,1187
5025,178,140,32,1099
5030,226,187,40,1394
5036,207,140,37,1277
5038,179,124,38,1103
5043,184,124,18,1116
5048,193,140,33,1190
5049,139,93,31,862
5050,161,124,36,1000
5055,252,187,45,1551
5063,179,124,33,1106
5068,207,171,39,1278
5073,235,187,42,1446
5080,147,109,33,912
5088,198,156,33,1218
5094,207,156,40,1280
5102,203,156,41,1253
5105,95,62,4,567
5112,168,124,8,1014
5122,136,93,19,831
5124,134,93,25,827
5131,142,109,19,870
5133,141,109,16,859
5137,229,171,48,1417
5143,208,156,41,1284
5144,245,187,43,1506
5149,199,156,40,1231
5153,203,156,38,1251
5165,240,171,43,1477
5183,229,171,42,1413
5199,175,140,35,1080
5200,219,156,42,1352
5208,183,140,12,1108
5209,211,156,39,1301
5211,156,109,8,939
5213,211,156,13,1273
5222,205,156,43,1265
5236,175,124,37,1082
5239,211,156,41,1302
5246,218,171,42,1347
5250,208,156,41,1286
5278,282,218,51,1737
5280,201,140,36,1242
5283,185,140,35,1145
5293,229,171,36,1407
5320,131,93,26,807
5323,174,124,34,1077
5352,157,109,27,964
5353,118,78,8,715
5360,261,187,48,1608
5379,168,124,23,1026
5383,278,203,27,1687
5394,162,124,30,997
5398,181,140,24,1107
5400,231,171,47,1426
5420,191,156,39,1182
5436,190,140,35,1174
5457,178,124,29,1094
5486,190,156,39,1174
5489,56,46,3,338
5492,163,109,35,1007
5498,197,140,39,1219
5520,191,140,31,1172
5537,136,93,19,832
5545,155,109,35,960
5557,193,140,40,1193
5563,168,109,37,1040
5564,235,171,44,1452
5566,180,140,35,1110
5569,200,140,9,1204
5573,163,124,39,1008
5579,133,93,28,821
5589,191,124,35,1180
5591,202,140,35,1244
5609,139,140,14,845
5618,129,78,5,772
5627,183,140,36,1130
5654,172,124,32,1059
5670,257,218,49,1584
5673,209,171,20,1271
5674,164,140,29,1008
5681,172,140,31,1058
5692,171,124,35,1056
5698,211,156,16,1281
5702,184,156,33,1132
5704,172,124,29,1057
5706,251,187,27,1528
5714,190,124,33,1172
5723,232,171,44,1432
5726,242,172,37,1482
5747,281,203,49,1730
5749,199,140,33,1225
5751,165,124,36,1019
5752,170,124,36,1048
5761,187,140,33,1154
5762,231,171,33,1418
5766,153,109,27,942
5768,162,124,29,1001
5773,153,109,27,943
5781,189,140,38,1165
5786,228,187,35,1402
5791,234,171,43,1444
5796,214,156,32,1315
5797,126,93,26,779
5810,139,93,31,859
5812,238,203,42,1467
5813,220,156,34,1352
5817,175,140,32,1078
5827,186,140,33,1147
5833,205,140,34,1260
5850,198,156,14,1199
5856,203,156,37,1253
5871,157,124,27,967
5883,137,109,32,847
5885,180,140,34,1110
5895,164,124,33,1010
5899,146,109,31,900
5906,137,78,8,825
5909,203,156,38,1252
5910,111,93,17,680
5916,169,109,33,1043
5926,266,203,41,1634
5936,233,187,43,1437
5941,158,124,35,979
5947,203,140,39,1253
5949,224,171,43,1382
5952,140,109,28,865
5953,157,109,18,956
5956,158,124,35,978
5961,142,93,8,856
5963,225,171,37,1381
5967,192,156,37,1185
5968,173,124,31,1068
5973,250,171,5,1503
5974,161,109,24,986
5979,164,109,30,1012
5990,264,203,42,1623
5991,268,203,40,1646
5997,150,109,31,929
6005,173,124,17,1050
6009,197,140,37,1216
6017,150,124,31,927
6029,163,124,42,1012
6042,136,109,16,826
6050,157,109,17,951
6056,244,187,19,1479
6069,226,171,44,1395
6078,170,140,29,1047
6085,175,124,31,1077
6088,215,156,39,1323
6089,218,171,42,1346
6096,223,187,40,1375
6109,168,140,33,1039
6118,203,140,31,1245
6123,154,109,15,935
6129,169,124,29,1040
6137,182,124,40,1129
6150,155,109,30,956
6159,160,109,30,988
6165,163,124,30,1006
6167,185,203,31,1139
6183,179,124,35,1106
6189,187,140,36,1155
6192,166,124,20,1013
6202,216,156,33,1327
6205,187,171,32,1153
6213,149,109,14,904
6215,172,156,32,1059
6228,205,156,36,1265
6229,125,93,5,755
6240,209,171,45,1296
6243,239,187,40,1474
6244,245,203,19,1485
6250,194,156,37,1196
6256,175,124,35,1082
6261,172,124,34,1064
6274,197,156,34,1214
6282,183,140,24,1117
6298,212,156,31,1298
6309,172,124,35,1063
6318,139,93,7,838
6321,185,124,31,1137
6332,223,171,38,1376
6333,169,124,34,1044
6340,158,124,32,978
6344,192,140,37,1187
6356,149,109,30,921
6359,171,140,35,1058
6367,208,171,40,1284
6371,164,124,29,1010
6384,174,124,36,1076
6403,171,124,35,1055
6406,187,140,32,1150
6408,193,140,35,1191
6415,162,124,33,1004
6419,143,93,31,885
6423,269,203,28,1637
6440,255,187,46,1572
6445,149,109,29,921
6447,123,93,25,761
6451,120,93,26,742
6452,183,140,30,1127
6455,188,156,31,1157
6485,202,140,35,1245
6489,161,156,30,995
6497,163,124,34,1008
6502,159,109,28,981
6504,145,109,28,895
6506,207,140,34,1272
6507,153,156,31,947
6508,197,140,16,1192
6509,183,156,13,1108
6516,100,78,3,603
6528,184,140,39,1137
6533,172,124,34,1063
6549,162,124,28,997
6556,165,109,31,1017
6566,226,156,38,1389
6595,187,140,38,1156
6597,176,124,30,1086
6598,164,124,5,980
6603,207,156,20,1255
6606,217,187,26,1322
6612,131,93,28,813
6613,203,156,19,1234
6615,193,156,30,1184
6622,219,156,40,1349
6623,241,187,19,1457
6626,145,93,27,893
6636,166,124,30,1025
6650,192,140,36,1185
6662,185,140,20,1125
6663,170,124,36,1052
6671,132,93,28,819
6673,155,109,26,954
6681,206,156,39,1272
6684,191,140,37,1180
6699,188,140,37,1162
6723,255,203,42,1566
6727,220,156,39,1356
6750,194,140,15,1178
6768,234,171,12,1414
6774,190,140,19,1154
6781,228,171,43,1406
6799,208,156,40,1284
6802,249,171,46,1535
6804,168,109,25,1027
6810,192,140,42,1184
6815,274,203,28,1667
6822,160,124,17,973
6824,180,140,40,1116
6868,162,125,36,1004
6876,218,156,18,1324
6877,166,109,34,1022
6902,250,187,43,1539
6903,165,109,35,1020
6906,213,156,27,1300
6907,176,140,37,1089
6911,220,156,10,1325
6914,139,93,30,859
6916,239,187,27,1454
6931,168,124,33,1038
6934,208,140,32,1276
6939,199,156,31,1223
6943,145,109,15,880
6963,218,156,33,1337
6969,205,156,39,1266
6978,143,93,33,884
6979,244,171,46,1503
6987,137,93,31,847
7016,164,124,20,1002
7033,214,156,40,1322
7047,184,124,32,1133
7050,240,218,43,1480
7055,133,93,26,820
7057,159,109,30,981
7069,152,109,28,936
7071,144,93,7,867
7073,73,46,3,441
7079,137,93,30,847
7080,211,156,41,1300
7083,210,156,39,1295
7111,191,156,20,1163
7112,137,109,28,847
7126,216,156,40,1330
7127,220,156,20,1336
7140,187,156,28,1148
7141,187,140,35,1154
7175,228,171,18,1384
7176,212,156,39,1310
7182,235,171,42,1448
7192,192,124,11,1159
7193,164,109,29,1012
7208,227,156,14,1372
7224,132,93,31,819
7227,211,203,33,1297
7234,236,171,45,1456
7240,202,156,36,1247
7256,154,109,33,953
7268,148,124,19,905
7269,196,140,37,1212
7272,177,140,28,1090
7274,172,124,27,1056
7281,208,156,40,1284
7285,141,93,34,875
7287,136,109,32,845
7288,181,171,35,1116
7295,167,125,17,1015
7305,225,171,44,1387
7307,217,171,44,1339
7308,232,187,48,1434
7310,226,171,18,1371
7326,231,171,18,1400
7327,174,124,37,1079
7333,194,140,44,1202
7348,214,171,44,1320
7350,199,156,44,1233
7359,208,156,38,1281
7366,203,140,20,1235
7389,204,140,38,1258
7392,186,156,34,1147
7396,203,140,14,1230
7397,184,140,35,1138
7413,186,140,39,1150
7416,186,140,39,1150
7432,154,124,32,953
7457,133,93,19,813
7464,178,124,25,1088
7482,144,109,32,892
7485,145,125,29,895
7489,205,156,44,1269
7507,179,124,30,1102
7512,194,156,41,1199
7526,167,109,14,1009
7539,188,140,40,1165
7550,198,140,41,1225
7568,212,156,43,1311
7573,207,140,36,1276
7579,182,140,36,1126
7580,194,140,38,1198
7598,219,156,46,1354
7607,190,140,36,1174
7608,147,109,33,910
7610,232,156,37,1424
7614,148,109,19,906
7616,163,109,15,989
7620,143,93,21,873
7624,136,93,19,828
7630,189,140,30,1158
7632,235,187,43,1450
7679,59,46,3,356
7682,176,140,32,1086
7683,162,124,35,1003
7695,232,187,45,1434
7700,241,171,27,1468
7706,166,124,29,1022
7710,113,109,23,697
7718,154,109,32,952
7721,174,187,38,1076
7723,188,140,41,1162
7734,180,140,35,1110
7739,194,140,31,1188
7751,115,78,22,708
7758,211,187,33,1298
7771,171,124,34,1055
7783,114,78,23,702
7794,238,187,45,1469
7802,169,124,12,1021
7808,207,140,40,1278
7813,262,203,48,1615
7817,152,109,15,921
7825,189,140,33,1164
7830,162,124,34,1000
7835,217,156,43,1341
7840,222,156,36,1364
7845,209,156,42,1291
7848,253,187,47,1562
7855,195,140,36,1204
7880,181,140,20,1104
7888,161,124,29,990
7896,137,93,22,840
7898,231,171,38,1421
7901,220,171,24,1343
7904,169,125,18,1029
7937,200,140,41,1235
7964,249,187,19,1508
7965,88,62,3,529
7969,195,140,19,1183
7971,191,156,39,1181
7973,183,124,38,1131
7980,202,156,39,1246
7994,220,171,42,1357
8008,121,93,25,744
8010,143,109,9,866
8020,163,124,33,1008
8024,241,203,42,1482
8034,207,156,37,1275
8039,207,156,18,1255
8048,225,171,42,1389
8053,193,156,23,1179
8058,202,140,16,1223
8060,150,109,22,920
8070,227,171,39,1395
8071,183,124,30,1127
8072,178,121,34,1099
8080,168,124,35,1040
8092,136,93,27,838
8107,210,140,30,1287
8135,231,171,44,1427
8152,204,156,38,1257
8153,201,156,39,1239
8165,241,187,20,1461
8169,187,140,36,1155
8173,164,124,33,1015
8174,156,124,31,961
8187,187,140,38,1159
8197,168,109,20,1026
8215,168,124,28,1033
8227,130,93,22,800
8228,178,124,34,1095
8230,195,140,33,1199
8231,117,93,4,702
8236,151,109,29,930
8237,165,109,31,1020
8239,179,140,36,1108
8240,167,125,35,1030
8244,186,140,36,1149
8262,163,109,33,1007
8268,186,140,13,1128
8274,248,203,47,1530
8275,204,156,41,1259
8288,202,140,25,1236
8290,204,156,40,1263
8291,171,124,11,1033
8297,179,124,31,1099
8302,125,78,27,775
8303,163,109,33,1007
8307,131,109,17,797
8317,165,124,36,1020
8325,203,156,36,1251
8367,163,109,33,1008
8389,168,124,35,1036
8395,188,140,35,1160
8400,236,156,34,1448
8412,140,109,27,861
8418,143,93,29,882
8432,171,124,36,1060
8440,196,140,16,1187
8448,196,140,40,1216
8449,200,156,36,1231
8468,139,93,19,851
8472,182,140,38,1128
8482,183,140,37,1133
8506,233,187,47,1439
8510,212,156,26,1296
8511,146,109,33,903
8514,235,171,33,1441
8520,145,93,27,893
8525,208,156,12,1255
8530,172,124,25,1056
8532,208,156,38,1282
8544,145,109,33,897
8547,176,125,26,1081
8549,230,171,42,1418
8556,205,156,12,1235
8563,203,156,27,1242
8568,187,124,39,1155
8573,182,140,28,1119
8575,200,140,40,1235
8597,197,140,31,1211
8599,135,109,24,831
8620,136,109,29,843
8630,176,124,37,1087
8636,141,93,26,871
8639,203,156,18,1231
8641,185,124,10,1115
8650,177,124,26,1085
8657,181,156,34,1117
8660,169,124,31,1045
8665,151,109,35,933
8669,144,109,31,893
8682,228,171,45,1404
8715,203,140,39,1252
8723,241,187,25,1467
8724,168,124,8,1013
8725,181,140,31,1114
8740,195,140,41,1207
8754,197,171,37,1213
8756,268,187,21,1624
8757,145,109,29,897
8760,160,124,36,989
8762,173,125,35,1068
8771,193,171,40,1193
8773,227,171,43,1401
8783,193,156,40,1193
8790,207,140,27,1266
8791,155,109,31,956
8798,204,156,39,1260
8799,173,140,27,1061
8805,245,187,49,1513
8808,157,124,27,968
8817,232,171,44,1432
8828,172,109,31,1063
8830,156,93,26,960
8833,165,109,28,1013
8850,198,140,37,1223
8853,186,140,36,1146
8863,179,140,39,1106
8867,225,171,9,1353
8874,136,93,8,821
8879,204,156,38,1259
8880,236,171,39,1453
8881,188,156,36,1159
8889,172,124,37,1065
8894,177,140,33,1093
8906,127,93,29,787
8907,236,171,19,1428
8929,161,124,33,996
8935,187,140,42,1157
8940,152,109,27,938
8945,168,109,34,1041
8946,207,156,14,1253
8954,143,109,21,877
8956,119,78,28,736
8959,159,109,31,983
8962,152,109,32,939
8992,241,171,16,1459
9001,170,187,36,1053
9008,139,93,20,852
9013,145,140,30,898
9014,202,156,41,1248
9022,153,140,30,945
9042,196,140,39,1210
9062,127,125,26,787
9092,168,125,32,1038
9095,229,171,14,1388
9112,190,140,9,1142
9117,145,109,26,894
9118,153,124,23,939
9125,146,125,23,898
9133,257,218,29,1567
9135,222,156,18,1345
9140,114,78,22,705
9149,160,124,34,990
9150,185,140,36,1141
9162,137,109,3,822
9163,228,171,43,1406
9167,215,156,44,1332
9178,207,156,31,1271
9189,122,93,22,752
9194,239,187,48,1478
9200,243,203,47,1504
9216,193,140,19,1174
9217,208,156,38,1284
9220,171,156,34,1057
9222,217,156,43,1342
9226,213,156,8,1282
9230,212,171,31,1299
9232,154,109,31,953
9235,163,109,29,1005
9240,209,140,44,1295
9241,206,140,42,1275
9255,176,140,13,1066
9264,232,171,43,1431
9278,248,187,45,1532
9279,114,78,22,706
9284,206,203,38,1268
9286,215,156,41,1329
9287,142,93,7,858
9299,192,187,36,1185
9305,216,171,28,1317
9311,227,171,32,1390
9322,96,78,22,597
9336,233,171,32,1426
9344,214,156,42,1323
9345,197,156,12,1193
9353,118,93,15,721
9366,186,124,17,1128
9375,163,109,28,1005
9379,200,156,36,1231
9387,209,156,45,1293
9401,212,156,41,1311
9411,106,62,4,637
9425,203,140,22,1235
9431,86,62,16,530
9440,206,203,39,1270
9441,221,156,40,1359
9462,189,140,34,1166
9465,159,156,35,986
9475,266,187,17,1609
9476,193,140,39,1190
9504,215,156,31,1316
9508,233,187,40,1431
9511,218,156,44,1350
9522,101,78,22,623
9537,174,140,36,1076
9545,182,140,35,1122
9547,146,109,22,894
9560,117,78,24,725
9584,154,109,12,933
9586,185,140,12,1120
9590,161,109,26,988
9604,178,124,33,1094
9615,162,124,35,1002
9618,239,171,52,1481
9631,176,124,36,1087
9636,190,140,39,1177
9651,209,140,13,1263
9655,200,156,39,1237
9661,77,46,17,476
9666,151,140,8,912
9668,198,140,37,1218
9674,181,124,12,1097
9679,119,140,16,728
9680,209,156,44,1296
9691,91,62,17,562
9715,80,62,19,495
9723,87,78,19,537
9726,181,124,35,1117
9733,230,187,8,1382
9746,204,156,40,1259
9752,199,156,44,1234
9753,201,156,39,1242
9761,187,140,36,1155
9768,152,109,30,939
9796,222,156,21,1345
9822,203,156,42,1256
9823,197,156,38,1215
9828,166,109,38,1028
9832,178,140,34,1099
9835,151,109,35,937
9842,177,124,38,1094
9860,205,140,22,1248
9863,214,156,42,1323
9868,130,93,26,798
9872,188,140,34,1158
9881,216,171,29,1318
9892,97,78,21,599
9912,171,124,23,1047
9927,187,140,37,1155
9938,148,109,24,910
9939,187,140,33,1149
9945,169,125,34,1041
9955,139,109,25,856
9958,209,156,36,1287
9968,232,171,34,1422
9988,253,187,18,1529
10000,172,124,34,1063
10025,218,171,14,1320
10028,202,156,41,1250
10045,102,78,21,631
10054,159,109,31,977
10065,192,140,31,1181
10069,189,140,37,1167
10082,167,109,37,1035
10085,191,140,32,1176
10086,160,109,34,987
10100,238,171,17,1442
10116,290,203,29,1762
10117,225,171,42,1390
10134,114,78,22,704
10136,159,109,33,982
10143,204,140,29,1246
10160,164,109,28,1011
10166,210,156,37,1294
10167,156,109,33,965
10178,190,156,32,1170
10182,180,124,38,1114
10188,176,124,37,1088
10206,146,109,28,898
10213,213,156,41,1312
10215,219,203,43,1354
10223,165,124,32,1016
10224,140,156,33,866
10233,167,124,28,1026
10239,129,93,7,779
10261,196,156,16,1186
10263,243,203,18,1470
10283,144,93,9,871
10285,159,124,34,985
10287,142,109,26,875
10298,157,124,28,967
10310,183,140,37,1131
10313,157,109,30,969
10316,222,171,42,1371
10317,164,124,33,1014
10320,204,156,14,1235
10322,215,156,39,1326
10328,204,171,34,1255
10329,200,140,38,1236
10340,228,171,43,1407
10351,210,156,40,1297
10355,181,140,38,1120
10357,144,109,25,885
10385,211,156,40,1302
10389,206,156,41,1273
10398,176,124,39,1090
10408,171,124,34,1058
10424,185,140,38,1145
10442,232,171,16,1403
10448,133,93,30,822
10451,202,156,39,1248
10455,146,109,34,899
10468,152,109,7,913
10473,185,125,35,1142
10479,215,171,16,1299
10486,157,109,32,972
10487,183,140,40,1132
10490,174,125,17,1055
10491,189,140,41,1167
10496,217,156,41,1339
10501,176,109,34,1088
10504,176,124,38,1088
10511,132,109,32,818
10532,199,156,40,1230
10549,216,171,43,1335
10554,211,187,40,1305
10570,220,156,21,1334
10571,182,124,36,1126
10578,234,203,45,1445
10582,108,78,14,661
10586,53,31,3,323
10590,202,156,41,1248
10602,220,156,18,1332
10619,190,156,37,1174
10624,211,171,41,1303
10626,193,124,40,1195
10629,167,124,31,1029
10638,217,156,38,1336
10643,144,124,16,875
10650,148,109,28,910
10681,151,109,18,919
10704,211,156,31,1288
10705,228,156,31,1394
10727,217,156,7,1304
10759,174,124,14,1054
10772,133,93,7,803
10774,233,187,17,1410
10786,133,93,28,823
10794,203,140,20,1234
10816,176,140,37,1087
10824,246,187,47,1517
10832,171,124,30,1053
10847,169,109,22,1033
10848,193,156,39,1193
10866,158,124,29,976
10868,224,171,45,1385
10881,147,124,26,908
10883,178,156,34,1100
10887,260,187,37,1594
10914,162,124,29,998
10946,176,124,34,1088
10947,199,156,40,1230
10948,172,124,36,1064
10950,181,124,27,1104
10969,184,140,39,1139
10972,207,156,42,1281
10979,188,140,39,1164
10981,204,156,22,1242
10983,98,62,14,600
10997,227,171,40,1398
11004,194,140,36,1197
11005,184,140,36,1135
11009,180,124,21,1094
11018,190,140,39,1175
11019,182,124,32,1123
11030,180,124,36,1113
11041,218,171,39,1342
11042,187,187,38,1156
11043,124,78,8,745
11044,156,124,31,964
11052,159,109,29,982
11070,150,109,22,918
11074,186,140,36,1149
11093,173,140,35,1070
11101,202,156,38,1247
11102,178,156,28,1089
11108,181,140,38,1119
11128,190,140,25,1162
11135,167,125,36,1027
11136,202,156,41,1249
11163,157,125,32,970
11165,181,140,27,1108
11166,196,140,39,1213
11180,171,124,35,1054
11182,261,203,15,1579
11183,212,140,40,1309
11186,194,149,37,1191
11207,199,140,44,1231
11208,184,140,36,1134
11214,227,218,42,1400
11221,180,140,31,1108
11245,175,124,35,1079
11252,177,124,32,1089
11276,242,203,7,1453
11281,181,124,40,1119
11282,179,124,30,1102
11308,179,125,14,1083
11315,214,156,42,1323
11330,230,171,7,1382
11332,180,125,33,1110
11333,192,140,36,1183
11344,181,140,12,1095
11354,132,93,19,809
11356,207,171,44,1279
11374,168,124,34,1038
11378,208,171,44,1284
11383,192,140,38,1186
11386,170,124,29,1047
11387,177,140,33,1091
11398,153,109,29,944
11399,213,140,42,1318
11402,180,140,34,1106
11406,249,171,33,1525
11408,173,124,30,1065
11413,141,93,12,856
11416,195,156,41,1204
11426,197,140,44,1217
11443,200,140,40,1237
11445,147,124,35,913
11454,181,140,38,1118
11458,189,140,38,1167
11463,171,156,39,1055
11465,158,125,29,975
11470,129,93,35,803
11479,257,187,18,1554
11494,171,124,8,1030
11506,150,109,21,915
11507,229,156,45,1415
11510,155,109,34,956
11515,136,93,25,838
11522,202,156,37,1246
11528,164,124,32,1011
11531,130,93,34,807
11532,177,124,26,1083
11557,190,140,36,1171
11560,199,156,41,1229
11565,138,93,34,854
11578,154,109,37,953
11580,207,171,38,1277
11584,207,156,43,1280
11592,160,124,36,991
11595,207,171,39,1277
11605,184,374,22,1118
11607,171,124,34,1054
11618,249,171,27,1517
11629,154,109,21,943
11631,193,140,43,1193
11638,166,124,36,1028
11650,201,156,40,1242
11653,159,140,33,980
11654,190,140,40,1176
11660,191,140,40,1179
11676,184,140,34,1132
11689,178,140,13,1079
11695,88,62,13,538
11703,267,187,21,1616
11705,250,218,31,1529
11712,161,109,20,979
11724,249,171,17,1507
11725,192,140,42,1190
11726,173,124,32,1066
11731,161,124,20,980
11735,205,156,39,1266
11740,211,187,41,1302
11748,215,156,42,1326
11776,130,93,4,782
11784,174,125,36,1077
11804,162,171,15,983
11815,333,249,8,1995
11817,185,156,37,1143
11827,135,93,25,831
11831,159,109,22,969
11834,224,171,43,1382
11835,163,124,28,1004
11846,125,93,24,771
11855,214,156,43,1323
11857,239,171,41,1475
11858,204,156,30,1250
11864,234,171,41,1438
11866,175,124,36,1080
11872,245,171,18,1480
11873,229,171,31,1404
11893,237,171,46,1465
11911,231,171,40,1420
11927,226,156,18,1371
11933,180,125,33,1106
12002,255,187,46,1573
12029,166,124,29,1019
12031,162,109,18,990
12039,122,78,19,749
12047,178,124,30,1094
12054,256,249,46,1578
12062,161,109,30,992
12064,187,203,35,1152
12066,196,156,36,1207
12074,180,171,34,1109
12096,103,62,6,623
12108,176,124,36,1085
12114,175,124,20,1068
12121,214,156,38,1320
12126,156,109,28,960
12128,211,156,38,1301
12139,158,124,28,973
12141,269,203,45,1656
12144,214,156,44,1320
12148,253,187,35,1548
12153,201,156,11,1212
12154,186,187,39,1146
12158,189,140,32,1162
12171,197,156,42,1216
12174,187,140,35,1153
12182,195,140,5,1169
12193,224,171,47,1382
12203,175,140,33,1079
12209,216,171,39,1332
12225,274,218,55,1693
12261,223,156,14,1348
12273,226,156,43,1397
12294,199,156,39,1226
12296,150,109,16,911
12299,236,187,51,1458
12313,222,171,39,1370
12324,205,140,9,1233
12339,212,156,39,1309
12347,204,140,37,1260
12348,173,124,32,1069
12374,188,124,27,1153
12380,120,93,20,737
12387,212,156,33,1302
12390,233,171,42,1438
12412,162,124,15,983
12413,205,156,39,1266
12441,152,109,12,923
12445,214,156,17,1300
12447,209,156,34,1286
12458,203,140,19,1232
12463,215,171,46,1329
12466,162,109,31,1002
12472,237,171,45,1463
12479,126,93,8,762
12482,178,140,37,1100
12487,166,124,28,1021
12490,191,140,39,1183
12494,221,156,46,1367
12499,153,109,33,943
12501,162,109,32,1001
12507,208,171,16,1256
12509,220,156,27,1344
12510,100,62,19,618
12522,178,124,34,1100
12538,126,93,23,778
12545,148,109,32,917
12555,140,93,24,863
12557,178,124,38,1103
12562,207,140,43,1281
12566,208,140,33,1278
12567,174,140,37,1078
12570,207,156,34,1272
12571,171,124,34,1053
12583,192,140,37,1187
12590,234,203,40,1443
12591,215,156,42,1328
12616,226,171,43,1396
12624,184,140,35,1133
12629,142,93,14,864
12646,150,109,36,930
12665,263,171,18,1594
12671,196,140,36,1210
12686,222,187,30,1360
12694,152,109,35,942
12734,133,93,34,824
12751,164,124,24,1007
12759,120,78,11,729
12762,218,156,30,1336
12763,183,124,33,1129
12775,182,124,35,1122
12777,155,109,27,955
12803,207,156,23,1262
12808,222,171,29,1360
12813,176,124,32,1084
12833,182,124,40,1128
12839,195,140,33,1200
12840,163,109,20,996
12845,111,78,18,681
12851,295,218,27,1792
12854,250,234,48,1545
12870,179,124,33,1105
12873,176,124,32,1085
12874,190,140,34,1172
12886,215,156,34,1319
12889,220,156,38,1353
12894,179,140,29,1102
12907,178,124,32,1094
12927,223,171,41,1376
12932,204,156,38,1257
12934,128,93,30,792
12935,166,124,27,1019
12940,176,140,36,1087
12954,196,140,39,1209
12966,171,124,38,1056
12967,205,156,41,1266
12976,231,156,41,1425
12993,175,140,38,1083
12995,193,140,38,1190
13003,89,62,13,544
13004,291,249,22,1760
13014,233,171,25,1416
13024,157,124,16,958
13027,176,124,35,1087
13028,160,140,7,966
13044,199,140,32,1224
13052,245,187,45,1511
13053,206,156,33,1264
13055,81,62,10,492
13059,182,140,37,1126
13073,215,156,40,1328
13086,246,187,44,1517
13087,229,171,21,1391
13090,238,171,32,1457
13100,188,156,35,1160
13103,202,156,38,1245
13108,201,140,43,1241
13125,172,125,33,1060
13129,181,140,36,1114
13134,210,156,36,1290
13136,85,62,11,520
13138,133,109,30,824
13140,215,203,26,1308
13145,186,140,39,1151
13151,168,124,33,1034
13152,103,78,6,623
13158,178,124,39,1104
13168,217,156,42,1338
13171,197,171,38,1214
13194,158,125,34,978
13208,169,124,36,1046
13215,205,156,26,1248
13219,161,124,28,990
13228,209,140,28,1280
13229,224,156,43,1383
13230,225,156,14,1358
13231,158,109,33,979
13233,197,140,40,1218
13253,198,140,31,1217
13270,158,124,35,980
13277,186,140,36,1145
13299,152,109,34,943
13310,168,124,28,1033
13312,293,234,22,1775
13318,131,93,30,813
13321,263,203,44,1618
13324,102,62,11,620
13327,192,140,41,1190
13329,180,124,38,1114
13339,129,93,16,786
13346,236,171,40,1453
13352,203,140,15,1223
13353,287,203,8,1722
13364,260,171,25,1579
13365,119,109,16,727
13370,139,93,26,853
13371,131,93,29,811
13374,166,124,34,1026
13382,202,156,12,1222
13384,266,203,20,1606
13390,150,140,32,926
13393,256,187,46,1579
13405,125,93,25,768
13409,260,234,49,1603
13411,146,109,30,902
13418,189,140,34,1163
13426,223,203,40,1375
13434,140,93,28,864
13435,201,156,32,1235
13444,167,109,33,1031
13460,246,187,20,1493
13471,171,124,36,1058
13477,136,93,27,839
13479,198,140,32,1214
13481,200,140,39,1235
13502,141,109,31,872
13512,212,156,40,1307
13518,261,187,49,1610
13525,182,140,10,1098
13526,228,156,46,1409
13531,167,109,33,1029
13539,137,109,25,844
13540,174,156,32,1070
13541,134,93,34,831
13547,179,124,31,1100
13550,174,124,27,1067
13552,157,156,33,972
13564,191,156,37,1178
13571,246,171,15,1483
13572,178,124,35,1099
13574,120,93,26,743
13577,151,109,29,932
13579,154,109,37,956
13584,228,171,32,1396
13586,122,78,29,759
13605,257,218,40,1578
13615,176,124,33,1086
13619,189,140,40,1169
13622,224,187,37,1379
13625,206,171,38,1268
13657,271,203,55,1673
13661,163,109,22,997
13665,170,124,36,1052
13676,159,124,38,990
13683,208,156,41,1283
13685,151,124,28,930
13690,109,62,8,661
13692,145,93,24,892
13694,185,124,8,1115
13695,223,156,34,1370
13700,157,156,16,956
13701,189,140,12,1144
13708,136,93,29,841
13712,172,125,29,1058
13723,208,156,42,1284
13728,167,203,40,1039
13734,154,109,33,953
13737,198,140,11,1194
13746,175,124,40,1085
13748,158,156,32,978
13787,159,124,32,983
13789,196,156,35,1210
13797,180,124,26,1103
13803,196,140,36,1210
13808,192,156,33,1182
13815,222,173,12,1338
13819,272,218,26,1649
13824,158,109,12,953
13848,206,156,41,1275
13852,214,187,29,1311
13855,245,172,40,1507
13858,209,156,38,1291
13881,269,203,41,1651
13885,153,124,18,933
13896,182,156,33,1120
13898,239,171,48,1477
13915,191,171,38,1183
13917,211,156,28,1288
13921,167,124,33,1035
13928,163,124,33,1007
13930,203,171,34,1249
13941,158,109,30,977
13944,251,187,39,1539
13959,173,124,37,1068
13961,242,187,44,1488
13967,231,171,46,1425
13968,157,109,3,945
13975,167,124,32,1032
13984,176,124,36,1086
14014,183,124,14,1110
14017,186,140,36,1145
14023,198,140,36,1221
14033,202,140,40,1247
14040,198,156,33,1219
14046,220,171,44,1362
14051,222,171,42,1373
14057,171,124,31,1057
14065,163,124,36,1007
14068,194,140,33,1192
14074,238,171,41,1467
14075,250,187,43,1534
14080,231,187,40,1422
14096,195,140,38,1204
14104,197,156,33,1210
14120,184,140,37,1137
14125,152,124,25,934
14140,222,156,10,1338
14149,165,124,29,1017
14152,221,156,21,1342
14156,277,234,9,1664
14164,148,109,25,910
14171,145,109,28,895
14180,167,124,35,1032
14189,177,124,31,1091
14196,131,93,25,809
14199,191,140,37,1177
14202,185,140,33,1140
14208,192,156,34,1185
14215,172,125,4,1034
14216,183,140,32,1127
14222,257,187,32,1568
14226,200,187,40,1236
14227,245,171,42,1506
14237,201,156,35,1237
14242,178,124,34,1100
14246,201,140,39,1239
14250,161,109,31,995
14263,186,124,37,1149
14281,199,140,37,1225
14288,243,187,45,1498
14300,166,124,36,1029
14301,116,78,8,701
14312,197,140,28,1206
14313,275,203,21,1666
14327,148,109,32,918
14329,240,171,30,1464
14334,194,140,35,1196
14341,175,124,37,1083
14347,271,203,20,1644
14349,155,124,34,960
14391,196,140,36,1208
14408,206,156,38,1264
14411,163,124,30,1007
14413,166,109,20,1011
14427,179,124,35,1105
14438,203,140,38,1251
14449,163,124,35,1008
14451,227,203,43,1400
14452,250,171,12,1507
14460,239,171,20,1448
14481,239,218,45,1476
14494,183,124,33,1128
14501,161,124,13,975
14514,173,124,36,1068
14515,266,187,28,1617
14525,220,156,34,1349
14538,157,109,30,970
14547,184,140,29,1127
14548,170,124,36,1050
14554,154,125,35,954
14558,151,109,33,935
14585,167,109,11,1008
14590,222,156,36,1367
14594,169,124,35,1044
14598,168,156,29,1033
14599,165,124,31,1017
14601,185,124,16,1121
14606,191,140,45,1186
14615,171,125,9,1031
14618,267,203,50,1648
14626,180,140,32,1108
14628,242,187,47,1496
14629,169,124,33,1041
14632,243,171,31,1482
14644,177,124,35,1094
14655,194,140,33,1195
14666,165,124,37,1022
14677,244,203,45,1506
14686,163,124,28,1005
14702,184,140,37,1135
14704,137,93,20,836
14710,192,171,16,1161
14721,156,109,27,959
14732,196,140,43,1214
14736,131,93,26,808
14750,162,109,35,1002
14751,235,171,49,1455
14764,161,109,26,987
14771,165,124,31,1016
14772,197,140,41,1218
14776,204,156,28,1252
14784,158,140,15,959
14787,216,156,28,1316
14794,231,171,47,1428
14811,188,125,14,1139
14813,231,156,41,1423
14816,177,124,33,1091
14819,177,140,34,1090
14827,220,156,44,1359
14828,191,140,42,1182
14832,240,171,48,1485
14833,206,140,26,1255
14847,177,125,40,1095
14848,220,171,35,1346
14854,193,140,38,1190
14856,240,171,48,1486
14858,255,187,38,1560
14886,281,218,53,1738
14887,145,109,34,898
14894,121,109,26,747
14897,176,140,36,1087
14900,165,124,36,1019
14905,164,109,36,1016
14912,155,109,31,954
14925,166,124,35,1027
14930,212,156,41,1308
14931,298,234,59,1842
14934,134,109,29,828
14945,114,78,29,706
14947,283,218,36,1727
14953,143,109,28,881
14954,141,109,35,873
14968,288,234,58,1782
14975,182,140,36,1124
14977,160,124,37,988
14982,189,140,36,1164
14983,195,140,35,1203
14996,169,140,32,1043
15007,320,249,60,1976
15008,135,93,24,831
15011,181,125,40,1118
15025,214,187,42,1319
15029,171,140,27,1048
15039,299,218,56,1845
15071,261,187,46,1611
15088,159,140,31,981
15096,250,171,47,1546
15100,158,109,30,975
15104,141,109,21,859
15112,163,124,30,1005
15120,158,124,29,972
15132,176,124,27,1081
15135,201,171,38,1238
15138,180,124,33,1107
15167,268,187,20,1623
15169,206,140,14,1248
15173,196,140,36,1207
15177,172,124,37,1065
15195,126,93,7,760
15200,208,156,42,1281
15201,194,171,38,1196
15205,144,109,22,879
15208,197,156,42,1218
15222,203,151,37,1250
15225,203,140,37,1254
15230,235,187,10,1418
15239,180,124,39,1111
15246,216,156,7,1294
15260,234,171,47,1446
15262,192,140,36,1183
15268,202,156,42,1246
15317,124,93,25,768
15335,209,156,44,1293
15347,217,156,21,1319
15354,232,171,35,1422
15365,204,140,9,1232
15368,155,124,28,956
15374,187,140,34,1154
15376,189,140,38,1167
15382,198,156,42,1222
15385,205,140,39,1266
15389,223,171,16,1353
15396,129,93,20,787
15407,195,125,25,1194
15434,183,124,33,1126
15435,160,109,29,983
15438,181,140,37,1116
15439,211,156,31,1296
15440,225,156,35,1378
15443,190,140,37,1175
15460,207,156,38,1276
15462,160,109,28,985
15480,161,109,27,989
15486,146,93,29,901
15497,154,109,29,951
15506,138,93,29,855
15509,145,109,22,890
15537,113,78,22,698
15538,217,265,44,1341
15539,149,109,33,922
15554,137,109,27,848
15574,190,140,30,1167
15576,278,593,19,1683
15585,184,171,36,1137
15613,205,140,38,1262
15622,198,140,38,1222
15640,198,171,38,1223
15645,298,203,22,1805
15646,189,140,23,1149
15652,218,187,35,1342
15671,188,140,36,1161
15676,181,124,34,1111
15683,196,140,20,1193
15687,238,187,43,1468
15707,192,140,19,1167
15718,207,140,15,1247
15722,117,78,11,709
15730,175,124,34,1080
15741,173,140,13,1049
15748,215,171,44,1328
15762,180,140,35,1110
15775,189,140,36,1164
15776,216,156,43,1334
15788,147,109,27,908
15795,176,124,13,1065
15799,172,109,32,1058
15814,178,109,22,1087
15821,189,140,34,1165
15827,143,125,29,886
15834,190,140,37,1170
15836,186,140,14,1126
15839,153,109,28,942
15840,188,140,35,1159
15841,204,140,39,1259
15851,167,109,29,1028
15853,189,140,35,1166
15872,187,124,26,1144
15884,157,109,30,968
15893,195,140,39,1206
15897,245,203,40,1508
15915,155,140,30,959
15921,199,156,36,1228
15930,182,171,33,1124
15935,172,124,30,1060
15936,202,156,33,1242
15940,190,140,38,1171
15950,129,93,27,799
15953,157,109,30,968
15963,194,140,27,1190
15964,175,140,32,1077
15967,224,171,34,1377
15968,170,124,14,1033
15985,189,140,30,1160
15991,153,109,26,943
15993,158,124,21,963
16013,231,156,36,1413
16036,182,124,34,1121
16055,201,140,40,1241
16058,257,187,20,1559
16062,235,187,44,1448
16071,185,140,35,1141
16085,235,171,47,1450
16099,197,156,38,1215
16112,127,93,16,775
16123,181,140,22,1101
16133,187,140,36,1151
16138,185,140,37,1140
16142,143,109,28,883
16143,140,93,28,864
16148,266,187,8,1599
16152,213,156,40,1315
16176,199,156,39,1227
16182,115,78,8,697
16193,219,171,40,1348
16197,226,171,27,1383
16202,179,124,34,1105
16203,175,140,36,1083
16214,174,124,33,1073
16216,165,109,33,1020
16221,169,109,32,1043
16222,152,109,22,930
16224,196,140,41,1214
16227,149,93,7,899
16228,293,203,21,1771
16235,186,171,34,1148
16236,210,156,38,1296
16237,211,156,37,1297
16244,147,109,29,909
16266,231,203,43,1425
16274,220,156,32,1348
16275,200,156,38,1234
16288,190,140,34,1172
16289,170,124,29,1044
16298,221,187,36,1356
16321,221,156,36,1354
16326,292,203,29,1774
16341,125,78,7,756
16345,194,140,39,1197
16346,193,156,37,1191
16357,240,187,47,1480
16360,142,109,21,869
16371,121,93,25,747
16377,178,156,33,1101
16380,177,124,37,1094
16401,211,156,44,1301
16423,199,156,19,1212
16436,151,109,8,911
16438,200,187,42,1236
16439,133,93,7,805
16455,142,109,20,868
16456,195,140,40,1206
16458,220,156,40,1354
16480,246,187,45,1518
16482,195,140,37,1204
16491,130,109,10,787
16504,178,843,26,1092
16505,255,187,29,1553
16529,234,171,42,1442
16534,189,124,13,1142
16537,227,171,49,1403
16540,228,515,38,1401
16544,162,125,33,1002
16547,251,219,50,1548
16555,228,171,35,1403
16576,207,156,33,1273
16577,209,140,37,1284
16583,166,124,35,1028
16592,188,140,41,1164
16606,218,156,27,1334
16607,157,124,33,971
16608,198,140,33,1214
16609,182,124,5,1094
16611,164,124,35,1017
16612,157,124,23,956
16614,158,124,36,980
16617,167,171,17,1015
16620,293,203,27,1778
16622,168,124,34,1039
16628,234,171,44,1443
16629,169,140,28,1040
16636,217,156,30,1326
16647,139,93,36,862
16654,187,140,23,1143
16662,130,93,30,806
16668,155,124,8,933
16669,177,156,32,1094
16673,220,156,39,1355
16679,202,156,39,1248
16685,107,78,7,647
16691,170,171,36,1049
16692,200,140,33,1227
16695,141,93,26,872
16701,139,93,27,860
16718,247,171,38,1513
16720,141,109,10,853
16724,130,78,31,804
16731,221,156,34,1356
16732,220,156,36,1352
16742,243,171,40,1493
16749,242,187,27,1477
16759,135,93,22,830
16768,115,78,31,711
16771,200,140,42,1237
16776,174,124,13,1051
16839,230,171,46,1418
16841,266,234,52,1644
16844,258,187,45,1590
16845,234,171,43,1444
16856,78,46,3,467
16867,215,156,40,1326
16872,214,156,43,1324
16880,167,124,30,1029
16890,205,156,37,1266
16915,251,187,48,1548
16917,126,93,23,777
16920,174,140,38,1076
16927,226,171,34,1382
16948,165,109,33,1021
16949,185,140,32,1141
16960,223,187,42,1379
16963,237,187,45,1464
16965,194,124,31,1189
16972,272,203,49,1676
16975,144,109,12,869
16988,208,156,40,1286
16999,141,93,36,873
17019,134,93,35,827
17026,181,140,28,1108
17027,178,140,36,1099
17043,160,125,31,988
17050,204,156,18,1239
17051,166,109,40,1026
17064,177,124,14,1073
17081,182,140,35,1123
17083,261,187,49,1611
17086,216,187,42,1332
17092,155,109,39,957
17102,143,109,15,870
17105,244,171,12,1470
17113,108,78,20,667
17115,156,124,28,962
17123,211,171,43,1305
17140,153,124,34,949
17159,207,156,36,1274
17165,142,109,20,869
17167,104,62,23,643
17172,189,140,35,1165
17178,200,140,38,1233
17179,179,124,41,1107
17196,155,109,35,959
17208,214,156,37,1318
17225,152,156,34,941
17226,164,124,36,1015
17231,228,171,46,1408
17234,228,171,45,1406
17257,195,156,25,1193
17260,117,93,7,707
17283,176,140,34,1086
17287,199,156,24,1215
17290,226,156,18,1368
17297,242,171,44,1488
17315,184,124,18,1116
17334,171,124,40,1059
17338,158,124,4,951
17339,244,171,21,1480
17348,205,140,36,1261
17353,228,171,40,1405
17360,49,46,2,294
17361,229,156,21,1389
17365,168,312,37,1039
17377,227,156,29,1388
17403,213,156,10,1283
17404,165,124,32,1020
17408,197,140,31,1207
17410,163,124,35,1004
17419,181,140,34,1116
17422,213,156,38,1314
17430,143,109,31,885
17435,227,171,8,1365
17436,199,187,31,1219
17455,183,140,36,1129
17459,205,156,36,1264
17462,202,156,41,1250
17463,239,187,45,1473
17466,168,124,25,1032
17467,140,109,30,868
17472,197,156,34,1211
17509,146,93,30,902
17514,209,171,39,1287
17519,224,156,41,1382
17522,139,124,28,859
17524,144,93,29,890
17529,154,109,36,953
17536,197,140,15,1196
17542,141,93,27,872
17591,200,140,36,1229
17592,200,156,37,1232
17601,163,187,33,1011
17621,224,171,45,1384
17622,168,140,35,1036
17624,225,156,38,1384
17632,230,171,37,1412
17640,189,140,32,1161
17656,189,124,20,1147
17659,187,218,39,1155
17662,109,78,25,675
17664,160,124,12,968
17666,159,124,33,982
17672,139,140,22,853
17677,119,93,27,737
17683,174,140,13,1055
17686,185,124,38,1144
17694,166,124,30,1025
17696,196,171,22,1196
17701,160,109,22,974
17708,194,124,22,1185
17715,191,140,35,1179
17721,162,124,11,980
17745,198,140,41,1226
17752,145,109,27,896
17755,216,156,46,1336
17756,136,93,20,828
17778,169,140,28,1039
17797,156,109,33,964
17798,225,171,35,1380
17803,164,124,29,1011
17815,244,171,19,1479
17828,149,109,16,907
17837,159,109,28,977
17844,113,78,25,701
17859,199,156,40,1230
17874,238,156,18,1436
17879,148,93,12,899
17890,184,187,38,1136
17894,129,93,28,800
17903,159,124,28,979
17910,198,140,43,1225
17918,193,140,38,1191
17923,154,109,11,929
17929,184,140,38,1137
17944,196,171,41,1212
17950,148,93,15,894
17954,70,46,3,423
17956,226,171,39,1392
17962,218,156,37,1342
17967,163,140,32,1005
17977,220,171,19,1333
18003,220,156,46,1359
18008,172,124,33,1061
18010,229,171,33,1405
18013,192,156,42,1188
18022,150,124,21,918
18029,187,140,42,1157
18031,179,140,40,1107
18041,176,124,21,1069
18059,133,109,27,822
18064,265,593,10,1592
18070,272,203,27,1652
18077,172,124,37,1065
18079,221,156,26,1348
18084,216,171,47,1337
18086,167,140,36,1034
18091,161,124,30,994
18094,334,234,9,2008
18104,191,140,40,1179
18112,124,93,28,768
18131,189,156,24,1155
18132,186,140,33,1146
18148,191,140,31,1174
18153,131,109,26,807
18160,150,109,24,922
18162,191,140,36,1178
18173,214,140,38,1319
18174,184,125,38,1136
18177,181,140,35,1117
18186,224,171,34,1376
18191,247,171,45,1523
18199,176,124,35,1085
18207,186,140,12,1123
18210,156,109,31,965
18211,167,124,31,1031
18212,173,124,21,1052
18216,237,171,37,1455
18250,189,140,38,1166
18260,164,124,32,1013
18273,245,171,46,1512
18289,140,109,28,865
18304,134,93,29,827
18306,183,140,38,1131
18332,183,124,36,1130
18335,135,93,7,816
18337,159,124,16,968
18355,164,124,32,1012
18360,202,140,41,1247
18378,147,109,30,902
18382,228,171,47,1413
18388,143,109,20,869
18393,194,156,36,1195
18398,275,203,16,1663
18410,214,156,33,1316
18416,167,109,34,1031
18425,224,171,44,1385
18431,239,171,49,1480
18450,188,124,5,1130
18470,198,156,35,1216
18471,152,109,31,939
18516,176,140,36,1087
18519,153,124,30,946
18530,220,171,26,1340
18533,170,124,34,1050
18538,232,187,32,1422
18544,181,140,38,1120
18548,161,109,29,993
18563,145,93,18,886
18571,197,140,37,1214
18573,224,171,20,1359
18575,325,249,6,1944
18584,202,156,24,1235
18603,182,140,38,1126
18610,171,124,35,1056
18611,193,140,37,1190
18618,192,156,35,1183
18637,151,109,8,914
18645,213,156,35,1312
18646,183,140,37,1130
18648,173,156,17,1049
18654,185,140,18,1123
18664,199,140,37,1226
18666,195,171,40,1205
18667,161,124,26,989
18669,172,124,35,1061
18670,242,171,48,1497
18674,179,140,9,1081
18679,181,171,36,1115
18682,227,171,25,1380
18692,188,140,36,1159
18694,178,140,32,1096
18699,153,109,30,945
18721,149,109,30,921
18723,265,187,7,1591
18735,221,171,32,1352
18737,209,156,41,1290
18740,191,140,35,1178
18747,141,93,19,858
18764,199,140,35,1224
18770,195,140,38,1203
18784,171,124,35,1057
18799,221,171,29,1353
18810,202,140,33,1242
18823,213,156,39,1314
18844,183,140,37,1132
18846,197,156,36,1216
18852,191,140,34,1177
18861,173,140,36,1067
18866,170,140,37,1051
18883,238,171,43,1468
18884,242,187,21,1469
18900,198,156,34,1219
18901,212,156,42,1312
18908,123,78,21,756
18913,214,187,41,1319
18919,208,140,39,1282
18920,221,171,37,1359
18935,211,156,37,1300
18937,231,218,44,1426
18947,133,93,19,814
18961,190,140,33,1169
18962,153,124,26,942
18967,172,124,28,1057
18971,131,109,27,811
18982,179,124,35,1106
18987,186,140,28,1139
18992,160,109,35,989
18994,218,171,42,1344
18999,214,156,40,1318
19003,222,203,44,1370
19020,140,109,20,858
19024,232,171,38,1425
19038,175,124,34,1077
19041,201,156,33,1238
19042,226,156,42,1393
19077,143,109,31,887
19096,196,140,33,1206
19101,167,124,26,1021
19108,161,109,26,991
19109,143,109,16,872
19139,164,109,18,996
19140,172,140,31,1059
19147,211,156,36,1298
19156,228,218,33,1398
19166,209,156,27,1277
19182,228,156,38,1403
19183,147,109,31,910
19200,149,156,34,926
19202,192,140,36,1183
19211,162,124,29,996
19230,136,93,28,844
19231,189,140,31,1161
19263,152,109,28,937
19265,126,94,21,776
19286,134,95,20,820
19287,182,140,35,1121
19289,207,140,20,1257
19290,195,156,38,1201
19299,223,171,36,1370
19300,207,203,39,1277
19301,174,124,14,1057
19303,236,156,40,1452
19304,202,140,32,1238
19307,218,171,41,1345
19319,224,171,39,1379
19345,204,171,42,1259
19352,239,156,20,1448
19360,138,93,27,852
19367,174,124,36,1075
19368,116,78,10,704
19372,207,156,42,1278
19376,252,187,38,1547
19380,200,140,32,1229
19392,220,171,44,1357
19395,170,124,37,1055
19396,165,125,30,1017
19406,256,187,34,1565
19415,157,109,18,956
19421,135,93,23,832
19439,205,156,9,1237
19457,263,187,36,1611
19460,161,124,33,999
19461,263,234,41,1613
19467,189,140,38,1168
19502,202,140,21,1228
19506,136,93,17,832
19539,178,140,14,1076
19548,205,156,41,1270
19568,185,140,36,1143
19578,208,156,32,1275
19581,240,171,39,1473
19582,226,203,46,1400
19584,136,93,23,835
19587,231,171,47,1430
19593,179,140,32,1103
19594,210,156,30,1285
19596,232,171,48,1436
19612,231,171,18,1397
19624,210,156,38,1292
19630,189,140,37,1167
19644,238,187,45,1469
19664,165,124,19,1005
19669,220,171,42,1358
19672,164,109,3,987
19678,276,219,48,1700
19682,185,124,40,1145
19684,162,124,16,985
19685,266,187,8,1596
19693,207,156,41,1280
19699,183,140,18,1112
19706,161,124,28,990
19707,203,140,38,1250
19719,144,109,7,869
19736,191,140,39,1181
19743,254,234,10,1529
19744,221,156,25,1345
19747,175,124,38,1083
19758,238,156,21,1443
19760,205,218,41,1268
19762,249,187,39,1529
19782,136,93,27,842
19786,73,46,3,438
19787,191,140,39,1179
19794,281,187,9,1691
19810,164,124,15,998
19813,161,124,8,970
19823,216,218,39,1330
19824,220,171,39,1356
19826,218,171,46,1351
19827,223,203,44,1377
19833,158,109,25,967
19838,177,124,37,1094
19865,153,109,34,947
19868,180,140,36,1112
19875,244,171,45,1505
19876,244,171,45,1505
19879,199,140,42,1232
19895,193,140,24,1181
19898,213,156,42,1316
19910,198,156,41,1223
19911,184,140,42,1140
19912,195,171,44,1206
19917,207,156,38,1276
19924,174,140,30,1071
19936,203,140,36,1251
19941,241,187,50,1492
19946,185,140,38,1141
19963,169,140,30,1041
19967,186,140,37,1148
19977,206,156,38,1267
19987,198,140,42,1225
19988,203,156,36,1248
19990,186,140,35,1147
19991,213,171,39,1311
20000,125,93,25,771
20001,212,156,39,1306
20006,190,156,39,1174
20011,172,124,30,1059
20012,179,171,37,1107
20021,300,218,48,1843
20039,218,172,40,1345
20040,138,93,7,832
20048,185,124,38,1142
20056,192,140,37,1184
20064,167,124,7,1006
20077,181,171,34,1116
20088,222,156,40,1367
20112,221,171,45,1365
20121,222,171,40,1369
20126,112,78,17,685
20132,230,156,34,1409
20133,195,140,40,1204
20136,211,156,34,1295
20157,179,140,38,1106
20161,173,124,33,1067
20168,295,234,46,1811
20169,217,156,12,1310
20172,196,156,38,1212
20174,163,124,31,1006
20180,177,140,29,1088
20204,177,140,33,1089
20205,172,124,37,1062
20212,212,156,38,1305
20215,193,140,37,1189
20221,196,156,38,1211
20237,295,218,48,1812
20239,273,203,47,1677
20240,146,109,28,901
20245,154,156,31,951
20247,283,203,46,1738
20300,157,109,31,971
20311,183,140,31,1127
20337,187,156,32,1151
20351,127,93,15,774
20360,225,171,26,1375
20363,166,124,33,1026
20369,158,109,36,980
20384,141,109,30,872
20389,213,156,26,1298
20419,182,140,32,1121
20422,181,140,34,1116
20431,170,124,34,1051
20437,137,109,30,846
20438,161,124,33,997
20447,146,109,29,902
20455,189,171,34,1166
20471,143,109,30,883
20486,170,125,35,1051
20488,193,156,35,1187
20502,170,124,34,1052
20520,189,171,37,1169
20529,239,171,40,1469
20532,195,140,34,1203
20539,206,156,37,1270
20556,172,125,34,1064
20558,227,171,43,1404
20562,256,203,9,1541
20565,174,140,35,1073
20566,236,171,44,1459
20568,219,156,37,1347
20575,204,156,35,1255
20583,179,124,16,1089
20588,210,156,39,1295
20594,191,156,37,1180
20607,167,109,30,1031
20613,161,124,33,998
20625,193,140,4,1160
20627,141,109,19,859
20630,194,156,42,1205
20648,183,140,36,1133
20650,185,140,34,1141
20658,186,140,20,1132
20667,254,187,8,1527
20670,158,140,31,976
20671,209,156,36,1287
20677,208,171,36,1284
20682,188,140,36,1160
20695,199,171,36,1228
20696,218,171,39,1343
20702,216,156,42,1336
20718,165,124,29,1015
20719,209,172,36,1287
20725,250,203,44,1542
20732,184,140,14,1114
20733,137,95,4,823
20736,256,187,45,1577
20748,153,109,18,934
20751,195,249,39,1208
20754,200,156,37,1236
20762,217,156,40,1340
20763,199,203,38,1229
20765,261,203,43,1603
20769,176,140,25,1078
20770,109,78,6,659
20772,227,171,37,1397
20783,152,124,26,933
20790,190,140,34,1171
20791,216,156,39,1334
20797,170,124,19,1032
20799,190,140,38,1175
20808,212,156,39,1308
20829,162,124,29,997
20832,209,156,40,1293
20840,234,187,36,1438
20845,146,109,32,903
20871,223,187,41,1378
20877,180,140,37,1114
20880,228,171,41,1406
20881,234,203,40,1438
20892,190,140,30,1169
20897,207,156,34,1274
20914,197,171,21,1199
20928,217,156,38,1334
20929,132,93,18,807
20932,189,140,31,1165
20933,196,156,36,1210
20954,236,171,39,1449
20957,260,187,48,1605
20965,231,172,19,1400
20966,234,171,40,1439
20995,126,94,11,765
20996,158,109,30,976
20997,162,125,31,1001
20999,170,140,32,1051
21002,175,140,33,1078
21012,193,156,39,1194
21025,158,124,31,978
21032,139,109,27,857
21070,244,187,26,1488
21072,238,171,48,1472
21076,152,109,31,942
21077,198,171,25,1208
21079,196,140,36,1209
21090,226,171,43,1394
21091,163,124,32,1006
21096,167,124,27,1026
21108,171,124,21,1041
21116,124,93,8,749
21131,197,156,34,1210
21142,261,218,10,1573
21144,134,109,23,824
21147,172,124,28,1057
21151,213,187,45,1319
21169,174,124,23,1061
21182,183,124,36,1131
21185,137,93,17,837
21191,174,140,14,1058
21209,134,93,26,825
21212,145,93,26,893
21215,175,124,35,1081
21258,139,93,14,842
21260,143,93,17,872
21261,178,124,13,1079
21265,222,171,37,1367
21266,188,140,24,1148
21287,229,171,16,1389
21291,231,187,45,1426
21294,225,171,42,1388
21296,180,124,19,1091
21297,194,140,21,1182
21312,258,187,8,1553
21320,193,140,42,1196
21324,228,171,23,1386
21325,171,124,12,1032
21329,175,140,21,1065
21332,169,125,35,1049
21339,197,140,40,1219
21345,199,156,36,1228
21349,177,156,37,1095
21375,127,93,16,777
21386,146,94,20,893
21394,217,156,39,1335
21396,204,171,36,1259
21402,173,124,33,1066
21414,151,109,34,935
21425,167,124,35,1033
21428,136,93,24,837
21432,210,156,28,1285
21437,133,93,24,819
21440,159,109,35,984
21445,188,140,40,1165
21448,139,93,18,852
21453,156,109,27,962
21465,127,109,24,782
21469,173,140,37,1072
21473,116,78,21,715
21475,161,140,24,988
21476,148,109,27,911
21483,148,109,28,912
21484,207,140,26,1267
21486,181,140,35,1118
21497,178,124,15,1081
21507,190,140,27,1165
21509,171,140,37,1061
21510,188,140,34,1160
21517,176,140,31,1084
21540,199,156,36,1229
21541,148,109,26,911
21546,211,156,39,1303
21571,193,187,30,1186
21587,75,62,2,452
21588,184,124,19,1113
21589,145,93,30,896
21593,228,171,47,1411
21595,174,124,12,1054
21597,166,124,37,1027
21601,153,109,36,948
21609,184,141,33,1134
21611,175,140,34,1080
21612,144,93,31,890
21647,145,109,10,875
21665,169,124,19,1028
21672,159,109,32,982
21674,192,156,31,1181
21676,163,140,29,1003
21677,188,156,37,1163
21722,135,109,27,833
21724,143,109,31,885
21734,181,140,31,1113
21741,157,109,29,970
21744,123,93,23,757
21761,182,140,28,1118
21771,220,156,45,1360
21773,198,187,43,1225
21778,239,187,43,1474
21783,160,109,34,991
21786,224,187,40,1381
21793,184,140,22,1125
21799,272,203,8,1633
21804,256,218,52,1583
21808,220,156,42,1356
21813,249,187,44,1533
21829,138,93,12,837
21830,204,140,31,1252
21831,182,124,32,1121
21847,166,124,23,1016
21863,179,140,35,1105
21874,275,218,54,1699
21878,162,124,33,1002
21886,178,140,27,1093
21891,166,124,32,1024
21914,187,140,38,1157
21923,197,156,35,1211
21934,202,171,40,1247
21940,256,203,53,1582
21941,213,156,20,1295
21943,193,156,45,1196
21948,167,124,14,1013
21951,118,93,25,728
21962,233,171,47,1437
21969,166,125,36,1029
21973,175,124,36,1083
21997,157,124,31,971
22000,203,156,39,1253
22011,111,78,19,682
22018,180,171,37,1113
22019,149,109,30,920
22030,196,156,33,1204
22044,174,172,29,1070
22065,251,187,10,1509
22069,249,187,51,1536
22078,209,156,37,1289
22081,189,156,40,1168
22082,181,140,42,1120
22090,216,156,50,1336
22117,194,156,36,1197
22121,194,156,38,1196
22131,206,171,46,1274
22138,95,78,16,583
22139,139,93,23,855
22145,214,234,42,1320
22146,228,171,49,1410
22148,237,203,46,1462
22161,186,140,39,1148
22169,216,171,42,1335
22172,180,140,32,1108
22174,162,109,29,999
22175,211,156,38,1300
22180,177,125,35,1096
22206,127,93,24,782
22213,212,156,32,1299
22219,120,93,23,741
22223,160,124,31,988
22235,191,140,19,1158
22251,228,156,23,1390
22255,234,171,21,1415
22261,259,187,25,1573
22271,176,124,20,1066
22282,147,93,25,901
22283,188,140,38,1160
22286,265,218,45,1629
22297,180,124,36,1111
22298,162,109,27,997
22305,191,156,41,1180
22312,214,171,44,1318
22313,262,203,44,1610
22315,140,109,14,851
22322,183,124,15,1111
22327,237,171,50,1467
22332,233,171,50,1439
22335,142,109,29,876
22365,194,140,25,1183
22370,132,93,26,814
22378,182,156,37,1123
22381,199,156,20,1212
22394,218,171,36,1338
22396,165,124,29,1014
22409,174,171,31,1071
22410,158,109,12,955
22413,226,171,44,1393
22416,245,249,53,1515
22421,160,124,32,989
22425,217,156,40,1338
22430,158,124,11,956
22432,186,140,38,1149
22433,154,125,30,953
22446,120,93,23,742
22465,204,187,14,1228
22469,181,124,37,1119
22475,191,140,13,1156
22483,235,218,49,1450
22485,124,94,12,752
22499,148,109,17,900
22502,243,187,44,1496
22519,145,109,29,897
22520,227,171,42,1398
22526,159,140,34,984
22540,179,140,31,1101
22541,235,171,42,1450
22546,261,203,54,1612
22549,146,109,28,901
22554,195,140,37,1203
22561,246,187,51,1519
22572,136,93,27,842
22577,169,124,33,1044
22593,152,109,30,941
22609,149,124,28,919
22610,196,156,39,1210
22613,186,124,36,1147
22621,166,124,33,1025
22633,292,218,56,1801
22636,301,234,59,1859
22661,183,140,35,1129
22677,230,171,42,1417
22678,172,140,37,1062
22681,162,124,37,1004
22683,199,140,29,1220
22688,146,109,18,890
22694,168,124,37,1041
22704,260,187,51,1605
22706,250,218,46,1543
22713,277,218,52,1708
22715,157,109,24,962
22735,202,156,35,1245
22738,158,109,22,969
22741,153,109,29,945
22744,217,171,44,1341
22745,230,171,8,1382
22746,178,140,29,1093
22748,162,109,33,1000
22763,232,156,47,1429
22764,209,140,17,1265
22769,140,124,20,857
22772,164,125,32,1014
22780,180,124,19,1096
22794,187,140,34,1149
22796,192,140,35,1180
22800,267,200,50,1645
22805,243,187,45,1500
22829,162,109,35,1000
22832,145,93,28,896
22837,152,109,35,940
22843,170,124,34,1051
22851,160,124,28,988
22856,163,109,35,1006
22860,165,124,35,1021
22867,125,93,17,762
22870,257,187,48,1585
22873,230,171,45,1420
22882,150,124,32,929
22888,168,109,5,1008
22889,154,109,10,931
22895,160,124,26,983
22911,220,171,13,1325
22923,250,187,47,1544
22925,163,109,8,982
22927,135,93,27,831
22935,122,93,25,752
22942,184,140,37,1138
22943,204,156,31,1249
22944,189,156,38,1169
22948,191,156,38,1180
22951,262,187,29,1596
22956,212,171,45,1311
22970,226,171,35,1386
22979,183,140,38,1131
22983,127,93,29,787
22986,159,109,27,978
22995,303,218,5,1818
23004,183,140,34,1125
23020,119,93,24,734
23021,222,187,41,1371
23035,212,203,45,1311
23037,220,171,38,1352
23041,172,125,38,1064
23048,138,109,26,850
23051,239,187,43,1471
23054,218,156,25,1329
23073,147,109,29,907
23099,238,187,45,1472
23104,196,140,14,1186
23116,185,140,36,1141
23117,211,156,39,1300
23118,141,109,24,865
23124,224,171,43,1385
23130,157,124,31,968
23135,229,171,14,1385
23136,184,140,36,1136
23142,120,93,26,744
23147,162,125,34,999
23148,131,109,13,795
23154,176,140,29,1083
23156,143,109,30,884
23162,222,171,39,1369
23172,176,140,35,1085
23177,213,156,39,1313
23180,200,156,41,1235
23185,161,124,34,997
23196,122,93,19,745
23203,155,124,30,957
23208,185,124,32,1137
23213,228,171,48,1413
23225,171,124,38,1059
23230,195,140,43,1210
23231,177,124,23,1084
23242,153,109,31,945
23247,182,140,41,1124
23250,185,140,41,1148
23255,91,62,7,551
23261,183,140,36,1129
23264,194,140,36,1194
23265,220,171,47,1364
23267,185,124,35,1139
23273,157,124,33,971
23281,132,93,30,818
23299,169,140,29,1041
23316,150,109,27,926
23321,212,156,44,1314
23331,150,109,35,928
23350,145,109,32,896
23353,239,171,37,1465
23360,213,203,45,1316
23361,163,109,30,1004
23363,123,93,17,753
23371,123,78,21,755
23386,160,140,36,991
23389,174,140,30,1070
23390,242,171,39,1485
23400,245,171,5,1463
23412,142,109,32,881
23416,125,93,5,751
23422,327,249,16,1973
23426,184,140,41,1140
23439,172,124,8,1038
23441,158,109,30,974
23442,224,203,35,1371
23452,150,109,27,921
23466,129,93,27,796
23471,173,124,40,1073
23478,192,171,37,1185
23486,257,187,37,1572
23500,119,93,26,735
23506,194,140,39,1202
23509,154,124,28,951
23519,161,124,32,993
23525,195,156,34,1201
23540,169,124,10,1023
23549,184,140,21,1119
23551,158,124,35,977
23553,187,140,18,1136
23572,147,109,29,909
23592,166,124,32,1026
23600,150,109,31,926
23603,147,109,8,883
23606,181,124,39,1119
23610,175,171,38,1086
23617,235,187,51,1452
23621,160,156,18,975
23631,170,124,37,1051
23633,208,156,38,1282
23634,181,156,37,1115
23650,197,140,43,1218
23652,176,124,36,1090
23657,233,171,44,1441
23658,226,156,14,1368
23660,161,124,27,989
23665,174,124,30,1073
23681,237,171,44,1466
23684,209,171,41,1293
23687,200,140,4,1202
23758,191,140,42,1177
23769,191,140,40,1183
23774,205,156,40,1267
23778,132,93,27,815
23787,146,109,30,905
23791,221,156,7,1324
23808,194,140,40,1197
23814,233,203,37,1429
23817,149,109,34,919
23831,203,156,25,1240
23836,216,156,38,1329
23841,143,109,28,882
23844,160,125,22,980
23850,157,109,31,971
23851,130,93,28,803
23853,71,46,3,426
23860,160,124,20,974
23865,150,109,29,926
23868,202,171,39,1248
23870,184,124,33,1134
23887,226,171,45,1397
23890,172,140,33,1064
23898,216,156,40,1333
23901,151,124,33,934
23907,188,140,36,1164
23912,179,140,35,1109
23921,215,156,41,1328
23943,210,156,39,1295
23950,137,93,28,847
23952,167,140,29,1028
23954,129,93,25,795
23957,109,78,15,667
23969,141,93,5,848
23974,193,140,33,1190
23976,163,156,29,1003
23978,109,78,15,668
23988,185,140,37,1145
23990,147,93,28,908
23991,149,109,17,907
23993,214,171,43,1322
24006,110,78,13,671
24011,178,125,38,1101
24018,201,156,31,1234
24040,175,124,32,1081
24044,173,124,34,1069
24048,205,156,40,1265
24055,226,171,38,1387
24061,221,171,25,1347
24070,166,124,36,1028
24073,229,187,44,1410
24075,139,109,29,859
24090,192,140,40,1188
24096,172,124,37,1063
24101,206,187,25,1258
24108,226,171,24,1375
24114,163,109,28,1003
24119,228,171,13,1373
24125,186,156,11,1126
24132,148,109,28,911
24142,157,93,28,967
24149,153,109,32,947
24151,177,140,35,1094
24170,192,140,34,1185
24174,188,124,36,1160
24177,208,156,40,1283
24200,141,109,27,869
24208,157,109,19,953
24213,165,124,35,1022
24234,246,187,46,1513
24242,209,140,45,1292
24256,192,140,31,1179
24258,202,156,37,1244
24259,179,140,40,1110
24264,143,109,17,872
24283,147,109,18,897
24285,198,156,42,1226
24294,175,124,20,1063
24299,163,109,29,1005
24315,171,140,31,1056
24325,185,140,7,1110
24327,147,93,29,906
24332,185,140,31,1140
24352,186,140,39,1151
24360,185,140,32,1139
24361,215,156,42,1325
24367,190,140,36,1172
24370,194,140,34,1194
24376,136,109,28,837
24382,200,140,35,1230
24388,174,124,19,1055
24391,131,124,26,810
24400,187,140,35,1151
24402,254,187,29,1548
24413,212,156,41,1306
24416,181,124,35,1116
24426,252,203,40,1548
24428,206,140,43,1275
24435,153,109,31,943
24436,148,124,25,909
24446,185,203,32,1141
24454,141,109,27,870
24457,200,140,41,1233
24466,188,140,37,1160
24471,162,124,34,1002
24492,173,124,31,1067
24497,174,140,33,1075
24499,204,156,43,1260
24504,159,124,33,984
24508,151,109,18,917
24514,172,109,17,1042
24515,206,156,41,1271
24526,204,156,34,1256
24539,201,156,19,1221
24540,228,171,13,1379
24543,212,156,37,1306
24549,190,156,37,1170
24554,206,156,38,1270
24570,211,156,35,1296
24574,187,140,39,1155
24578,176,124,31,1081
24581,181,140,24,1106
24605,152,109,34,943
24634,148,109,33,916
24635,190,140,36,1172
24647,155,109,14,939
24648,194,140,38,1198
24653,234,171,45,1444
24674,195,140,33,1198
24680,164,124,20,1002
24681,216,156,45,1336
24693,250,203,11,1509
24700,181,140,37,1117
24725,130,93,29,806
24726,174,140,39,1080
24733,144,109,30,889
24737,222,156,8,1328
24746,213,171,45,1318
24751,145,93,32,897
24754,233,171,42,1439
24759,230,171,44,1421
24760,191,140,44,1183
24769,161,124,30,992
24776,204,156,7,1229
24788,222,156,22,1353
24794,260,203,46,1603
24799,152,109,36,940
24802,162,156,25,993
24805,293,234,51,1806
24811,227,171,24,1383
24834,253,218,10,1526
24835,156,109,16,949
24848,132,93,28,814
24855,166,140,40,1027
24856,157,109,32,970
24859,183,140,40,1131
24860,132,109,25,813
24865,240,171,13,1445
24868,214,187,45,1321
24878,190,140,37,1176
24879,182,140,36,1123
24886,229,171,23,1393
24923,202,156,41,1249
24934,155,124,32,959
24942,203,140,15,1231
24945,146,109,24,899
24950,245,171,5,1472
24959,178,124,28,1093
24964,267,203,48,1647
24966,248,218,48,1533
24971,231,187,43,1427
24998,190,578,35,1173
25001,159,109,14,965
25023,211,156,26,1289
25024,186,140,38,1151
25037,196,156,39,1211
25047,214,156,36,1315
25050,172,124,22,1051
25055,180,140,35,1113
25067,157,124,30,968
25071,223,171,47,1376
25074,183,124,16,1107
25084,216,171,45,1333
25086,184,140,37,1135
25105,168,140,35,1040
25113,148,109,28,911
25119,178,140,33,1099
25123,202,156,42,1247
25129,64,46,3,384
25134,158,124,26,968
25138,185,140,37,1145
25145,226,187,46,1395
25162,175,140,35,1082
25164,210,156,43,1299
25195,166,124,31,1025
25209,209,171,9,1259
25210,166,124,5,998
25216,199,140,34,1223
25223,155,109,31,955
25249,220,171,43,1360
25276,193,140,37,1193
25287,187,140,35,1156
25290,207,171,36,1277
25298,199,156,34,1225
25316,205,156,41,1266
25322,165,124,18,1007
25340,199,156,41,1232
25357,201,140,40,1244
25363,246,203,47,1518
25368,258,187,49,1591
25373,144,109,27,890
25374,212,203,38,1310
25377,173,140,34,1067
25392,182,171,39,1126
25404,173,124,27,1062
25409,260,203,49,1604
25424,217,156,43,1337
25439,152,124,34,943
25440,185,140,32,1141
25446,190,140,23,1158
25452,175,124,33,1082
25457,180,140,37,1114
25471,183,125,39,1129
25473,261,203,47,1607
25500,248,187,24,1508
25514,85,62,4,514
25518,245,328,26,1491
25531,204,156,39,1258
25533,135,93,27,834
25536,217,218,40,1337
25538,141,109,29,872
25540,174,124,20,1056
25542,173,124,29,1065
25546,158,109,35,979
25553,144,109,26,889
25555,199,140,41,1231
25557,196,140,41,1207
25572,213,156,45,1319
25573,199,140,12,1203
25582,215,171,47,1327
25584,163,109,29,1006
25593,155,140,36,957
25605,137,93,26,847
25612,199,171,16,1204
25616,169,124,36,1042
25617,176,125,35,1087
25618,239,171,24,1453
25619,151,109,28,931
25634,163,124,28,1006
25640,111,78,24,689
25641,194,171,36,1195
25651,203,156,38,1252
25657,178,124,33,1097
25658,180,140,25,1100
25671,146,109,8,879
25703,206,156,44,1274
25707,186,140,38,1148
25712,180,140,30,1110
25713,133,93,27,824
25727,229,171,42,1414
25736,210,140,39,1293
25745,199,156,34,1224
25770,208,156,40,1285
25789,168,140,35,1038
25810,151,109,16,916
25811,246,187,8,1473
25820,167,125,20,1015
25827,183,140,37,1131
25833,186,140,36,1148
25844,243,187,45,1502
25861,269,218,50,1659
25865,188,156,40,1161
25877,181,140,34,1117
25879,174,124,21,1058
25885,168,124,18,1023
25887,207,171,41,1277
25889,186,140,21,1133
25890,154,109,35,955
25895,196,140,33,1205
25896,189,156,34,1164
25903,196,156,35,1210
25905,197,156,35,1215
25908,184,140,20,1121
25909,137,93,17,835
25915,217,171,41,1339
25928,174,140,17,1058
25938,192,140,33,1182
25945,206,156,40,1272
25948,210,156,38,1295
25950,215,171,25,1310
25952,193,140,37,1192
25956,173,140,29,1065
25984,190,140,41,1176
26000,216,171,45,1334
26005,208,156,41,1284
26010,225,172,40,1388
26014,152,109,33,939
26016,145,140,32,897
26026,126,78,22,777
26033,176,140,23,1078
26037,169,109,37,1044
26039,249,203,46,1538
26046,172,124,8,1038
26072,145,109,7,871
26073,282,234,51,1743
26079,216,156,46,1333
26083,173,124,29,1065
26088,146,109,35,906
26090,160,125,38,990
26096,203,140,22,1234
26104,242,187,44,1496
26117,183,140,26,1120
26124,236,187,44,1459
26161,176,156,15,1069
26171,190,125,31,1168
26172,238,171,43,1470
26175,131,109,7,792
26178,197,140,26,1202
26180,227,171,29,1387
26187,145,109,17,882
26194,169,140,31,1044
26200,173,124,37,1069
26219,147,140,14,894
26227,208,156,39,1284
26229,198,140,25,1210
26232,223,171,43,1378
26235,206,156,44,1272
26243,264,203,51,1630
26255,156,124,37,968
26257,225,171,45,1390
26263,193,140,12,1167
26265,188,140,39,1163
26273,129,93,28,798
26310,217,406,28,1328
26325,131,93,28,811
26333,178,140,37,1100
26350,146,124,34,903
26365,224,171,31,1367
26366,199,140,29,1220
26371,162,125,32,999
26389,101,78,5,607
26403,217,203,19,1316
26406,227,187,31,1389
26408,124,93,30,769
26412,189,140,39,1168
26413,190,140,31,1168
26414,186,140,39,1150
26424,258,203,48,1592
26440,140,109,31,866
26447,195,156,38,1203
26448,195,156,36,1201
26470,246,187,46,1518
26474,194,140,15,1173
26475,172,124,34,1063
26478,233,187,38,1434
26484,199,140,28,1217
26485,146,109,27,902
26495,142,93,17,864
26500,223,171,19,1350
26518,217,187,38,1337
26532,201,140,40,1244
26539,246,187,46,1518
26543,205,156,44,1267
26549,201,156,32,1232
26555,192,156,29,1178
26570,206,156,43,1274
26572,213,171,41,1316
26578,188,140,37,1159
26580,190,156,20,1153
26588,260,203,45,1602
26591,131,93,8,790
26600,210,156,39,1296
26606,252,187,14,1523
26616,146,109,16,888
26619,172,124,37,1064
26630,171,109,18,1040
26636,159,124,30,980
26638,146,140,18,893
26640,270,187,50,1668
26643,168,109,22,1030
26648,198,156,39,1224
26649,215,171,37,1325
26680,191,140,42,1181
26686,183,140,39,1131
26697,167,124,35,1032
26710,162,125,37,1000
26718,181,140,34,1116
26719,206,156,32,1261
26724,178,140,35,1099
26726,162,140,31,1002
26730,232,171,49,1436
26734,147,109,16,897
26740,171,124,14,1037
26746,240,171,49,1486
26753,183,140,34,1128
26757,211,156,26,1287
26769,195,140,41,1207
26785,220,171,43,1362
26801,330,265,59,2037
26804,108,78,26,668
26811,256,203,12,1544
26812,280,218,54,1730
26820,204,156,35,1257
26824,228,171,43,1407
26831,163,124,16,990
26837,205,156,39,1265
26841,217,156,39,1337
26845,246,187,46,1520
26848,214,156,36,1318
26853,136,93,30,839
26862,248,187,47,1531
26864,138,93,28,854
26884,145,109,29,897
26886,183,140,33,1131
26890,155,124,33,955
26891,241,171,46,1490
26893,150,109,34,928
26897,137,109,24,845
26903,242,218,44,1494
26907,189,171,36,1168
26913,196,140,37,1210
26921,207,156,34,1268
26927,279,218,54,1725
26941,161,124,34,996
26951,218,171,40,1346
26955,225,171,45,1392
26968,177,140,36,1094
26971,208,156,40,1284
26974,177,140,34,1090
26994,177,140,34,1091
26997,223,156,25,1360
27010,136,109,25,841
27018,165,124,37,1021
27029,145,93,7,871
27032,220,187,45,1362
27040,152,109,34,939
27041,190,140,37,1172
27045,126,78,18,769
27046,162,109,18,985
27061,173,109,37,1068
27073,198,156,34,1215
27076,273,187,12,1647
27080,143,124,31,885
27090,213,171,44,1318
27094,162,108,33,1001
27096,165,124,33,1019
27110,214,156,35,1317
27118,224,156,41,1382
27135,201,156,39,1242
27173,156,109,34,961
27176,180,140,38,1114
27177,183,124,24,1120
27180,123,93,27,763
27205,217,156,39,1339
27220,204,140,25,1249
27240,123,93,23,760
27246,147,109,27,908
27255,176,156,34,1088
27257,192,156,19,1168
27259,180,140,28,1104
27267,195,140,24,1193
27272,177,125,34,1093
27276,207,171,34,1274
27277,131,93,21,807
27284,194,140,37,1197
27289,196,140,39,1208
27297,70,46,3,421
27300,165,125,35,1019
27302,141,109,28,870
27309,180,124,35,1113
27318,130,124,30,805
27323,194,156,37,1198
27349,197,140,36,1214
27356,190,140,33,1168
27367,211,156,42,1307
27375,174,124,18,1057
27378,151,109,26,931
27406,201,171,38,1239
27409,168,140,16,1018
27411,177,124,25,1086
27422,204,140,7,1230
27429,157,124,31,970
27436,138,109,23,850
27439,142,109,21,866
27441,183,140,33,1126
27443,195,156,38,1204
27464,190,140,38,1171
27487,134,109,26,829
27519,231,171,40,1421
27525,150,109,29,925
27537,204,156,38,1254
27539,188,156,38,1161
27543,177,125,28,1088
27547,166,156,34,1029
27552,221,187,42,1362
27553,198,156,39,1221
27556,157,124,27,968
27560,187,156,39,1155
27564,188,156,35,1160
27572,208,156,40,1284
27587,261,187,14,1574
27595,160,124,31,987
27601,195,156,38,1203
27612,235,171,46,1454
27613,148,109,24,910
27641,171,124,30,1053
27655,217,156,40,1338
27656,249,187,14,1497
27660,152,109,31,938
27662,240,187,46,1484
27666,196,171,40,1210
27677,190,156,37,1172
27682,202,140,45,1252
27697,207,156,40,1274
27705,156,124,15,947
27706,189,140,33,1162
27714,213,156,45,1319
27717,199,156,43,1233
27722,190,156,36,1171
27728,192,140,38,1183
27732,158,109,33,972
27742,190,140,38,1172
27759,226,171,39,1392
27760,156,109,26,960
27763,240,187,50,1486
27783,245,187,42,1509
27787,174,140,35,1076
27795,204,140,25,1246
27818,129,93,24,797
27830,159,156,31,982
27909,204,140,40,1263
27925,179,124,31,1101
27939,64,46,3,385
27948,177,140,36,1096
27952,143,93,26,882
27954,178,140,36,1098
27961,178,124,17,1079
27968,121,78,12,737
27975,181,156,32,1114
27980,183,140,33,1126
28003,188,156,39,1161
28006,202,156,35,1245
28015,167,140,35,1032
28020,225,171,46,1393
28032,152,109,18,925
28045,230,171,39,1415
28056,221,156,40,1361
28067,226,156,38,1389
28075,259,187,13,1562
28086,191,156,18,1158
28108,146,109,27,901
28114,197,171,39,1214
28122,152,140,34,941
28126,140,93,31,867
28129,202,156,40,1251
28131,162,124,28,996
28153,223,187,47,1381
28155,149,109,32,922
28163,110,78,13,671
28165,221,156,34,1353
28174,136,109,29,842
28175,194,124,11,1172
28194,207,140,38,1275
28204,160,109,26,985
28247,167,124,8,1009
28269,263,203,9,1584
28272,197,156,41,1220
28276,212,156,41,1304
28278,131,93,17,800
28289,156,140,35,967
28291,173,124,28,1061
28301,185,124,16,1122
28305,220,171,42,1358
28325,245,187,43,1506
28326,159,140,35,985
28330,243,171,42,1495
28333,215,171,41,1327
28335,186,140,21,1135
28341,190,140,17,1154
28344,214,187,42,1317
28354,174,124,27,1068
28359,220,171,40,1356
28360,171,125,38,1056
28361,188,140,30,1151
28362,149,109,30,923
28363,189,140,27,1158
28368,191,140,46,1181
28372,249,203,46,1536
28373,137,109,28,847
28392,145,93,26,895
28393,162,124,31,999
28412,197,156,38,1218
28423,158,124,16,962
28430,278,218,49,1714
28439,143,109,30,884
28445,244,187,39,1498
28446,224,156,24,1367
28448,224,187,40,1382
28490,259,203,45,1596
28495,162,124,31,1002
28500,225,171,40,1386
28501,189,140,39,1170
28503,218,171,43,1347
28513,194,156,37,1198
28526,190,140,36,1172
28538,256,203,42,1576
28541,227,187,41,1400
28544,214,171,38,1318
28555,145,109,25,894
28574,241,203,24,1469
28591,138,109,28,854
28596,180,124,24,1101
28607,172,124,29,1054
28611,128,109,26,793
28612,205,171,38,1266
28626,249,203,44,1535
28633,235,171,27,1431
28642,253,203,45,1560
28655,184,124,7,1107
28656,212,171,38,1308
28658,112,78,23,693
28677,144,156,35,892
28678,211,171,40,1304
28684,149,125,34,922
28686,174,124,38,1075
28691,160,109,37,990
28708,150,109,6,905
28709,175,140,28,1074
28713,179,124,27,1097
28718,190,140,39,1175
28722,239,187,24,1453
28729,202,140,45,1250
28731,245,187,36,1505
28756,198,156,31,1212
28772,226,156,34,1388
28776,167,109,17,1015
28779,175,140,33,1080
28780,153,109,24,940
28784,144,140,25,886
28792,141,124,21,861
28795,111,93,28,688
28799,160,140,38,990
28803,170,140,37,1053
28807,222,156,37,1364
28809,105,93,23,651
28826,201,156,17,1219
28836,230,171,41,1416
28837,152,109,31,942
28842,246,187,41,1511
28843,160,124,17,976
28878,190,156,38,1175
28879,227,171,42,1401
28888,149,109,27,918
28891,195,156,7,1172
28900,133,109,29,824
28904,166,124,32,1025
28906,244,187,23,1486
28920,223,187,38,1372
28934,175,140,27,1075
28935,226,171,11,1363
28970,156,109,30,966
28972,136,93,25,841
28975,127,93,23,782
28984,184,156,38,1138
28988,128,109,30,792
28998,119,93,24,735
29001,207,156,13,1247
29006,151,125,31,934
29007,221,156,11,1332
29010,182,140,33,1125
29040,258,218,44,1587
29046,175,124,17,1062
29050,142,93,27,875
29056,141,93,34,873
29059,157,124,34,969
29061,128,93,22,784
29072,137,109,33,847
29082,221,156,23,1346
29093,168,124,25,1029
29101,145,109,30,897
29152,116,93,20,713
29156,218,187,12,1319
29158,140,124,27,867
29163,114,78,20,702
29168,170,156,38,1051
29170,116,93,16,708
29222,163,124,33,1007
29231,224,171,37,1376
29236,147,124,36,911
29243,160,125,18,975
29244,131,109,25,811
29249,152,109,35,941
29260,179,125,39,1105
29263,178,124,40,1099
29278,118,78,13,719
29279,143,109,27,884
29292,169,124,32,1045
29303,164,140,35,1014
29314,172,124,33,1063
29325,94,78,5,565
29345,190,406,40,1174
29350,154,109,30,951
29360,163,109,13,986
29372,140,109,31,866
29395,151,109,30,933
29396,222,171,9,1336
29401,211,156,33,1292
29408,166,109,31,1024
29410,189,140,40,1169
29416,172,124,8,1037
29419,159,140,33,983
29423,154,109,28,949
29426,174,124,32,1074
29433,180,140,19,1095
29464,197,156,37,1217
29477,167,124,38,1036
29484,183,125,30,1123
29496,148,124,31,913
29497,223,171,12,1346
29514,146,109,28,903
29520,176,156,36,1088
29540,176,562,35,1086
29543,221,171,46,1367
29545,250,203,52,1548
29546,276,218,54,1705
29559,191,140,39,1181
29564,139,109,28,861
29570,140,93,30,863
29577,161,124,38,995
29584,139,109,26,857
29585,204,171,11,1231
29596,164,124,33,1014
29615,203,156,36,1247
29619,148,109,32,918
29627,196,140,13,1181
29635,129,93,25,797
29644,189,156,32,1161
29663,160,140,29,985
29665,161,124,38,996
29668,93,62,13,569
29671,256,187,21,1553
29682,147,109,29,907
29696,224,156,33,1369
29699,252,187,36,1545
29701,182,140,42,1130
29709,220,156,13,1328
29718,193,140,16,1170
29721,194,140,8,1167
29735,152,109,28,938
29741,209,171,23,1272
29761,158,124,15,960
29779,223,187,43,1378
29801,193,140,27,1181
29807,221,156,27,1349
29813,268,203,36,1639
29823,167,187,12,1009
29826,168,140,35,1040
29841,188,140,43,1165
29842,217,171,40,1340
29845,166,124,35,1027
29849,162,124,38,1002
29851,192,156,43,1185
29853,252,203,19,1526
29858,206,156,34,1266
29864,226,187,41,1394
29883,236,171,19,1432
29892,111,93,27,687
29898,155,109,34,958
29913,187,140,20,1138
29914,202,156,25,1234
29923,196,156,40,1210
29926,182,140,38,1124
29936,163,124,37,1006
29937,165,109,33,1019
29938,212,156,41,1308
29949,172,124,35,1064
29952,141,109,26,870
29973,163,124,28,1002
29977,171,140,36,1059
29978,214,156,32,1310
29981,109,78,16,665
29987,134,109,25,825
29990,186,140,37,1149
29995,257,218,12,1552
30002,246,187,37,1508
30012,206,156,37,1269
30018,252,203,22,1527
30030,209,156,19,1267
30034,218,171,36,1339
30037,236,171,43,1458
30067,242,187,19,1466
30077,250,187,15,1511
30086,249,187,19,1509
30088,150,109,20,916
30091,246,187,32,1504
30117,171,124,36,1055
30134,164,124,32,1012
30136,150,125,33,931
30162,173,156,33,1069
30171,264,203,9,1589
30190,189,140,16,1148
30206,204,156,40,1259
30223,163,109,26,1002
30239,206,156,39,1272
30250,215,171,38,1328
30258,159,109,7,957
30259,249,203,45,1536
30267,189,156,33,1165
30268,183,140,24,1119
30276,270,187,49,1666
30278,178,124,30,1095
30285,205,157,34,1262
30301,165,118,30,1017
30307,176,140,33,1086
30311,201,156,38,1243
30323,138,109,24,849
30325,206,156,26,1258
30327,190,140,37,1174
30350,235,171,45,1453
30356,263,218,33,1606
30386,174,124,33,1075
30387,225,156,42,1390
30391,223,171,28,1362
30395,186,140,37,1148
30400,162,109,28,997
30403,242,187,20,1469
30409,106,78,22,654
30414,227,171,10,1368
30424,246,187,31,1502
30427,116,78,23,716
30433,179,156,31,1102
30434,170,124,35,1051
30435,278,203,14,1678
30445,240,187,46,1481
30482,191,140,35,1179
30486,180,156,33,1111
30487,171,140,31,1052
30497,194,171,37,1199
30499,181,140,14,1093
30502,181,124,16,1100
30506,195,140,26,1192
30516,195,156,26,1192
30517,150,109,27,926
30527,135,93,26,834
30528,91,78,6,550
30554,133,124,13,810
30558,198,171,24,1209
30591,150,124,20,918
30601,166,124,34,1028
30605,211,187,29,1289
30619,197,156,33,1212
30637,256,234,38,1569
30651,152,93,28,940
30654,188,140,17,1139
30659,195,187,34,1202
30678,172,124,34,1063
30686,214,187,43,1320
30689,154,124,30,952
30696,236,171,34,1446
30707,205,156,33,1261
30709,145,109,31,896
30713,170,124,38,1053
30720,222,171,42,1372
30724,116,93,20,715
30727,167,124,38,1031
30736,185,140,36,1142
30739,111,93,21,686
30743,189,171,27,1160
30749,152,124,24,933
30769,236,187,13,1424
30783,145,109,27,895
30787,191,124,29,1167
30791,228,171,39,1405
30804,147,109,13,890
30839,183,140,32,1127
30844,188,171,32,1154
30877,193,156,39,1193
30892,170,125,33,1049
30901,169,156,33,1042
30903,159,109,29,979
30906,142,109,28,878
30910,160,109,32,990
30917,191,156,36,1175
30932,172,124,31,1061
30950,194,156,36,1194
30984,146,124,28,902
30994,149,109,30,922
30999,192,156,29,1178
31006,109,78,16,665
31036,176,124,34,1087
31051,159,124,32,984
31063,183,140,29,1121
31071,181,140,38,1116
31085,189,140,19,1151
31086,152,109,27,935
31087,198,187,35,1220
31102,198,156,41,1223
31105,218,171,43,1346
31106,196,140,37,1210
31107,175,140,40,1081
31109,182,125,36,1125
31110,194,156,40,1202
31112,190,140,39,1176
31129,130,93,23,802
31148,197,156,26,1203
31160,151,109,34,937
31193,209,171,40,1287
31204,195,140,8,1173
31212,173,124,31,1064
31213,156,140,33,965
31236,156,124,35,966
31238,207,171,41,1280
31239,181,140,38,1122
31240,259,187,34,1583
31246,203,140,42,1257
31248,202,156,40,1249
31264,218,171,38,1340
31273,179,359,37,1107
31278,128,93,30,795
31288,145,109,29,896
31295,230,203,15,1391
31298,156,109,32,966
31300,190,140,37,1175
31303,157,109,30,969
31318,144,93,29,892
31319,181,124,34,1118
31335,254,203,47,1567
31336,237,171,20,1441
31337,182,140,35,1125
31342,173,140,20,1056
31352,210,156,44,1296
31357,187,156,37,1153
31362,160,124,32,990
31378,206,156,10,1244
31398,84,62,2,504
31406,213,156,26,1300
31408,194,140,33,1191
31410,168,109,29,1030
31418,235,171,37,1442
31432,161,124,19,978
31433,97,62,16,594
31436,201,156,8,1210
31451,189,140,29,1158
31468,180,124,36,1114
31473,172,140,33,1063
31478,163,124,33,1009
31482,201,140,32,1234
31486,186,171,38,1150
31490,244,187,13,1473
31494,129,109,26,794
31498,153,124,32,948
31502,222,156,27,1355
31508,118,78,3,711
31534,158,124,8,951
31541,240,171,12,1445
31543,128,109,26,791
31559,241,203,36,1476
31560,132,93,5,792
31562,235,187,27,1433
31575,203,156,38,1255
31578,123,93,25,761
31598,248,187,42,1523
31617,133,109,29,823
31627,202,156,39,1247
31637,126,109,28,780
31648,125,93,23,768
31682,239,187,47,1474
31683,142,109,32,880
31690,178,140,36,1102
31696,202,156,38,1247
31697,92,78,16,564
31714,241,187,45,1488
31715,193,140,36,1191
31718,132,109,32,819
31722,180,140,36,1111
31730,227,171,35,1390
31738,232,187,24,1411
31761,218,187,44,1347
31764,189,140,34,1165
31785,199,156,29,1214
31790,162,124,24,990
31801,192,140,37,1186
31804,135,93,25,829
31815,201,156,39,1241
31837,142,109,33,881
31839,213,156,17,1293
31860,261,203,18,1581
31863,147,109,22,901
31866,219,156,20,1333
31870,229,187,18,1390
31876,222,171,40,1367
31893,177,156,36,1094
31902,179,124,36,1107
31908,179,140,14,1083
31912,173,124,39,1069
31914,187,140,38,1156
31916,124,78,18,758
31928,156,124,19,950
31934,167,125,36,1033
31936,178,140,35,1095
31939,216,171,10,1303
31943,230,171,7,1375
31962,167,124,20,1015
31989,258,203,44,1585
32008,123,93,31,764
32031,148,109,31,915
32037,199,1077,18,1208
32040,164,124,33,1012
32041,241,296,27,1468
32054,211,171,30,1290
32056,185,140,39,1144
32058,176,140,34,1085
32062,229,187,41,1411
32063,166,124,33,1024
32068,155,140,36,961
32069,120,93,27,744
32073,181,140,40,1117
32080,204,156,38,1255
32081,232,171,26,1413
32083,132,109,29,817
32090,220,171,39,1351
32093,227,171,37,1394
32095,167,124,39,1032
32109,175,140,39,1080
32113,177,124,16,1074
32115,221,171,42,1363
32119,160,124,32,988
32120,196,140,37,1207
32121,191,156,38,1180
32129,203,171,38,1253
32139,241,187,48,1491
32140,178,156,34,1096
32146,183,140,38,1131
32148,256,187,52,1585
32152,204,156,40,1258
32168,259,187,20,1572
32188,165,109,39,1021
32189,194,171,41,1200
32200,146,109,30,902
32201,212,187,41,1309
32207,173,124,32,1069
32209,225,218,42,1388
32225,210,171,42,1298
32236,180,124,38,1113
32248,204,156,11,1229
32255,154,109,26,949
32263,179,1109,27,1096
32267,191,140,25,1166
32273,246,171,12,1485
32277,222,171,40,1370
32299,195,140,27,1194
32302,251,187,19,1524
32314,228,187,43,1408
32315,221,156,40,1363
32322,173,156,23,1054
32325,206,156,43,1275
32327,178,140,17,1080
32340,233,171,45,1439
32351,180,140,32,1110
32352,202,156,30,1236
32360,215,171,43,1330
32365,224,171,44,1385
32379,219,171,25,1333
32389,106,78,25,659
32395,172,124,31,1061
32400,262,187,14,1581
32412,138,109,29,855
32419,134,109,27,829
32445,167,140,33,1033
32451,206,156,37,1269
32462,200,140,35,1230
32466,279,234,37,1707
32467,309,249,42,1892
32483,234,187,46,1446
32493,173,140,32,1068
32495,169,124,8,1016
32504,188,1015,38,1160
32512,174,140,39,1079
32515,186,156,27,1138
32520,137,93,7,824
32524,152,109,37,944
32527,181,140,34,1111
32534,177,140,37,1095
32536,140,109,27,865
32557,186,156,23,1132
32558,68,46,3,410
32568,191,140,12,1155
32591,174,140,16,1054
32600,148,109,27,913
32603,128,922,6,768
32605,172,140,35,1063
32611,223,156,38,1371
32617,198,156,36,1219
32620,117,93,19,716
32627,225,218,45,1389
32634,205,234,40,1268
32635,129,93,13,785
32650,231,171,46,1426
32654,204,156,38,1258
32656,203,171,31,1244
32657,151,109,20,924
32738,228,203,37,1403
32741,142,109,26,877
32743,190,156,42,1178
32768,227,203,44,1402
32770,176,140,14,1063
32774,202,140,36,1245
32779,207,171,40,1280
32792,205,156,11,1239
32804,115,78,26,712
32816,226,171,42,1396
32818,210,171,28,1283
32820,212,187,26,1293
32822,114,78,23,705
32854,215,1171,39,1327
32865,133,124,25,820
32870,145,109,26,894
32875,212,171,40,1311
32879,173,124,18,1052
32888,170,109,14,1032
32897,243,187,44,1499
32898,219,171,26,1336
32901,215,171,31,1319
32910,210,156,23,1278
32913,263,203,5,1574
32921,196,156,39,1213
32924,173,140,37,1071
32926,139,109,29,858
32931,209,156,30,1276
32933,236,171,43,1457
32950,241,187,44,1487
32969,210,156,32,1286
32974,178,140,36,1099
32979,237,187,44,1462
32980,191,140,35,1177
33001,170,124,30,1048
33011,215,187,44,1332
33012,230,203,39,1417
33018,161,140,26,988
33025,187,140,18,1137
33036,127,93,5,760
33039,213,187,39,1313
33046,233,1015,24,1419
33049,216,1015,28,1320
33054,254,1062,46,1566
33055,255,1031,46,1575
33066,68,46,3,410
33103,170,140,13,1029
33104,242,187,43,1491
33115,177,124,17,1074
33118,247,1874,25,1501
33126,206,1874,19,1255
33132,203,156,37,1252
33137,182,1047,39,1127
33139,214,1890,36,1316
33147,237,203,45,1464
33148,257,1906,43,1584
33149,175,140,21,1068
33169,222,1843,41,1369
33178,204,1875,32,1250
33231,232,1031,43,1429
33247,182,140,34,1118
33251,219,1891,40,1353
33265,218,1015,43,1347
33276,157,984,8,945
33280,206,1015,33,1264
33287,215,1031,43,1327
33304,190,140,31,1167
33312,198,156,33,1220
33316,217,171,42,1342
33319,195,1843,36,1201
33321,186,1859,32,1147
33324,189,968,10,1142
33334,140,952,30,867
33336,136,1765,25,839
33355,168,984,34,1036
33359,159,1843,28,980
33377,182,140,8,1096
33379,244,1031,41,1501
33380,168,984,26,1030
33382,180,1812,39,1114
33395,179,999,19,1089
33418,217,1015,39,1338
33425,177,984,20,1077
33443,153,1843,31,942
33448,207,1860,39,1274
33458,191,1828,37,1179
33460,153,1859,31,946
33465,214,1047,38,1316
33473,185,984,28,1134
33484,154,124,28,950
33488,188,1843,41,1161
33489,231,1875,42,1425
33494,227,171,46,1402
33502,209,1906,40,1292
33505,189,1859,8,1137
33514,205,171,45,1267
33523,235,1046,47,1452
33526,191,156,34,1178
33529,200,1874,29,1224
33530,229,1015,45,1415
33546,185,1031,37,1142
33553,208,171,42,1283
33565,218,1922,39,1344
33567,192,1921,37,1187
33579,140,1905,25,861
33589,195,999,28,1195
33590,199,1031,38,1230
33592,187,1859,38,1156
33604,179,984,29,1097
23,178,213,37,1099
34,139,110,29,860
37,156,126,25,961
38,174,164,37,1074
43,156,133,32,963
53,157,120,28,969
56,191,153,8,1150
69,188,147,33,1160
76,145,96,25,893
77,172,172,32,1059
80,151,109,30,930
81,175,155,35,1081
87,182,173,42,1125
100,165,156,30,1017
114,102,85,8,617
118,177,156,39,1094
120,185,156,41,1142
133,187,142,14,1136
140,195,156,41,1203
141,245,194,14,1477
142,182,144,33,1120
149,149,112,30,918
157,184,146,37,1134
171,210,167,38,1294
173,180,157,38,1113
177,189,152,25,1153
180,147,127,32,910
185,244,218,26,1487
186,177,134,32,1090
193,186,143,36,1147
210,176,145,35,1085
216,152,139,31,938
217,160,116,31,988
235,206,172,39,1271
251,212,180,39,1308
257,166,133,20,1010
262,206,202,19,1252
263,185,157,32,1140
265,275,212,24,1668
280,170,138,35,1051
299,158,119,30,976
300,193,157,38,1195
314,150,123,28,925
317,178,140,34,1100
326,213,163,41,1315
353,196,150,40,1209
355,189,159,37,1169
356,231,187,43,1425
364,169,137,32,1044
372,209,163,40,1290
387,197,153,40,1213
393,202,168,41,1246
401,147,113,26,905
402,174,143,30,1070
416,230,176,44,1419
428,186,144,17,1131
432,213,161,17,1292
433,186,142,16,1131
439,201,165,40,1243
453,251,203,44,1545
459,224,191,47,1387
466,158,126,30,975
474,192,153,30,1178
479,189,139,8,1138
496,164,116,22,1006
501,153,118,16,933
532,207,168,37,1275
542,230,194,44,1420
544,205,159,37,1264
550,222,168,41,1366
555,187,142,21,1141
560,207,156,37,1273
568,230,177,37,1414
580,233,204,43,1435
588,132,98,25,816
597,131,100,16,800
612,202,160,39,1248
614,264,202,49,1627
625,234,177,17,1419
633,167,123,20,1020
23,178,228,37,1099
34,139,119,29,860
37,156,125,25,961
38,174,139,37,1074
43,156,131,32,963
53,157,151,28,969
56,191,138,8,1150
69,188,177,33,1160
76,145,111,25,893
77,172,183,32,1059
80,151,113,30,930
81,175,133,35,1081
87,182,169,42,1125
100,165,124,30,1017
114,102,78,8,617
118,177,156,39,1094
120,185,140,41,1142
133,187,140,14,1136
140,195,171,41,1203
141,245,203,14,1477
142,182,140,33,1120
149,149,124,30,918
157,184,140,37,1134
171,210,172,38,1294
173,180,156,38,1113
177,189,147,25,1153
180,147,121,32,910
185,244,205,26,1487
186,177,131,32,1090
193,186,143,36,1147
210,176,141,35,1085
216,152,133,31,938
217,160,123,31,988
235,206,164,39,1271
251,212,181,39,1308
257,166,149,20,1010
262,206,160,19,1252
263,185,150,32,1140
265,275,220,24,1668
280,170,131,35,1051
299,158,120,30,976
300,193,164,38,1195
314,150,114,28,925
317,178,135,34,1100
326,213,172,41,1315
353,196,149,40,1209
355,189,148,37,1169
356,231,185,43,1425
364,169,135,32,1044
372,209,169,40,1290
387,197,150,40,1213
393,202,162,41,1246
401,147,122,26,905
402,174,143,30,1070
416,230,193,44,1419
428,186,146,17,1131
432,213,171,17,1292
433,186,136,16,1131
439,201,174,40,1243
453,251,188,44,1545
459,224,175,47,1387
466,158,124,30,975
474,192,145,30,1178
479,189,138,8,1138
496,164,127,22,1006
501,153,126,16,933
532,207,160,37,1275
542,230,191,44,1420
544,205,158,37,1264
550,222,176,41,1366
555,187,140,21,1141
560,207,168,37,1273
568,230,177,37,1414
580,233,182,43,1435
588,132,107,25,816
597,131,98,16,800
612,202,157,39,1248
614,264,214,49,1627
625,234,177,17,1419
633,167,124,20,1020
634,241,202,42,1485
637,238,202,41,1464
638,188,148,33,1157
640,227,167,25,1383
649,137,104,26,845
651,228,202,44,1408
653,169,133,37,1049
654,258,211,46,1591
656,150,121,16,915
673,231,181,42,1423
675,243,185,12,1469
676,221,179,38,1358
677,234,234,44,1445
690,245,208,45,1510
696,259,207,40,1589
698,236,197,41,1451
707,151,115,3,909
710,250,198,34,1530
717,162,128,34,1000
719,153,120,25,941
721,224,177,45,1385
727,131,98,28,809
731,183,141,32,1127
739,194,153,24,1183
740,140,109,29,865
741,224,172,41,1382
746,170,142,35,1052
755,188,137,7,1132
761,151,113,29,932
783,205,157,34,1261
786,195,161,36,1200
795,220,194,47,1363
798,194,141,22,1182
803,225,183,15,1362
814,218,168,42,1348
827,184,139,37,1136
828,248,187,42,1527
836,139,98,17,846
857,179,135,33,1104
864,137,103,32,850
865,220,166,42,1359
870,121,84,24,747
887,112,109,25,693
888,180,160,34,1113
906,159,121,34,983
909,165,128,39,1023
912,128,96,28,793
922,166,130,40,1029
935,112,92,26,692
945,164,145,33,1011
947,80,57,18,495
955,105,123,21,648
958,211,176,42,1303
989,230,194,41,1416
999,143,106,27,883
1008,217,177,35,1333
1023,202,154,39,1248
1028,181,135,8,1090
1037,166,129,25,1020
1040,188,157,36,1161
1041,279,215,47,1719
1044,151,112,13,910
1051,184,152,39,1138
1063,164,118,8,990
1070,152,110,21,928
1073,130,94,8,784
1074,147,108,27,908
1079,287,228,5,1718
1081,223,181,36,1370
1082,154,121,32,950
1085,150,112,33,925
1088,143,107,29,881
1093,81,53,19,502
1100,192,165,35,1185
1123,220,194,17,1333
1131,201,152,42,1244
1133,192,145,16,1165
1152,265,210,25,1608
1158,161,119,13,976
1160,122,90,26,754
1162,172,128,32,1060
1173,230,168,28,1404
1184,239,178,42,1472
1202,132,100,28,818
1204,97,67,20,600
1208,218,194,40,1347
1211,198,156,16,1201
1220,192,157,37,1186
1224,191,144,8,1145
1235,185,136,7,1111
1239,121,88,24,748
1253,247,211,47,1525
1261,273,218,27,1660
1266,165,121,28,1018
1267,206,171,42,1272
1269,149,118,26,918
1271,192,146,34,1184
1278,211,161,36,1298
1287,239,198,46,1478
1291,150,117,31,926
1312,183,135,14,1106
1315,280,244,44,1719
1319,148,118,25,911
1331,255,203,45,1572
1333,146,108,29,901
1337,183,156,34,1130
1343,178,142,33,1097
1351,190,141,22,1154
1378,164,125,28,1011
1383,207,176,31,1272
1388,190,146,35,1171
1393,139,104,13,839
1406,213,178,44,1318
1408,123,89,6,737
1411,211,168,29,1294
1412,182,146,24,1114
1416,158,129,28,975
1420,110,80,8,664
1448,137,99,26,846
1455,192,172,35,1183
1467,152,139,32,940
1479,202,150,33,1240
1482,210,178,39,1298
1487,194,146,34,1195
1489,227,176,39,1400
1492,135,98,13,819
1494,214,178,41,1321
1497,277,225,45,1702
1500,188,145,31,1158
1505,200,152,37,1234
1523,178,146,36,1100
1535,226,187,46,1400
1545,230,176,46,1420
1563,253,196,46,1559
1568,220,169,43,1357
1574,286,237,47,1759
1576,206,160,39,1271
1578,193,153,37,1193
1581,231,177,46,1425
1594,210,153,8,1265
1599,250,199,45,1541
1605,181,139,22,1104
1609,213,160,39,1313
1625,257,200,46,1584
1627,194,146,40,1200
1642,202,186,35,1245
1645,219,173,31,1344
1649,214,174,37,1317
1663,194,140,37,1198
1676,172,146,36,1065
1682,212,172,39,1309
1691,186,155,32,1146
1694,236,174,43,1455
1696,219,187,40,1347
1698,199,156,38,1226
1704,201,140,8,1210
1705,184,135,19,1118
1736,215,171,40,1325
1748,191,187,40,1181
1766,150,125,28,925
1767,239,192,30,1458
1785,219,187,44,1356
1812,172,140,30,1059
1826,197,143,41,1218
1828,245,173,33,1501
1842,126,93,25,778
1844,226,187,14,1366
1849,221,188,43,1367
1852,227,172,41,1398
1855,195,154,40,1206
1867,273,202,48,1681
1869,197,143,14,1190
1896,296,226,52,1824
1899,202,156,42,1250
1901,216,168,39,1331
1905,210,156,16,1275
1910,245,219,38,1505
1912,170,155,33,1050
1952,199,156,35,1224
1956,168,125,21,1022
1958,169,133,34,1045
1960,263,224,50,1622
1986,214,168,43,1324
1987,215,174,37,1322
1989,206,156,36,1269
1995,254,191,50,1568
2005,149,111,26,918
2018,203,167,40,1255
2022,154,125,28,950
2023,199,179,37,1229
2026,239,175,15,1448
2033,198,152,20,1205
2037,197,140,42,1218
2039,359,265,6,2148
2041,133,93,7,800
2045,143,93,10,868
2050,212,156,41,1311
2055,174,125,36,1076
2060,236,171,46,1457
2063,128,93,7,769
2064,177,140,19,1079
2065,140,93,26,865
2071,201,140,38,1238
2080,120,81,8,725
2082,181,156,38,1119
2085,235,203,43,1451
2087,196,156,31,1204
2102,117,78,7,701
2108,197,142,26,1201
2112,197,152,32,1210
2116,233,158,46,1443
2124,188,156,31,1154
2126,288,218,29,1750
2130,224,158,10,1354
2133,216,156,45,1335
2134,228,171,45,1411
2136,158,125,13,960
2140,140,95,7,843
2148,143,109,20,876
2163,176,124,37,1090
2168,202,156,30,1241
2177,208,157,9,1253
2184,196,144,39,1213
2201,219,168,43,1352
2216,248,187,12,1498
2227,177,156,32,1090
2228,203,156,40,1253
2233,200,146,42,1237
2237,172,139,28,1058
2239,276,229,55,1704
2250,281,232,53,1730
2269,166,128,27,1021
2278,199,178,33,1224
2282,252,195,35,1545
2305,183,142,38,1133
2306,230,178,14,1390
2312,172,129,18,1047
2344,154,109,8,929
2351,252,187,10,1519
2371,202,154,42,1248
2383,182,146,30,1121
2385,183,138,30,1127
2397,109,79,6,657
2419,168,130,35,1040
2422,124,91,23,764
2427,126,95,24,779
2450,208,162,20,1264
2469,213,167,33,1309
2471,233,175,28,1422
2474,240,171,17,1456
2482,191,145,22,1158
2488,197,151,31,1208
2498,209,161,41,1292
2518,209,163,46,1293
2539,208,161,45,1288
2543,206,153,42,1273
2546,196,148,40,1209
2550,221,161,9,1335
2561,192,140,40,1189
2565,126,92,27,778
2569,191,139,23,1168
2574,156,118,28,961
2585,224,161,20,1359
2591,196,144,22,1193
2595,229,197,47,1417
2608,229,179,50,1415
2612,178,134,13,1074
2613,169,129,37,1047
2640,111,107,21,687
2641,192,148,38,1184
2647,188,145,31,1155
2673,151,121,29,933
2692,122,87,24,754
2702,183,134,13,1108
2708,149,114,29,921
2730,174,126,36,1079
2737,171,134,30,1052
2738,202,178,39,1246
2743,230,175,21,1397
2748,244,194,43,1505
2751,211,163,42,1307
2753,174,138,36,1076
2780,184,140,8,1109
2791,187,141,20,1139
2802,232,186,44,1434
2811,233,184,46,1442
2812,150,116,31,926
2819,219,195,46,1359
2833,182,140,40,1124
2834,151,118,31,931
2836,188,151,41,1165
2842,147,111,27,906
2847,219,173,47,1359
2848,162,126,34,1003
2852,189,146,41,1172
2857,205,158,38,1266
2862,196,152,41,1214
2890,205,146,16,1245
2905,164,125,33,1014
2917,189,147,29,1159
2918,243,180,30,1484
2921,189,131,17,1150
2922,217,164,14,1312
2925,192,135,13,1162
2929,190,150,37,1169
2932,264,227,35,1618
2939,177,132,29,1089
2940,164,120,16,995
2963,235,180,45,1450
2991,172,133,38,1067
3004,173,128,17,1050
3006,260,202,52,1605
3007,177,149,30,1088
3008,174,131,38,1079
3026,180,135,29,1105
3027,196,147,32,1203
3031,202,148,12,1221
3038,182,137,34,1120
3055,185,141,35,1140
3058,282,260,54,1739
3061,217,162,41,1338
3069,208,156,39,1280
3073,168,151,33,1040
3079,180,142,35,1114
3081,201,147,36,1238
3082,243,184,44,1498
3087,233,178,44,1436
3091,224,164,35,1374
3100,167,124,35,1033
3104,159,124,19,968
3122,190,148,35,1174
3128,167,131,32,1032
3131,214,161,13,1294
3134,151,115,33,933
3141,152,131,29,935
3142,173,165,27,1061
3143,180,152,36,1112
3145,184,143,32,1133
3165,289,225,54,1782
3173,187,136,38,1154
3177,191,141,12,1156
3192,199,163,40,1228
3196,205,160,39,1266
3206,233,174,40,1432
3212,173,127,31,1066
3213,218,167,43,1345
3214,138,104,21,846
3215,269,202,49,1659
3233,191,143,21,1159
3243,239,182,19,1448
3249,198,149,38,1222
3260,192,133,8,1158
3270,187,140,37,1157
3272,129,98,28,794
3275,185,143,23,1126
3282,178,151,12,1076
3285,187,153,39,1160
3314,167,124,31,1030
3328,177,129,30,1089
3340,249,190,38,1526
3341,201,153,37,1240
3348,174,128,30,1071
3349,197,145,39,1219
3354,205,158,38,1266
3364,171,126,19,1039
3377,195,148,23,1190
3378,189,151,36,1163
3386,209,155,23,1271
3387,157,121,30,971
3391,240,186,46,1481
3405,164,124,31,1011
3430,142,108,31,876
3457,264,189,21,1599
3459,174,132,32,1073
3465,214,180,16,1297
3473,166,126,23,1018
3476,220,159,22,1333
3487,181,139,39,1116
3492,183,153,36,1132
3495,125,95,25,771
3496,174,132,32,1072
3514,183,169,36,1130
3524,180,149,37,1114
3540,216,163,29,1321
3549,210,158,35,1292
3589,141,100,8,852
3619,187,142,38,1156
3621,185,137,36,1140
3632,171,130,35,1059
3642,161,115,23,987
3646,152,113,31,941
3652,164,127,36,1016
3672,174,134,32,1072
3680,155,122,15,943
3699,196,147,30,1203
3718,149,117,33,922
3722,112,78,8,680
3736,167,148,8,1007
3740,165,151,29,1012
3745,227,175,30,1387
3756,241,174,20,1458
3765,173,142,34,1070
3769,175,132,29,1076
3778,173,129,34,1069
3784,198,149,35,1218
3792,144,117,31,891
3796,141,110,32,870
3798,127,92,7,766
3811,213,186,9,1279
3815,146,108,32,901
3822,222,171,34,1362
3826,186,137,36,1149
3830,176,131,37,1089
3832,203,161,23,1237
3838,188,141,18,1143
3839,165,126,35,1018
3848,153,112,17,930
3854,187,151,37,1156
3882,166,126,35,1023
3898,202,149,18,1224
3899,151,109,30,931
3901,176,133,36,1089
3911,160,126,30,988
3914,226,173,45,1398
3918,210,158,13,1271
3921,209,181,42,1291
3929,202,174,38,1248
3933,183,138,37,1129
3949,249,188,47,1536
3967,225,167,39,1388
3970,177,140,26,1086
3971,197,144,27,1208
3980,225,172,35,1383
3981,150,104,19,911
3990,265,207,47,1636
3991,188,149,39,1160
3996,178,132,25,1088
3998,259,203,46,1599
4019,184,141,33,1134
4032,149,112,34,923
4039,184,144,34,1133
4040,169,127,37,1047
4041,262,207,46,1618
4042,139,103,29,857
4051,150,121,30,927
4052,253,196,46,1561
4066,250,194,45,1542
4077,269,212,46,1657
4079,218,165,43,1346
4082,124,91,24,766
4095,151,145,27,931
4111,215,180,44,1328
4116,201,152,31,1236
4123,218,163,41,1344
4141,190,146,34,1170
4153,217,188,42,1339
4167,166,126,24,1018
4170,139,103,27,859
4174,182,135,28,1119
4178,127,117,11,770
4184,187,142,30,1148
4185,188,147,35,1159
4193,200,153,40,1236
4211,188,141,29,1153
4213,143,112,26,884
4229,110,114,27,680
4250,191,164,32,1174
4255,166,117,9,1004
4269,182,149,37,1124
4289,227,177,43,1402
4292,247,189,41,1521
4305,207,150,17,1254
4319,261,213,47,1609
4323,215,161,43,1327
4329,229,177,48,1416
4331,146,106,24,895
4337,31,22,2,187
4341,186,147,41,1152
4342,199,150,38,1228
4355,264,196,20,1595
4368,199,155,40,1227
4375,217,168,40,1337
4388,233,185,48,1439
4391,151,115,35,937
4397,185,139,41,1146
4404,195,148,17,1180
4414,196,155,40,1211
4415,210,197,11,1267
4418,229,195,22,1393
4429,164,129,33,1015
4433,164,131,32,1010
4435,255,200,22,1549
4452,154,113,35,956
4460,163,123,36,1009
4465,229,174,44,1413
4468,141,105,28,872
4477,254,227,49,1567
4480,235,210,43,1447
4485,200,150,20,1217
4494,240,192,45,1479
4495,195,154,42,1206
4501,158,127,34,978
4508,192,141,9,1155
4514,248,191,49,1531
4520,170,129,33,1049
4538,174,127,33,1076
4547,153,114,28,944
4551,153,112,7,923
4553,202,149,14,1224
4556,169,126,35,1043
4560,126,98,7,761
4566,168,125,33,1035
4570,209,158,41,1292
4589,172,131,33,1061
4591,234,173,25,1424
4593,167,124,39,1033
4610,188,143,38,1159
4613,247,192,21,1496
4617,181,134,36,1118
4621,202,159,42,1251
4635,229,170,41,1409
4637,144,112,17,878
4640,240,181,19,1453
4658,162,125,31,1000
4659,206,150,26,1258
4673,211,159,14,1278
4677,160,119,15,972
4680,199,152,36,1227
4686,217,159,24,1323
4692,217,162,38,1335
4702,183,139,22,1117
4717,240,186,25,1462
4723,165,122,35,1022
4731,264,207,47,1626
4753,169,126,33,1044
4757,170,139,34,1050
4774,154,117,31,951
4779,172,129,16,1042
4792,156,113,28,963
4808,140,140,26,862
4813,151,113,28,931
4817,254,221,26,1545
4833,186,151,38,1147
4836,215,157,36,1323
4847,149,116,33,920
4863,199,145,20,1211
4875,134,103,28,829
4881,146,109,29,901
4885,220,194,21,1334
4889,135,98,32,836
4903,219,158,39,1348
4930,173,134,33,1066
4942,170,126,29,1047
4945,214,156,41,1320
4947,162,150,32,1000
4950,190,154,36,1171
4959,241,179,22,1463
4999,158,125,32,979
5009,191,144,34,1173
5016,164,132,37,1014
5021,192,147,38,1187
23,178,144,37,1099
34,139,99,29,860
37,156,63,25,961
38,174,73,37,1074
43,156,73,32,963
53,157,60,28,969
56,191,79,8,1150
69,188,88,33,1160
76,145,55,25,893
77,172,98,32,1059
80,151,57,30,930
81,175,83,35,1081
87,182,103,42,1125
100,165,69,30,1017
114,102,41,8,617
118,177,124,39,1094
120,185,79,41,1142
133,187,72,14,1136
