user_id,faculty_id,course_name,loceq,start_date,end_date,start_time,end_time
30527,177,analysis,3142-clwa-2065,2018-04-07,2018-04-08,08:00:00,12:17:00
9462,177,analysis,3142-clwa-2099,2018-02-06,2018-02-13,14:00:00,16:09:00
29615,177,analysis,3142-clwa-2065,2018-04-23,2018-04-25,19:00:00,22:49:00
31578,177,analysis,3142-clwa-2219,2018-03-19,2018-03-29,14:00:00,16:59:00
21151,177,analysis,3142-clwa-2019,2018-02-18,2018-02-23,21:00:00,23:40:00
18947,177,analysis,3144-clwa-4099,2018-03-30,2018-04-15,22:30:00,22:47:00
6502,177,analysis,3142-clwa-2209,2018-04-27,2018-04-28,00:30:00,02:33:00
21079,177,analysis,3142-clwa-2099,2018-04-03,2018-04-07,10:30:00,14:36:00
12348,177,analysis,3142-clwa-2219,2018-03-31,2018-04-10,14:00:00,16:02:00
6042,177,analysis,3143-clwa-3019,2018-04-06,2018-04-12,16:00:00,18:18:00
31087,177,analysis,3142-clwa-2209,2018-03-08,2018-04-11,04:00:00,08:21:00
43,177,analysis,3142-clwa-2231,2018-02-22,2018-03-09,13:00:00,13:15:00
22944,177,analysis,3142-clwa-2219,2018-03-16,2018-03-25,17:00:00,21:28:00
9508,177,analysis,3142-clwa-2059,2018-03-04,2018-04-12,21:30:00,01:56:00
8724,177,analysis,3146-clwa-6122,2018-04-07,2018-04-07,12:00:00,12:19:00
25908,177,analysis,3143-clwa-3019,2018-04-01,2018-04-24,10:00:00,11:53:00
33651,177,analysis,3144-clwa-4051,2018-02-17,2018-04-23,04:30:00,05:35:00
19875,177,analysis,3142-clwa-2219,2018-04-12,2018-04-20,23:30:00,03:28:00
1852,177,analysis,3142-clwa-2019,2018-02-23,2018-04-28,13:30:00,18:29:00
20954,177,analysis,3142-clwa-2059,2018-03-08,2018-03-27,22:00:00,02:40:00
20840,177,analysis,3142-clwa-2231,2018-04-28,2018-04-29,11:30:00,12:53:00
17026,177,analysis,3146-clwa-6217,2018-03-26,2018-04-20,13:00:00,14:03:00
28772,177,analysis,3142-clwa-2059,2018-02-24,2018-04-13,04:00:00,08:58:00
15201,177,analysis,3142-clwa-2019,2018-02-20,2018-04-23,10:30:00,10:32:00
30486,177,analysis,3142-clwa-2219,2018-04-05,2018-04-18,03:30:00,03:37:00
34724,177,analysis,3142-clwa-2099,2018-03-18,2018-04-08,00:30:00,04:23:00
19360,177,analysis,3142-clwa-2209,2018-03-12,2018-03-23,11:30:00,16:17:00
8239,177,analysis,3142-clwa-2219,2018-03-03,2018-04-06,20:00:00,20:30:00
25363,177,analysis,3142-clwa-2019,2018-02-11,2018-04-10,00:30:00,04:41:00
4591,177,analysis,3143-clwa-3231,2018-04-17,2018-04-28,00:00:00,00:56:00
32168,177,analysis,3143-clwa-3059,2018-03-10,2018-04-11,06:30:00,09:55:00
30791,177,analysis,3142-clwa-2059,2018-04-26,2018-04-28,20:00:00,20:43:00
26853,177,analysis,3142-clwa-2219,2018-03-30,2018-04-13,07:30:00,11:39:00
20671,177,analysis,3142-clwa-2099,2018-02-12,2018-03-16,14:00:00,18:02:00
15438,177,analysis,3142-clwa-2219,2018-02-01,2018-02-16,04:00:00,05:00:00
6183,177,analysis,3142-clwa-2099,2018-03-07,2018-04-15,01:30:00,03:18:00
10638,177,analysis,3142-clwa-2059,2018-02-02,2018-03-15,08:00:00,09:53:00
25938,177,analysis,3142-clwa-2019,2018-02-09,2018-02-22,08:30:00,13:05:00
12777,177,analysis,3142-clwa-2019,2018-03-15,2018-03-23,09:00:00,09:51:00
7607,177,analysis,3142-clwa-2019,2018-04-14,2018-04-19,05:30:00,09:55:00
30709,177,analysis,3142-clwa-2051,2018-03-23,2018-04-25,10:00:00,10:50:00
18177,177,analysis,3142-clwa-2019,2018-03-22,2018-04-29,01:00:00,05:16:00
1079,177,analysis,3144-clwa-4039,2018-03-07,2018-04-20,12:30:00,17:17:00
16321,177,analysis,3146-clwa-6217,2018-02-19,2018-02-24,20:30:00,21:42:00
11042,177,analysis,3142-clwa-2219,2018-04-06,2018-04-20,04:30:00,08:08:00
21804,177,analysis,3142-clwa-2231,2018-02-25,2018-04-12,16:30:00,17:01:00
1497,177,analysis,3142-clwa-2059,2018-04-04,2018-04-17,12:30:00,12:57:00
1523,177,analysis,3142-clwa-2231,2018-03-13,2018-04-14,02:00:00,02:13:00
4342,177,analysis,3142-clwa-2231,2018-02-21,2018-03-25,11:00:00,13:04:00
13434,177,analysis,3142-clwa-2219,2018-04-08,2018-04-13,19:30:00,20:06:00
5557,177,analysis,3142-clwa-2231,2018-04-16,2018-04-21,21:00:00,22:44:00
4319,177,analysis,3142-clwa-2019,2018-02-14,2018-04-15,13:30:00,17:36:00
30267,177,analysis,3142-clwa-2059,2018-02-10,2018-04-04,01:30:00,06:29:00
17601,177,analysis,3142-clwa-2219,2018-03-25,2018-04-11,15:00:00,18:26:00
28448,177,analysis,3142-clwa-2059,2018-02-17,2018-03-08,08:30:00,09:09:00
10310,177,analysis,3142-clwa-2231,2018-03-23,2018-04-07,02:30:00,05:15:00
15112,177,analysis,3142-clwa-2065,2018-03-19,2018-04-16,19:00:00,19:03:00
25557,177,analysis,3142-clwa-2019,2018-03-03,2018-04-26,14:00:00,17:32:00
21611,177,analysis,3142-clwa-2219,2018-04-17,2018-04-20,01:00:00,05:05:00
25885,177,analysis,3144-clwa-4099,2018-04-06,2018-04-19,01:00:00,04:27:00
1173,177,analysis,3142-clwa-2039,2018-03-06,2018-03-16,18:00:00,22:53:00
11344,177,analysis,3144-clwa-4059,2018-02-21,2018-02-23,14:30:00,18:24:00
20157,177,analysis,3142-clwa-2231,2018-04-29,2018-04-30,12:30:00,17:07:00
6452,177,analysis,3142-clwa-2209,2018-03-01,2018-04-07,17:00:00,17:37:00
17640,177,analysis,3142-clwa-2209,2018-03-18,2018-03-22,14:30:00,17:04:00
1202,177,analysis,3142-clwa-2219,2018-02-22,2018-03-13,12:00:00,12:51:00
10320,177,analysis,3144-clwa-4019,2018-03-31,2018-04-16,12:30:00,13:12:00
26014,177,analysis,3142-clwa-2219,2018-04-03,2018-04-30,22:30:00,03:07:00
24964,177,analysis,3142-clwa-2231,2018-03-10,2018-04-06,12:00:00,16:37:00
14494,177,analysis,3142-clwa-2099,2018-03-27,2018-04-01,20:30:00,22:41:00
18094,177,analysis,3145-clwa-5219,2018-04-02,2018-04-17,06:00:00,10:41:00
34835,177,analysis,3146-clwa-6011,2018-02-23,2018-03-18,11:30:00,12:31:00
35600,177,analysis,3142-clwa-2065,2018-04-05,2018-04-29,18:30:00,21:58:00
11408,177,analysis,3142-clwa-2065,2018-03-07,2018-04-02,21:30:00,22:22:00
18919,177,analysis,3142-clwa-2059,2018-04-03,2018-04-24,01:00:00,04:47:00
34825,177,analysis,3146-clwa-6029,2018-03-14,2018-04-01,00:30:00,00:57:00
18041,177,analysis,3142-clwa-2039,2018-03-05,2018-03-28,11:30:00,15:32:00
32451,177,analysis,3142-clwa-2231,2018-03-19,2018-03-29,02:00:00,06:42:00
23652,177,analysis,3142-clwa-2051,2018-03-20,2018-03-20,10:00:00,12:43:00
4757,177,analysis,3142-clwa-2019,2018-02-13,2018-02-18,13:00:00,13:30:00
23865,177,analysis,3142-clwa-2219,2018-02-09,2018-04-26,23:00:00,03:33:00
13003,177,analysis,3144-clwa-4019,2018-02-06,2018-03-10,05:30:00,06:56:00
38,177,analysis,3142-clwa-2019,2018-03-04,2018-04-18,09:00:00,11:57:00
12557,177,analysis,3142-clwa-2219,2018-02-15,2018-03-06,16:00:00,18:55:00
20877,177,analysis,3142-clwa-2231,2018-02-13,2018-04-28,03:00:00,05:28:00
16321,177,analysis,3146-clwa-6217,2018-04-27,2018-04-30,06:30:00,10:12:00
30749,177,analysis,3146-clwa-6049,2018-02-09,2018-03-27,00:30:00,03:49:00
12064,177,analysis,3142-clwa-2231,2018-03-12,2018-03-18,03:30:00,08:06:00
10442,177,analysis,3144-clwa-4231,2018-02-17,2018-03-04,21:00:00,01:32:00
5749,177,analysis,3142-clwa-2065,2018-04-20,2018-04-26,20:30:00,23:08:00
6244,177,analysis,3146-clwa-6029,2018-04-15,2018-04-16,19:30:00,22:28:00
9661,177,analysis,3142-clwa-2209,2018-04-18,2018-04-24,13:30:00,15:14:00
24834,177,analysis,3143-clwa-3209,2018-04-17,2018-04-18,01:00:00,01:07:00
656,177,analysis,3144-clwa-4099,2018-02-03,2018-03-12,05:30:00,08:49:00
5213,177,analysis,3144-clwa-4059,2018-02-16,2018-04-26,20:30:00,23:59:00
31502,177,analysis,3143-clwa-3231,2018-03-19,2018-04-08,07:00:00,07:03:00
24402,177,analysis,3146-clwa-6217,2018-04-12,2018-04-25,16:00:00,20:36:00
23267,177,analysis,3142-clwa-2051,2018-03-07,2018-04-20,16:30:00,16:41:00
4404,177,analysis,3146-clwa-6011,2018-02-15,2018-03-29,11:30:00,12:52:00
2269,177,analysis,3142-clwa-2209,2018-02-15,2018-03-03,07:30:00,09:26:00
19506,177,analysis,3144-clwa-4099,2018-04-07,2018-04-07,06:30:00,08:46:00
27257,177,analysis,3144-clwa-4231,2018-03-17,2018-04-06,15:30:00,16:24:00
10972,177,analysis,3142-clwa-2231,2018-04-18,2018-04-29,17:00:00,21:02:00
30278,177,analysis,3142-clwa-2065,2018-04-12,2018-04-17,06:30:00,10:24:00
22313,177,analysis,3142-clwa-2051,2018-02-02,2018-03-16,08:30:00,11:06:00
2834,177,analysis,3142-clwa-2209,2018-03-22,2018-04-02,20:30:00,23:32:00
9336,177,analysis,3146-clwa-6217,2018-02-01,2018-03-05,23:30:00,03:47:00
17745,177,analysis,3142-clwa-2051,2018-04-06,2018-04-24,17:00:00,20:12:00
15195,177,analysis,3146-clwa-6122,2018-04-26,2018-04-28,02:00:00,02:41:00
4429,177,analysis,3142-clwa-2065,2018-03-29,2018-04-06,12:30:00,13:55:00
8889,177,analysis,3142-clwa-2231,2018-04-01,2018-04-30,10:00:00,13:47:00
30391,177,analysis,3143-clwa-3231,2018-03-31,2018-04-24,10:00:00,12:12:00
3082,177,analysis,3142-clwa-2051,2018-04-13,2018-04-19,08:30:00,12:06:00
22621,177,analysis,3142-clwa-2219,2018-04-12,2018-04-20,18:30:00,21:42:00
12374,177,analysis,3142-clwa-2039,2018-03-23,2018-04-14,16:30:00,20:34:00
34644,177,analysis,3142-clwa-2059,2018-03-06,2018-04-14,19:30:00,21:28:00
34248,177,analysis,3142-clwa-2209,2018-02-18,2018-04-13,03:00:00,07:15:00
2474,177,analysis,3146-clwa-6011,2018-04-23,2018-04-26,05:30:00,08:46:00
34152,177,analysis,3142-clwa-2059,2018-03-28,2018-04-15,19:30:00,00:04:00
28607,177,analysis,3146-clwa-6217,2018-04-15,2018-04-22,18:30:00,20:31:00
34723,177,analysis,3142-clwa-2019,2018-04-03,2018-04-21,17:00:00,20:20:00
1785,177,analysis,3142-clwa-2219,2018-03-31,2018-04-02,00:30:00,03:03:00
11731,177,analysis,3144-clwa-4051,2018-04-09,2018-04-26,04:00:00,05:51:00
29059,177,analysis,3142-clwa-2231,2018-04-20,2018-04-21,15:00:00,18:07:00
27980,177,analysis,3142-clwa-2231,2018-04-30,2018-04-30,12:00:00,16:14:00
2862,177,analysis,3142-clwa-2219,2018-02-04,2018-03-20,05:30:00,08:44:00
14784,177,analysis,3144-clwa-4231,2018-02-10,2018-03-10,02:00:00,04:51:00
2862,177,analysis,3142-clwa-2219,2018-04-19,2018-04-25,18:00:00,21:35:00
29496,177,analysis,3142-clwa-2019,2018-02-17,2018-03-19,20:30:00,23:21:00
12074,177,analysis,3142-clwa-2219,2018-04-29,2018-04-30,13:30:00,16:03:00
15385,177,analysis,3142-clwa-2231,2018-03-20,2018-04-21,23:00:00,02:46:00
16544,177,analysis,3142-clwa-2051,2018-04-19,2018-04-23,10:00:00,14:52:00
18737,177,analysis,3142-clwa-2099,2018-02-23,2018-04-29,02:30:00,04:11:00
20001,177,analysis,3142-clwa-2219,2018-04-18,2018-04-25,01:30:00,03:32:00
22746,177,analysis,3142-clwa-2209,2018-02-05,2018-02-18,09:00:00,13:44:00
32121,177,analysis,3142-clwa-2019,2018-02-13,2018-04-05,00:30:00,02:10:00
20832,177,analysis,3142-clwa-2019,2018-02-25,2018-02-25,11:30:00,12:31:00
17208,177,analysis,3142-clwa-2019,2018-02-27,2018-03-12,23:30:00,00:36:00
20695,177,analysis,3142-clwa-2019,2018-03-27,2018-04-17,20:30:00,00:08:00
28591,177,analysis,3142-clwa-2099,2018-04-22,2018-04-25,20:00:00,20:58:00
15964,177,analysis,3142-clwa-2051,2018-02-23,2018-02-24,17:00:00,18:01:00
8227,177,analysis,3142-clwa-2099,2018-04-26,2018-04-30,23:00:00,02:20:00
7126,177,analysis,3142-clwa-2051,2018-02-18,2018-03-30,14:30:00,18:07:00
17234,177,analysis,3142-clwa-2231,2018-03-16,2018-03-30,05:30:00,06:56:00
18846,177,analysis,3142-clwa-2231,2018-03-29,2018-04-24,02:00:00,03:05:00
6244,177,analysis,3146-clwa-6029,2018-03-17,2018-04-27,23:00:00,00:33:00
9508,177,analysis,3142-clwa-2059,2018-04-01,2018-04-29,13:30:00,17:07:00
33977,177,analysis,3142-clwa-2209,2018-03-11,2018-04-07,09:00:00,12:51:00
865,177,analysis,3142-clwa-2051,2018-04-18,2018-04-28,10:30:00,10:30:00
25634,177,analysis,3142-clwa-2209,2018-03-05,2018-03-20,05:30:00,05:36:00
4153,177,analysis,3142-clwa-2231,2018-02-02,2018-03-18,07:00:00,07:13:00
8236,177,analysis,3142-clwa-2231,2018-03-08,2018-04-18,14:00:00,16:28:00
14164,177,analysis,3142-clwa-2099,2018-02-16,2018-04-06,02:30:00,06:54:00
7396,177,analysis,3144-clwa-4019,2018-02-01,2018-03-28,19:00:00,19:07:00
24044,177,analysis,3142-clwa-2231,2018-03-19,2018-03-26,07:30:00,10:19:00
28612,177,analysis,3142-clwa-2019,2018-03-04,2018-03-26,23:30:00,02:54:00
21507,177,analysis,3146-clwa-6049,2018-02-05,2018-02-11,17:30:00,19:05:00
24648,177,analysis,3142-clwa-2019,2018-04-20,2018-04-27,01:00:00,05:38:00
114,177,analysis,3146-clwa-6122,2018-03-13,2018-04-03,17:00:00,18:28:00
32327,177,analysis,3145-clwa-5019,2018-02-17,2018-03-15,18:30:00,19:44:00
17701,177,analysis,3142-clwa-2039,2018-04-08,2018-04-16,19:30:00,19:59:00
15718,177,analysis,3146-clwa-6011,2018-03-09,2018-04-24,12:00:00,12:12:00
15554,177,analysis,3142-clwa-2209,2018-04-29,2018-04-30,05:30:00,06:42:00
13444,177,analysis,3142-clwa-2219,2018-03-13,2018-04-14,06:30:00,10:27:00
14033,177,analysis,3142-clwa-2019,2018-02-12,2018-04-03,18:00:00,22:48:00
8929,177,analysis,3142-clwa-2051,2018-04-14,2018-04-28,02:00:00,02:09:00
13230,177,analysis,3146-clwa-6011,2018-02-03,2018-03-17,21:00:00,00:24:00
21829,177,analysis,3144-clwa-4019,2018-03-17,2018-04-19,12:30:00,15:09:00
10866,177,analysis,3142-clwa-2065,2018-04-20,2018-04-21,20:00:00,22:15:00
6963,177,analysis,3146-clwa-6049,2018-03-02,2018-03-04,01:30:00,03:52:00
28784,177,analysis,3142-clwa-2209,2018-02-20,2018-03-03,23:30:00,03:45:00
23147,177,analysis,3142-clwa-2231,2018-02-13,2018-03-30,19:30:00,19:49:00
2469,177,analysis,3146-clwa-6049,2018-02-10,2018-04-04,04:00:00,06:46:00
1705,177,analysis,3143-clwa-3019,2018-02-24,2018-03-23,10:30:00,12:48:00
2753,177,analysis,3142-clwa-2231,2018-02-17,2018-03-20,23:30:00,01:58:00
13622,177,analysis,3142-clwa-2065,2018-03-18,2018-03-21,17:00:00,19:03:00
18516,177,analysis,3142-clwa-2019,2018-02-26,2018-03-07,09:30:00,09:43:00
7624,177,analysis,3143-clwa-3051,2018-04-08,2018-04-21,14:30:00,19:28:00
23255,177,analysis,3145-clwa-5039,2018-03-07,2018-04-24,15:00:00,15:43:00
26257,177,analysis,3142-clwa-2019,2018-04-11,2018-04-30,04:30:00,08:30:00
29395,177,analysis,3142-clwa-2019,2018-04-06,2018-04-07,22:00:00,22:12:00
32527,177,analysis,3142-clwa-2099,2018-04-28,2018-04-28,21:00:00,00:41:00
10000,177,analysis,3142-clwa-2065,2018-04-21,2018-04-28,20:30:00,22:22:00
12932,177,analysis,3146-clwa-6049,2018-04-29,2018-04-30,04:00:00,07:07:00
3128,177,analysis,3142-clwa-2051,2018-03-12,2018-04-11,13:00:00,15:21:00
656,177,analysis,3144-clwa-4099,2018-02-04,2018-02-12,08:30:00,12:15:00
23148,177,analysis,3144-clwa-4019,2018-04-03,2018-04-04,08:30:00,09:31:00
21147,177,analysis,3142-clwa-2065,2018-04-04,2018-04-25,10:30:00,12:36:00
8547,177,analysis,3142-clwa-2099,2018-04-25,2018-04-28,19:00:00,20:33:00
18378,177,analysis,3142-clwa-2099,2018-04-30,2018-04-30,16:30:00,17:38:00
33702,177,analysis,3146-clwa-6131,2018-03-23,2018-03-29,18:30:00,22:45:00
21077,177,analysis,3142-clwa-2039,2018-04-10,2018-04-21,22:00:00,22:21:00
23363,177,analysis,3146-clwa-6029,2018-04-10,2018-04-30,11:00:00,13:22:00
6671,177,analysis,3142-clwa-2219,2018-03-09,2018-03-13,07:00:00,08:29:00
24436,177,analysis,3142-clwa-2209,2018-03-25,2018-03-27,16:30:00,17:51:00
23466,177,analysis,3142-clwa-2209,2018-04-07,2018-04-14,05:00:00,05:51:00
15841,177,analysis,3142-clwa-2231,2018-02-13,2018-02-18,08:00:00,10:52:00
3006,177,analysis,3142-clwa-2019,2018-04-10,2018-04-26,05:00:00,09:26:00
26037,177,analysis,3142-clwa-2231,2018-03-19,2018-03-23,12:30:00,15:41:00
user_id,faculty_id,course_name,loceq,start_date,end_date,start_time,end_time
12967,177,analysis,3142-clwa-2019,2018-03-03,2018-03-08,05:30:00,07:11:00
23386,177,analysis,3142-clwa-2051,2018-03-19,2018-03-29,17:30:00,21:32:00
7683,177,analysis,3142-clwa-2231,2018-02-07,2018-04-19,04:30:00,04:42:00
12538,177,analysis,3142-clwa-2065,2018-03-24,2018-03-30,07:30:00,09:05:00
18398,177,analysis,3145-clwa-5019,2018-02-11,2018-04-26,10:30:00,13:18:00
6078,177,analysis,3146-clwa-6217,2018-02-07,2018-02-13,19:00:00,19:18:00
32804,177,analysis,3142-clwa-2219,2018-04-08,2018-04-18,06:00:00,08:34:00
15827,177,analysis,3142-clwa-2209,2018-03-30,2018-04-20,09:00:00,13:17:00
654,177,analysis,3142-clwa-2051,2018-02-13,2018-03-21,07:00:00,11:44:00
30136,177,analysis,3142-clwa-2219,2018-04-28,2018-04-28,20:00:00,22:40:00
35573,177,analysis,3142-clwa-2231,2018-04-20,2018-04-24,18:00:00,19:51:00
22540,177,analysis,3142-clwa-2099,2018-04-06,2018-04-13,07:00:00,09:26:00
11399,177,analysis,3142-clwa-2051,2018-02-23,2018-03-12,03:00:00,05:22:00
26824,177,analysis,3142-clwa-2231,2018-02-06,2018-02-10,20:30:00,21:17:00
4460,177,analysis,3142-clwa-2219,2018-04-05,2018-04-06,05:30:00,06:00:00
29663,177,analysis,3142-clwa-2051,2018-03-17,2018-03-31,09:00:00,13:12:00
23021,177,analysis,3142-clwa-2231,2018-02-04,2018-02-07,07:30:00,09:07:00
4066,177,analysis,3142-clwa-2051,2018-02-16,2018-02-19,18:00:00,21:26:00
9680,177,analysis,3142-clwa-2019,2018-02-02,2018-02-03,18:00:00,19:16:00
6566,177,analysis,3142-clwa-2099,2018-02-01,2018-02-14,22:00:00,00:07:00
29243,177,analysis,3146-clwa-6029,2018-02-16,2018-02-26,22:00:00,23:24:00
18861,177,analysis,3142-clwa-2219,2018-02-27,2018-03-01,19:00:00,21:17:00
9042,177,analysis,3142-clwa-2019,2018-03-21,2018-04-18,09:00:00,12:26:00
653,177,analysis,3142-clwa-2219,2018-03-12,2018-03-22,15:30:00,16:41:00
31336,177,analysis,3143-clwa-3059,2018-03-29,2018-04-14,15:00:00,16:07:00
532,177,analysis,3142-clwa-2231,2018-04-11,2018-04-18,21:30:00,00:49:00
17666,177,analysis,3142-clwa-2051,2018-02-27,2018-03-12,02:30:00,05:08:00
10979,177,analysis,3142-clwa-2231,2018-02-17,2018-03-25,08:00:00,12:49:00
24382,177,analysis,3142-clwa-2065,2018-02-04,2018-02-25,15:30:00,18:39:00
14288,177,analysis,3142-clwa-2231,2018-04-25,2018-04-28,13:00:00,15:12:00
34730,177,analysis,3142-clwa-2019,2018-04-30,2018-04-30,15:00:00,16:55:00
4066,177,analysis,3142-clwa-2051,2018-03-02,2018-04-30,14:00:00,16:24:00
14947,177,analysis,3146-clwa-6217,2018-02-11,2018-03-15,09:30:00,13:53:00
19827,177,analysis,3142-clwa-2231,2018-03-08,2018-04-18,22:30:00,01:41:00
10166,177,analysis,3142-clwa-2099,2018-03-30,2018-04-18,22:00:00,23:44:00
26971,177,analysis,3142-clwa-2231,2018-04-05,2018-04-20,21:30:00,21:47:00
16841,177,analysis,3142-clwa-2231,2018-02-17,2018-04-22,06:00:00,08:36:00
21677,177,analysis,3142-clwa-2231,2018-03-05,2018-03-27,07:30:00,11:04:00
36326,177,analysis,3142-clwa-2019,2018-03-03,2018-03-30,01:00:00,02:52:00
20840,177,analysis,3142-clwa-2231,2018-04-05,2018-04-11,15:30:00,17:40:00
13975,177,analysis,3142-clwa-2219,2018-04-08,2018-04-09,15:00:00,19:45:00
27572,177,analysis,3142-clwa-2051,2018-04-13,2018-04-27,16:00:00,20:00:00
5609,177,analysis,3143-clwa-3099,2018-04-04,2018-04-24,22:30:00,23:40:00
20161,177,analysis,3142-clwa-2019,2018-03-20,2018-04-18,05:00:00,09:11:00
7083,177,analysis,3142-clwa-2019,2018-02-08,2018-04-05,16:00:00,19:26:00
34829,177,analysis,3142-clwa-2065,2018-03-26,2018-04-29,03:30:00,03:51:00
27552,177,analysis,3142-clwa-2051,2018-03-12,2018-04-18,19:30:00,19:51:00
20881,177,analysis,3142-clwa-2059,2018-02-19,2018-04-14,14:30:00,15:02:00
33280,177,analysis,3146-clwa-6217,2018-04-13,2018-04-29,06:30:00,09:21:00
17339,177,analysis,3143-clwa-3019,2018-02-14,2018-03-27,11:00:00,11:29:00
7632,177,analysis,3142-clwa-2051,2018-04-10,2018-04-27,02:30:00,06:12:00
4547,177,analysis,3142-clwa-2209,2018-03-01,2018-03-09,21:00:00,21:44:00
10824,177,analysis,3142-clwa-2019,2018-04-09,2018-04-17,10:00:00,12:33:00
8850,177,analysis,3142-clwa-2219,2018-04-06,2018-04-26,16:00:00,17:03:00
3901,177,analysis,3142-clwa-2219,2018-02-21,2018-03-19,10:00:00,11:42:00
20695,177,analysis,3142-clwa-2019,2018-03-24,2018-04-16,02:00:00,06:23:00
26495,177,analysis,3146-clwa-6029,2018-03-30,2018-04-05,14:30:00,19:19:00
15836,177,analysis,3146-clwa-6011,2018-04-07,2018-04-07,23:30:00,23:50:00
33567,177,analysis,3142-clwa-2019,2018-02-24,2018-03-12,05:00:00,07:25:00
18967,177,analysis,3142-clwa-2209,2018-03-26,2018-04-19,20:00:00,20:24:00
10160,177,analysis,3142-clwa-2099,2018-03-18,2018-04-22,18:00:00,22:34:00
16138,177,analysis,3142-clwa-2059,2018-04-27,2018-04-28,17:30:00,20:30:00
16148,177,analysis,3145-clwa-5219,2018-04-28,2018-04-28,08:30:00,11:05:00
33918,177,analysis,3142-clwa-2051,2018-03-16,2018-04-27,10:30:00,12:09:00
6244,177,analysis,3146-clwa-6029,2018-03-16,2018-03-27,17:30:00,19:34:00
28975,177,analysis,3142-clwa-2209,2018-02-02,2018-03-23,22:30:00,23:10:00
12562,177,analysis,3142-clwa-2019,2018-03-20,2018-04-01,15:00:00,17:21:00
25909,177,analysis,3146-clwa-6029,2018-03-16,2018-04-24,13:00:00,17:33:00
1705,177,analysis,3143-clwa-3019,2018-03-03,2018-03-21,13:00:00,16:32:00
20300,177,analysis,3142-clwa-2219,2018-03-25,2018-04-16,03:30:00,05:37:00
27909,177,analysis,3142-clwa-2051,2018-03-05,2018-04-25,12:00:00,15:23:00
9401,177,analysis,3142-clwa-2219,2018-04-24,2018-04-26,01:00:00,05:16:00
18177,177,analysis,3142-clwa-2019,2018-02-11,2018-03-24,09:30:00,12:53:00
5723,177,analysis,3142-clwa-2019,2018-03-16,2018-03-25,00:00:00,03:30:00
28795,177,analysis,3142-clwa-2231,2018-04-12,2018-04-28,04:00:00,08:16:00
3745,177,analysis,3142-clwa-2039,2018-04-15,2018-04-24,15:30:00,19:13:00
23657,177,analysis,3142-clwa-2019,2018-03-24,2018-04-12,22:00:00,22:50:00
12158,177,analysis,3146-clwa-6049,2018-04-05,2018-04-25,05:30:00,09:48:00
31893,177,analysis,3142-clwa-2019,2018-04-16,2018-04-18,13:30:00,15:12:00
3619,177,analysis,3142-clwa-2065,2018-03-29,2018-04-01,14:30:00,15:50:00
26440,177,analysis,3142-clwa-2219,2018-04-23,2018-04-29,20:00:00,21:27:00
2612,177,analysis,3144-clwa-4019,2018-03-21,2018-04-29,13:30:00,14:04:00
10868,177,analysis,3142-clwa-2019,2018-04-06,2018-04-24,03:00:00,07:55:00
20565,177,analysis,3142-clwa-2051,2018-04-23,2018-04-26,09:00:00,12:55:00
22131,177,analysis,3142-clwa-2051,2018-04-01,2018-04-07,22:30:00,23:08:00
17954,177,analysis,3143-clwa-3065,2018-04-17,2018-04-30,03:30:00,08:21:00
35995,177,analysis,3142-clwa-2219,2018-04-29,2018-04-30,07:00:00,08:30:00
3131,177,analysis,3144-clwa-4019,2018-03-12,2018-03-24,18:30:00,21:24:00
5183,177,analysis,3142-clwa-2219,2018-03-17,2018-03-22,20:00:00,23:52:00
14897,177,analysis,3142-clwa-2099,2018-03-10,2018-04-23,05:00:00,06:21:00
26219,177,analysis,3143-clwa-3099,2018-04-10,2018-04-15,18:00:00,20:05:00
6799,177,analysis,3142-clwa-2051,2018-02-27,2018-03-08,14:30:00,19:03:00
17140,177,analysis,3142-clwa-2051,2018-04-24,2018-04-24,16:00:00,17:45:00
9655,177,analysis,3142-clwa-2219,2018-03-07,2018-04-23,14:30:00,16:37:00
34458,177,analysis,3142-clwa-2051,2018-02-16,2018-04-24,13:00:00,16:59:00
4418,177,analysis,3146-clwa-6029,2018-04-10,2018-04-28,21:00:00,23:16:00
3260,177,analysis,3145-clwa-5219,2018-03-16,2018-04-08,06:30:00,09:46:00
15893,177,analysis,3142-clwa-2219,2018-04-27,2018-04-30,03:30:00,03:34:00
26897,177,analysis,3142-clwa-2209,2018-03-05,2018-03-24,08:30:00,11:28:00
4229,177,analysis,3142-clwa-2099,2018-02-21,2018-02-27,17:00:00,20:39:00
2133,177,analysis,3142-clwa-2019,2018-02-20,2018-04-23,18:00:00,19:44:00
1576,177,analysis,3142-clwa-2231,2018-03-30,2018-04-29,14:30:00,16:08:00
3830,177,analysis,3142-clwa-2019,2018-02-04,2018-03-24,07:00:00,07:21:00
23658,177,analysis,3143-clwa-3099,2018-03-28,2018-04-09,22:00:00,02:04:00
35972,177,analysis,3142-clwa-2219,2018-02-26,2018-02-28,17:00:00,19:34:00
17755,177,analysis,3142-clwa-2231,2018-03-25,2018-04-30,19:00:00,23:54:00
5213,177,analysis,3144-clwa-4059,2018-03-30,2018-04-14,07:00:00,09:14:00
3206,177,analysis,3142-clwa-2231,2018-03-25,2018-04-07,10:00:00,14:16:00
28837,177,analysis,3142-clwa-2019,2018-03-14,2018-04-26,23:30:00,01:17:00
11817,177,analysis,3142-clwa-2051,2018-04-06,2018-04-29,18:00:00,20:42:00
29401,177,analysis,3146-clwa-6217,2018-04-13,2018-04-24,13:30:00,14:24:00
18900,177,analysis,3142-clwa-2065,2018-03-17,2018-03-27,23:30:00,02:39:00
8511,177,analysis,3142-clwa-2231,2018-02-02,2018-03-12,11:30:00,11:48:00
3898,177,analysis,3143-clwa-3019,2018-03-10,2018-04-17,22:30:00,23:50:00
30637,177,analysis,3142-clwa-2059,2018-02-27,2018-03-02,19:00:00,21:58:00
2753,177,analysis,3142-clwa-2231,2018-03-27,2018-04-23,20:30:00,23:25:00
2312,177,analysis,3143-clwa-3099,2018-04-27,2018-04-28,10:30:00,11:52:00
33791,177,analysis,3142-clwa-2059,2018-04-06,2018-04-18,23:30:00,01:18:00
35587,177,analysis,3142-clwa-2099,2018-02-19,2018-04-11,06:30:00,10:09:00
18337,177,analysis,3145-clwa-5019,2018-04-20,2018-04-26,18:30:00,18:40:00
11101,177,analysis,3142-clwa-2051,2018-04-19,2018-04-24,15:30:00,19:59:00
22889,177,analysis,3144-clwa-4209,2018-02-25,2018-04-16,02:30:00,04:39:00
32743,177,analysis,3142-clwa-2231,2018-04-17,2018-04-26,15:30:00,15:37:00
1331,177,analysis,3142-clwa-2051,2018-04-12,2018-04-30,20:30:00,00:41:00
7033,177,analysis,3142-clwa-2231,2018-03-30,2018-04-07,03:30:00,08:02:00
18160,177,analysis,3142-clwa-2209,2018-02-02,2018-02-19,19:30:00,21:48:00
11676,177,analysis,3142-clwa-2209,2018-03-21,2018-04-04,15:30:00,16:28:00
1767,177,analysis,3142-clwa-2039,2018-02-14,2018-04-22,18:00:00,21:34:00
10166,177,analysis,3142-clwa-2099,2018-04-10,2018-04-21,07:30:00,10:21:00
3826,177,analysis,3142-clwa-2231,2018-03-07,2018-03-18,14:30:00,14:40:00
6089,177,analysis,3142-clwa-2059,2018-04-02,2018-04-12,05:30:00,06:46:00
28325,177,analysis,3142-clwa-2231,2018-03-17,2018-04-02,16:30:00,18:07:00
11208,177,analysis,3142-clwa-2209,2018-04-24,2018-04-29,03:30:00,05:33:00
13665,177,analysis,3142-clwa-2219,2018-04-16,2018-04-25,00:00:00,00:44:00
19231,177,analysis,3146-clwa-6217,2018-04-03,2018-04-04,13:00:00,16:43:00
7964,177,analysis,3146-clwa-6029,2018-04-15,2018-04-26,00:30:00,04:30:00
5747,177,analysis,3142-clwa-2059,2018-02-19,2018-03-16,04:00:00,05:17:00
33633,177,analysis,3142-clwa-2019,2018-03-01,2018-04-01,12:30:00,14:03:00
33012,177,analysis,3142-clwa-2059,2018-04-20,2018-04-30,18:00:00,22:40:00
24264,177,analysis,3144-clwa-4099,2018-04-29,2018-04-30,13:30:00,17:20:00
17632,177,analysis,3142-clwa-2209,2018-03-04,2018-04-18,23:00:00,00:57:00
24754,177,analysis,3142-clwa-2231,2018-02-18,2018-03-17,00:30:00,02:08:00
4731,177,analysis,3142-clwa-2059,2018-02-27,2018-03-12,13:30:00,13:49:00
81,177,analysis,3142-clwa-2209,2018-02-19,2018-04-29,10:30:00,12:07:00
33668,177,analysis,3142-clwa-2065,2018-03-31,2018-04-19,19:00:00,23:27:00
81,177,analysis,3142-clwa-2209,2018-04-24,2018-04-29,01:00:00,01:05:00
10832,177,analysis,3142-clwa-2065,2018-04-23,2018-04-26,05:00:00,09:32:00
4319,177,analysis,3142-clwa-2019,2018-03-09,2018-04-03,01:30:00,05:12:00
36405,177,analysis,3143-clwa-3051,2018-02-02,2018-03-03,19:30:00,20:10:00
1899,177,analysis,3142-clwa-2051,2018-03-06,2018-03-10,06:00:00,10:08:00
17360,177,analysis,3143-clwa-3065,2018-04-07,2018-04-23,13:30:00,15:20:00
23441,177,analysis,3142-clwa-2209,2018-03-30,2018-04-02,23:30:00,23:44:00
15613,177,analysis,3142-clwa-2219,2018-03-31,2018-04-05,04:00:00,05:52:00
23774,177,analysis,3142-clwa-2231,2018-04-25,2018-04-29,20:30:00,20:59:00
17338,177,analysis,3145-clwa-5059,2018-03-16,2018-04-03,17:30:00,19:26:00
17159,177,analysis,3142-clwa-2231,2018-02-09,2018-02-26,06:00:00,07:00:00
25290,177,analysis,3142-clwa-2019,2018-03-13,2018-04-15,00:00:00,02:41:00
81,177,analysis,3142-clwa-2209,2018-04-17,2018-04-29,04:30:00,06:06:00
32189,177,analysis,3142-clwa-2051,2018-02-03,2018-04-02,18:30:00,21:22:00
28809,177,analysis,3142-clwa-2231,2018-04-08,2018-04-11,19:00:00,20:23:00
14886,177,analysis,3142-clwa-2231,2018-03-02,2018-04-22,10:30:00,11:39:00
33012,177,analysis,3142-clwa-2059,2018-04-10,2018-04-14,01:00:00,03:39:00
23281,177,analysis,3142-clwa-2051,2018-03-06,2018-04-25,12:00:00,16:42:00
5149,177,analysis,3142-clwa-2051,2018-04-25,2018-04-30,23:30:00,02:04:00
22297,177,analysis,3142-clwa-2219,2018-03-16,2018-04-11,00:00:00,01:03:00
9560,177,analysis,3142-clwa-2065,2018-02-06,2018-02-13,01:30:00,01:30:00
34898,177,analysis,3143-clwa-3231,2018-03-06,2018-04-29,12:00:00,16:56:00
29546,177,analysis,3142-clwa-2231,2018-04-19,2018-04-23,22:30:00,01:53:00
3949,177,analysis,3142-clwa-2019,2018-04-03,2018-04-15,03:30:00,06:13:00
7830,177,analysis,3142-clwa-2219,2018-04-02,2018-04-13,16:30:00,20:36:00
30678,177,analysis,3142-clwa-2019,2018-02-07,2018-03-29,13:30:00,17:37:00
5280,177,analysis,3142-clwa-2219,2018-02-11,2018-03-27,02:00:00,06:27:00
21593,177,analysis,3142-clwa-2019,2018-03-31,2018-04-20,09:00:00,09:52:00
15385,177,analysis,3142-clwa-2231,2018-03-15,2018-04-18,20:30:00,21:35:00
1315,177,analysis,3142-clwa-2059,2018-02-28,2018-03-08,20:00:00,00:36:00
25164,177,analysis,3142-clwa-2219,2018-02-22,2018-03-29,17:00:00,19:29:00
15841,177,analysis,3142-clwa-2231,2018-03-05,2018-04-02,08:30:00,09:43:00
22145,177,analysis,3142-clwa-2019,2018-03-29,2018-04-12,19:00:00,19:44:00
6606,177,analysis,3144-clwa-4051,2018-03-20,2018-03-20,05:30:00,07:11:00
15930,177,analysis,3142-clwa-2231,2018-04-22,2018-04-23,22:30:00,23:51:00
12839,177,analysis,3142-clwa-2209,2018-04-02,2018-04-19,06:00:00,10:22:00
31908,177,analysis,3145-clwa-5019,2018-04-25,2018-04-29,08:00:00,11:08:00
4658,177,analysis,3142-clwa-2219,2018-04-03,2018-04-11,05:30:00,06:57:00
15007,177,analysis,3142-clwa-2231,2018-04-19,2018-04-30,01:30:00,02:35:00
26500,177,analysis,3143-clwa-3059,2018-03-25,2018-03-27,12:00:00,13:41:00
27968,177,analysis,3144-clwa-4099,2018-02-14,2018-03-17,12:30:00,15:10:00
11740,177,analysis,3142-clwa-2019,2018-03-01,2018-04-20,22:00:00,01:52:00
33465,177,analysis,3142-clwa-2219,2018-04-27,2018-04-27,03:30:00,06:04:00
26447,177,analysis,3142-clwa-2219,2018-04-21,2018-04-28,18:30:00,21:34:00
12562,177,analysis,3142-clwa-2019,2018-03-11,2018-03-31,19:00:00,23:50:00
29046,177,analysis,3144-clwa-4231,2018-02-19,2018-03-12,00:30:00,02:19:00
18735,177,analysis,3146-clwa-6049,2018-03-06,2018-04-24,21:00:00,23:37:00
27177,177,analysis,3146-clwa-6131,2018-04-29,2018-04-29,01:30:00,03:51:00
31213,177,analysis,3142-clwa-2019,2018-04-17,2018-04-22,23:30:00,02:19:00
9425,177,analysis,3143-clwa-3051,2018-02-16,2018-04-05,18:00:00,20:20:00
25209,177,analysis,3145-clwa-5209,2018-02-17,2018-03-20,03:00:00,03:03:00
25024,177,analysis,3142-clwa-2231,2018-02-21,2018-03-09,01:30:00,03:37:00
30091,177,analysis,3146-clwa-6217,2018-03-08,2018-04-16,20:30:00,01:15:00
4881,177,analysis,3142-clwa-2099,2018-04-12,2018-04-18,10:00:00,10:22:00
user_id,faculty_id,course_name,loceq,start_date,end_date,start_time,end_time
6321,177,analysis,3142-clwa-2099,2018-04-13,2018-04-16,21:00:00,23:46:00
12494,177,analysis,3142-clwa-2019,2018-02-14,2018-03-18,19:00:00,20:05:00
25879,177,analysis,3143-clwa-3051,2018-02-12,2018-04-24,01:00:00,02:36:00
16298,177,analysis,3146-clwa-6217,2018-04-23,2018-04-23,23:30:00,01:04:00
4610,177,analysis,3142-clwa-2051,2018-04-05,2018-04-26,01:30:00,04:13:00
31051,177,analysis,3142-clwa-2051,2018-03-26,2018-04-24,22:30:00,22:37:00
13692,177,analysis,3142-clwa-2099,2018-04-23,2018-04-29,21:30:00,01:29:00
3826,177,analysis,3142-clwa-2231,2018-02-15,2018-02-18,21:00:00,23:20:00
25024,177,analysis,3142-clwa-2231,2018-02-21,2018-03-26,23:30:00,04:00:00
34916,177,analysis,3142-clwa-2039,2018-04-21,2018-04-26,14:30:00,15:42:00
18982,177,analysis,3142-clwa-2019,2018-02-25,2018-03-12,19:30:00,19:35:00
35313,177,analysis,3142-clwa-2019,2018-04-05,2018-04-15,17:30:00,19:33:00
8723,177,analysis,3142-clwa-2039,2018-03-28,2018-04-12,01:30:00,03:52:00
22805,177,analysis,3142-clwa-2231,2018-04-03,2018-04-24,23:30:00,04:11:00
25877,177,analysis,3142-clwa-2051,2018-02-03,2018-03-16,23:00:00,03:23:00
3778,177,analysis,3142-clwa-2019,2018-04-19,2018-04-26,16:00:00,18:43:00
25024,177,analysis,3142-clwa-2231,2018-03-16,2018-04-08,14:30:00,17:59:00
22430,177,analysis,3144-clwa-4209,2018-02-14,2018-03-11,23:30:00,03:23:00
11070,177,analysis,3146-clwa-6131,2018-03-26,2018-04-10,19:00:00,21:35:00
3206,177,analysis,3142-clwa-2231,2018-03-20,2018-03-20,23:00:00,02:25:00
7607,177,analysis,3142-clwa-2019,2018-02-27,2018-03-08,23:30:00,02:26:00
24352,177,analysis,3142-clwa-2051,2018-04-05,2018-04-06,17:30:00,21:32:00
10086,177,analysis,3142-clwa-2219,2018-02-19,2018-04-05,23:30:00,04:15:00
11726,177,analysis,3146-clwa-6049,2018-04-04,2018-04-25,05:00:00,05:58:00
27543,177,analysis,3142-clwa-2209,2018-03-07,2018-03-09,23:30:00,02:57:00
5043,177,analysis,3143-clwa-3019,2018-04-10,2018-04-26,10:00:00,10:51:00
33589,177,analysis,3144-clwa-4051,2018-03-17,2018-04-15,15:00:00,17:38:00
18174,177,analysis,3142-clwa-2231,2018-03-08,2018-04-18,08:30:00,09:32:00
29923,177,analysis,3142-clwa-2219,2018-02-28,2018-03-19,04:30:00,08:05:00
7348,177,analysis,3142-clwa-2231,2018-03-23,2018-04-23,10:30:00,11:10:00
13690,177,analysis,3145-clwa-5231,2018-04-21,2018-04-25,09:30:00,12:28:00
114,177,analysis,3146-clwa-6122,2018-04-13,2018-04-14,20:00:00,21:50:00
34166,177,analysis,3142-clwa-2099,2018-04-23,2018-04-28,16:30:00,19:14:00
19581,177,analysis,3142-clwa-2099,2018-02-06,2018-03-10,22:00:00,01:12:00
28975,177,analysis,3142-clwa-2209,2018-02-13,2018-03-07,17:00:00,17:54:00
8432,177,analysis,3142-clwa-2219,2018-02-23,2018-03-29,21:00:00,22:00:00
21131,177,analysis,3146-clwa-6217,2018-03-12,2018-03-16,03:00:00,07:39:00
28920,177,analysis,3142-clwa-2059,2018-02-23,2018-03-01,18:30:00,21:35:00
31300,177,analysis,3142-clwa-2019,2018-04-30,2018-04-30,20:30:00,01:22:00
4520,177,analysis,3142-clwa-2051,2018-03-16,2018-04-23,13:30:00,16:52:00
6256,177,analysis,3142-clwa-2051,2018-02-26,2018-04-29,04:00:00,07:30:00
15222,177,analysis,3142-clwa-2051,2018-04-02,2018-04-11,20:00:00,21:26:00
31598,177,analysis,3142-clwa-2059,2018-03-24,2018-04-27,01:00:00,03:51:00
6256,177,analysis,3142-clwa-2051,2018-03-26,2018-04-24,09:00:00,12:44:00
2227,177,analysis,3142-clwa-2099,2018-02-13,2018-04-07,03:30:00,03:36:00
11041,177,analysis,3142-clwa-2219,2018-03-07,2018-04-06,23:00:00,03:04:00
10946,177,analysis,3142-clwa-2051,2018-02-22,2018-02-27,20:00:00,00:20:00
22888,177,analysis,3145-clwa-5059,2018-03-24,2018-03-25,19:00:00,20:31:00
14494,177,analysis,3142-clwa-2099,2018-04-26,2018-04-27,02:30:00,06:09:00
10866,177,analysis,3142-clwa-2065,2018-04-09,2018-04-14,21:00:00,21:25:00
34459,177,analysis,3142-clwa-2099,2018-03-30,2018-04-27,19:30:00,21:04:00
17529,177,analysis,3142-clwa-2051,2018-03-02,2018-03-10,20:00:00,20:21:00
7389,177,analysis,3142-clwa-2051,2018-02-09,2018-02-23,12:00:00,13:46:00
2647,177,analysis,3146-clwa-6049,2018-02-12,2018-03-21,23:30:00,01:59:00
2543,177,analysis,3142-clwa-2219,2018-02-25,2018-04-07,04:00:00,08:46:00
27595,177,analysis,3142-clwa-2231,2018-02-25,2018-04-15,01:30:00,05:12:00
28612,177,analysis,3142-clwa-2019,2018-02-04,2018-02-25,14:00:00,15:02:00
4658,177,analysis,3142-clwa-2219,2018-02-09,2018-04-15,21:00:00,22:27:00
20751,177,analysis,3142-clwa-2219,2018-02-04,2018-02-05,13:00:00,16:18:00
17226,177,analysis,3142-clwa-2051,2018-02-20,2018-03-13,18:00:00,20:05:00
31637,177,analysis,3142-clwa-2219,2018-04-21,2018-04-25,03:30:00,03:54:00
20630,177,analysis,3142-clwa-2231,2018-03-01,2018-03-12,19:30:00,21:29:00
25573,177,analysis,3144-clwa-4209,2018-04-06,2018-04-14,10:00:00,11:26:00
25276,177,analysis,3142-clwa-2019,2018-03-15,2018-03-16,18:00:00,18:39:00
15506,177,analysis,3142-clwa-2051,2018-03-29,2018-04-11,10:30:00,13:01:00
14149,177,analysis,3142-clwa-2209,2018-03-09,2018-03-20,05:00:00,08:54:00
23439,177,analysis,3146-clwa-6122,2018-03-03,2018-04-04,03:30:00,05:21:00
5199,177,analysis,3142-clwa-2019,2018-02-23,2018-03-14,08:00:00,09:01:00
6017,177,analysis,3142-clwa-2209,2018-04-15,2018-04-20,17:30:00,21:31:00
17708,177,analysis,3144-clwa-4051,2018-02-18,2018-04-08,00:30:00,03:27:00
906,177,analysis,3142-clwa-2019,2018-04-17,2018-04-18,20:30:00,20:41:00
16266,177,analysis,3142-clwa-2231,2018-03-06,2018-03-07,20:00:00,20:27:00
33276,177,analysis,3145-clwa-5039,2018-04-04,2018-04-07,23:30:00,04:20:00
31578,177,analysis,3142-clwa-2219,2018-03-26,2018-04-14,18:30:00,21:58:00
8239,177,analysis,3142-clwa-2219,2018-02-19,2018-03-28,18:00:00,18:52:00
1568,177,analysis,3142-clwa-2051,2018-02-12,2018-04-19,14:30:00,16:01:00
7683,177,analysis,3142-clwa-2231,2018-03-01,2018-03-27,02:30:00,05:23:00
30659,177,analysis,3142-clwa-2059,2018-03-14,2018-04-04,20:00:00,23:57:00
5088,177,analysis,3146-clwa-6217,2018-02-25,2018-04-20,09:30:00,10:19:00
15389,177,analysis,3144-clwa-4231,2018-03-05,2018-03-12,15:00:00,18:10:00
32921,177,analysis,3142-clwa-2051,2018-04-27,2018-04-27,22:00:00,01:50:00
3007,177,analysis,3142-clwa-2099,2018-03-01,2018-03-14,01:30:00,01:59:00
35797,177,analysis,3144-clwa-4099,2018-03-03,2018-03-07,19:30:00,22:57:00
10705,177,analysis,3146-clwa-6217,2018-02-27,2018-03-12,14:30:00,16:51:00
25249,177,analysis,3142-clwa-2219,2018-04-08,2018-04-30,20:00:00,23:42:00
32121,177,analysis,3142-clwa-2019,2018-04-26,2018-04-28,02:00:00,06:26:00
707,177,analysis,3145-clwa-5051,2018-02-08,2018-02-26,00:00:00,02:21:00
10554,177,analysis,3142-clwa-2019,2018-02-22,2018-04-16,14:30:00,18:45:00
6408,177,analysis,3142-clwa-2019,2018-04-29,2018-04-30,11:00:00,14:50:00
28368,177,analysis,3142-clwa-2231,2018-04-04,2018-04-21,01:00:00,04:23:00
14606,177,analysis,3142-clwa-2219,2018-04-02,2018-04-15,10:00:00,11:19:00
29995,177,analysis,3144-clwa-4209,2018-03-06,2018-04-02,17:00:00,17:36:00
26447,177,analysis,3142-clwa-2219,2018-03-04,2018-03-13,21:00:00,21:13:00
28729,177,analysis,3142-clwa-2231,2018-03-03,2018-04-15,08:30:00,09:53:00
32483,177,analysis,3142-clwa-2231,2018-02-25,2018-04-14,05:30:00,06:15:00
17123,177,analysis,3142-clwa-2051,2018-04-18,2018-04-24,23:00:00,00:00:00
28165,177,analysis,3146-clwa-6217,2018-04-19,2018-04-22,02:00:00,04:42:00
15029,177,analysis,3142-clwa-2209,2018-03-30,2018-04-05,08:30:00,11:55:00
18104,177,analysis,3142-clwa-2231,2018-02-22,2018-04-12,06:00:00,09:14:00
14164,177,analysis,3142-clwa-2099,2018-03-19,2018-03-20,03:30:00,05:59:00
15200,177,analysis,3142-clwa-2099,2018-02-19,2018-03-19,21:30:00,02:21:00
18884,177,analysis,3145-clwa-5019,2018-03-27,2018-04-22,12:30:00,13:53:00
26686,177,analysis,3142-clwa-2219,2018-03-12,2018-04-16,22:30:00,23:29:00
17026,177,analysis,3146-clwa-6217,2018-03-18,2018-03-22,20:30:00,01:20:00
32315,177,analysis,3142-clwa-2219,2018-04-27,2018-04-28,10:00:00,14:45:00
21090,177,analysis,3142-clwa-2059,2018-03-04,2018-04-19,09:00:00,13:21:00
14894,177,analysis,3142-clwa-2051,2018-02-11,2018-04-06,09:00:00,09:15:00
33692,177,analysis,3146-clwa-6122,2018-02-27,2018-04-22,02:30:00,04:07:00
29408,177,analysis,3142-clwa-2099,2018-02-23,2018-03-26,23:30:00,01:26:00
10473,177,analysis,3142-clwa-2065,2018-04-02,2018-04-29,12:00:00,14:00:00
16371,177,analysis,3142-clwa-2209,2018-03-01,2018-03-18,23:00:00,01:44:00
15576,177,analysis,3143-clwa-3019,2018-02-04,2018-02-24,10:30:00,14:27:00
6183,177,analysis,3142-clwa-2099,2018-04-23,2018-04-24,18:30:00,20:41:00
479,177,analysis,3145-clwa-5219,2018-04-12,2018-04-16,15:30:00,17:29:00
22943,177,analysis,3142-clwa-2099,2018-03-17,2018-04-05,09:30:00,14:04:00
27525,177,analysis,3142-clwa-2209,2018-04-09,2018-04-10,06:30:00,08:45:00
27572,177,analysis,3142-clwa-2051,2018-04-06,2018-04-28,02:00:00,02:25:00
7620,177,analysis,3143-clwa-3051,2018-04-05,2018-04-30,13:00:00,14:07:00
18548,177,analysis,3142-clwa-2059,2018-03-16,2018-03-16,09:30:00,12:14:00
27980,177,analysis,3142-clwa-2231,2018-02-23,2018-03-05,08:30:00,11:03:00
1235,177,analysis,3143-clwa-3219,2018-02-20,2018-04-08,10:00:00,12:52:00
13370,177,analysis,3142-clwa-2209,2018-04-30,2018-04-30,09:30:00,14:17:00
34723,177,analysis,3142-clwa-2019,2018-03-17,2018-04-03,04:00:00,07:07:00
18646,177,analysis,3142-clwa-2219,2018-03-08,2018-04-07,11:00:00,12:50:00
16720,177,analysis,3144-clwa-4019,2018-03-31,2018-04-01,01:30:00,06:20:00
12174,177,analysis,3142-clwa-2219,2018-03-13,2018-03-14,06:00:00,07:40:00
22882,177,analysis,3142-clwa-2219,2018-03-20,2018-04-05,03:30:00,03:50:00
32822,177,analysis,3142-clwa-2209,2018-02-14,2018-02-20,04:00:00,04:17:00
35038,177,analysis,3142-clwa-2099,2018-04-09,2018-04-21,10:00:00,14:54:00
6815,177,analysis,3143-clwa-3231,2018-03-28,2018-04-19,04:30:00,04:51:00
3081,177,analysis,3142-clwa-2065,2018-04-18,2018-04-18,19:30:00,22:03:00
12686,177,analysis,3142-clwa-2039,2018-02-13,2018-02-27,18:30:00,21:21:00
10357,177,analysis,3142-clwa-2099,2018-04-16,2018-04-21,22:30:00,23:03:00
12064,177,analysis,3142-clwa-2231,2018-04-12,2018-04-19,18:30:00,20:50:00
4658,177,analysis,3142-clwa-2219,2018-02-25,2018-04-25,05:30:00,08:40:00
14618,177,analysis,3142-clwa-2231,2018-02-05,2018-02-24,22:00:00,01:15:00
20671,177,analysis,3142-clwa-2099,2018-02-16,2018-02-16,10:30:00,13:05:00
18416,177,analysis,3142-clwa-2219,2018-04-12,2018-04-26,14:30:00,14:53:00
25473,177,analysis,3142-clwa-2051,2018-02-07,2018-03-21,13:00:00,16:40:00
9761,177,analysis,3142-clwa-2219,2018-02-20,2018-04-10,06:30:00,09:35:00
33620,177,analysis,3142-clwa-2209,2018-03-12,2018-04-28,00:00:00,03:16:00
1202,177,analysis,3142-clwa-2219,2018-02-21,2018-04-29,21:30:00,21:55:00
5817,177,analysis,3142-clwa-2065,2018-02-11,2018-02-17,23:30:00,01:13:00
4774,177,analysis,3142-clwa-2099,2018-02-10,2018-02-13,19:30:00,21:00:00
20650,177,analysis,3142-clwa-2065,2018-03-06,2018-04-20,16:30:00,17:23:00
15200,177,analysis,3142-clwa-2099,2018-02-24,2018-04-12,20:30:00,21:13:00
17696,177,analysis,3144-clwa-4051,2018-04-02,2018-04-24,21:00:00,21:30:00
355,177,analysis,3142-clwa-2219,2018-04-05,2018-04-09,20:30:00,00:22:00
6056,177,analysis,3146-clwa-6029,2018-02-11,2018-02-20,04:30:00,05:06:00
12954,177,analysis,3142-clwa-2051,2018-04-16,2018-04-25,22:00:00,22:31:00
22469,177,analysis,3142-clwa-2219,2018-03-23,2018-04-02,17:30:00,17:44:00
17123,177,analysis,3142-clwa-2051,2018-04-09,2018-04-13,17:00:00,18:23:00
5991,177,analysis,3142-clwa-2059,2018-02-19,2018-04-01,07:00:00,07:52:00
15991,177,analysis,3142-clwa-2065,2018-03-20,2018-04-24,04:30:00,04:43:00
21484,177,analysis,3144-clwa-4051,2018-02-20,2018-03-09,08:00:00,12:05:00
31406,177,analysis,3144-clwa-4051,2018-04-27,2018-04-29,08:30:00,10:09:00
25833,177,analysis,3142-clwa-2019,2018-03-29,2018-04-20,23:30:00,01:19:00
3473,177,analysis,3144-clwa-4051,2018-02-27,2018-03-25,10:30:00,12:49:00
25533,177,analysis,3142-clwa-2065,2018-04-21,2018-04-26,13:30:00,16:18:00
30171,177,analysis,3145-clwa-5219,2018-03-05,2018-04-05,04:30:00,07:30:00
22433,177,analysis,3142-clwa-2059,2018-02-22,2018-03-11,03:30:00,06:35:00
14686,177,analysis,3142-clwa-2209,2018-04-07,2018-04-11,21:30:00,01:16:00
26406,177,analysis,3146-clwa-6217,2018-03-28,2018-04-28,01:30:00,01:43:00
13270,177,analysis,3142-clwa-2219,2018-04-24,2018-04-30,00:00:00,02:29:00
22800,177,analysis,3142-clwa-2019,2018-04-23,2018-04-23,01:00:00,04:13:00
30424,177,analysis,3146-clwa-6217,2018-03-15,2018-04-27,22:00:00,02:41:00
1844,177,analysis,3145-clwa-5065,2018-02-25,2018-04-10,05:00:00,07:25:00
16668,177,analysis,3145-clwa-5039,2018-04-07,2018-04-16,01:30:00,06:23:00
16608,177,analysis,3146-clwa-6217,2018-04-24,2018-04-28,04:00:00,06:20:00
20360,177,analysis,3144-clwa-4051,2018-04-07,2018-04-29,20:00:00,00:03:00
27076,177,analysis,3144-clwa-4065,2018-02-11,2018-04-08,20:00:00,20:50:00
16244,177,analysis,3142-clwa-2065,2018-02-16,2018-03-12,15:30:00,18:17:00
5383,177,analysis,3143-clwa-3231,2018-04-20,2018-04-23,07:30:00,08:51:00
17026,177,analysis,3146-clwa-6217,2018-04-06,2018-04-18,05:00:00,05:54:00
783,177,analysis,3142-clwa-2099,2018-02-13,2018-04-23,03:30:00,07:54:00
28633,177,analysis,3144-clwa-4051,2018-04-02,2018-04-23,17:30:00,22:18:00
33692,177,analysis,3146-clwa-6122,2018-04-02,2018-04-28,22:30:00,02:22:00
4570,177,analysis,3142-clwa-2019,2018-04-18,2018-04-21,13:00:00,17:24:00
29807,177,analysis,3143-clwa-3231,2018-03-21,2018-04-20,08:00:00,09:15:00
28837,177,analysis,3142-clwa-2019,2018-04-26,2018-04-28,12:00:00,14:13:00
7268,177,analysis,3146-clwa-6131,2018-03-24,2018-04-12,19:30:00,20:28:00
13694,177,analysis,3145-clwa-5219,2018-04-08,2018-04-21,06:30:00,07:47:00
33169,177,analysis,3142-clwa-2019,2018-04-03,2018-04-10,00:30:00,03:22:00
20808,177,analysis,3142-clwa-2051,2018-04-18,2018-04-30,17:30:00,21:07:00
22018,177,analysis,3142-clwa-2219,2018-02-21,2018-02-27,02:00:00,04:30:00
35273,177,analysis,3142-clwa-2231,2018-02-17,2018-04-21,00:30:00,01:12:00
9631,177,analysis,3142-clwa-2231,2018-03-11,2018-03-28,11:30:00,15:50:00
3377,177,analysis,3146-clwa-6131,2018-02-22,2018-04-25,16:30:00,19:13:00
32327,177,analysis,3145-clwa-5019,2018-03-08,2018-04-13,13:30:00,15:10:00
26619,177,analysis,3142-clwa-2219,2018-03-10,2018-03-27,20:00:00,23:13:00
26227,177,analysis,3142-clwa-2051,2018-04-20,2018-04-24,19:00:00,19:43:00
11618,177,analysis,3143-clwa-3231,2018-03-31,2018-04-05,13:30:00,15:43:00
17172,177,analysis,3142-clwa-2209,2018-02-27,2018-03-21,03:30:00,08:27:00
34116,177,analysis,3142-clwa-2231,2018-02-07,2018-04-19,14:00:00,15:47:00
25727,177,analysis,3142-clwa-2051,2018-03-29,2018-04-25,07:00:00,07:42:00
24075,177,analysis,3142-clwa-2209,2018-03-06,2018-03-15,18:30:00,22:01:00
16321,177,analysis,3146-clwa-6217,2018-03-22,2018-04-19,11:00:00,14:15:00
34464,177,analysis,3146-clwa-6029,2018-03-15,2018-03-29,09:00:00,10:22:00
32327,177,analysis,3145-clwa-5019,2018-04-16,2018-04-24,03:30:00,04:21:00
user_id,faculty_id,course_name,loceq,start_date,end_date,start_time,end_time
31508,177,analysis,3145-clwa-5051,2018-03-12,2018-03-31,00:30:00,05:00:00
36342,177,analysis,3142-clwa-2039,2018-03-09,2018-04-28,03:30:00,07:28:00
3069,177,analysis,3142-clwa-2065,2018-02-22,2018-04-06,19:30:00,23:49:00
32351,177,analysis,3142-clwa-2219,2018-02-12,2018-03-04,06:30:00,06:37:00
21212,177,analysis,3142-clwa-2099,2018-02-16,2018-04-30,19:30:00,23:41:00
25119,177,analysis,3142-clwa-2209,2018-04-22,2018-04-29,11:30:00,15:56:00
13228,177,analysis,3142-clwa-2039,2018-03-16,2018-03-16,20:00:00,23:57:00
14547,177,analysis,3146-clwa-6049,2018-03-17,2018-04-10,14:30:00,14:44:00
15008,177,analysis,3142-clwa-2051,2018-02-14,2018-03-17,17:00:00,19:13:00
36046,177,analysis,3142-clwa-2209,2018-04-26,2018-04-26,22:30:00,02:31:00
3929,177,analysis,3142-clwa-2019,2018-02-22,2018-02-27,19:00:00,20:32:00
28900,177,analysis,3142-clwa-2099,2018-02-02,2018-02-24,21:00:00,01:21:00
10451,177,analysis,3142-clwa-2219,2018-02-12,2018-03-03,03:30:00,07:28:00
26263,177,analysis,3144-clwa-4065,2018-04-26,2018-04-29,09:00:00,10:20:00
7256,177,analysis,3142-clwa-2219,2018-03-01,2018-03-01,20:30:00,00:54:00
35234,177,analysis,3142-clwa-2059,2018-03-28,2018-04-27,02:30:00,03:04:00
24018,177,analysis,3142-clwa-2059,2018-03-19,2018-04-25,20:00:00,23:37:00
35202,177,analysis,3142-clwa-2051,2018-03-09,2018-04-23,21:00:00,23:23:00
22911,177,analysis,3145-clwa-5065,2018-02-28,2018-03-19,06:00:00,06:41:00
17115,177,analysis,3142-clwa-2065,2018-03-11,2018-03-18,18:30:00,19:25:00
532,177,analysis,3142-clwa-2231,2018-02-12,2018-04-09,02:00:00,04:52:00
24855,177,analysis,3142-clwa-2219,2018-03-25,2018-04-28,04:00:00,05:40:00
24446,177,analysis,3142-clwa-2019,2018-02-08,2018-03-06,22:00:00,02:35:00
5698,177,analysis,3144-clwa-4231,2018-03-02,2018-03-09,14:30:00,18:06:00
30659,177,analysis,3142-clwa-2059,2018-02-18,2018-04-18,13:30:00,15:05:00
3073,177,analysis,3142-clwa-2219,2018-03-12,2018-04-01,18:00:00,21:04:00
16592,177,analysis,3142-clwa-2219,2018-02-04,2018-04-24,05:00:00,06:58:00
13321,177,analysis,3142-clwa-2059,2018-03-02,2018-03-27,04:30:00,08:23:00
4079,177,analysis,3142-clwa-2051,2018-04-14,2018-04-16,13:00:00,17:56:00
19108,177,analysis,3142-clwa-2209,2018-02-11,2018-04-30,03:00:00,05:04:00
17755,177,analysis,3142-clwa-2231,2018-03-22,2018-04-10,16:00:00,16:48:00
114,177,analysis,3146-clwa-6122,2018-03-22,2018-04-05,07:00:00,10:20:00
25573,177,analysis,3144-clwa-4209,2018-03-12,2018-03-31,07:30:00,10:42:00
8805,177,analysis,3142-clwa-2051,2018-02-03,2018-04-14,20:30:00,21:26:00
16592,177,analysis,3142-clwa-2219,2018-03-28,2018-04-17,08:00:00,11:31:00
9537,177,analysis,3142-clwa-2231,2018-02-10,2018-03-14,12:30:00,15:21:00
7112,177,analysis,3142-clwa-2219,2018-04-07,2018-04-10,08:00:00,09:22:00
31432,177,analysis,3146-clwa-6131,2018-04-01,2018-04-26,14:30:00,18:11:00
300,177,analysis,3142-clwa-2219,2018-03-05,2018-03-09,05:30:00,08:04:00
7359,177,analysis,3142-clwa-2065,2018-02-06,2018-04-12,13:30:00,16:18:00
21469,177,analysis,3142-clwa-2019,2018-03-18,2018-04-17,05:00:00,05:44:00
7326,177,analysis,3144-clwa-4231,2018-02-22,2018-03-08,20:00:00,22:24:00
34755,177,analysis,3142-clwa-2209,2018-02-05,2018-04-27,10:00:00,10:38:00
673,177,analysis,3142-clwa-2019,2018-04-11,2018-04-16,05:30:00,06:55:00
12174,177,analysis,3142-clwa-2219,2018-04-02,2018-04-23,13:30:00,17:40:00
6123,177,analysis,3146-clwa-6011,2018-02-20,2018-03-16,13:30:00,14:34:00
3233,177,analysis,3143-clwa-3051,2018-02-03,2018-04-24,13:00:00,13:59:00
19396,177,analysis,3142-clwa-2231,2018-04-11,2018-04-27,18:00:00,18:03:00
8412,177,analysis,3142-clwa-2209,2018-04-15,2018-04-24,01:30:00,05:40:00
7579,177,analysis,3142-clwa-2019,2018-04-17,2018-04-28,03:30:00,08:19:00
6419,177,analysis,3142-clwa-2019,2018-03-22,2018-04-20,06:00:00,06:04:00
8511,177,analysis,3142-clwa-2231,2018-04-15,2018-04-24,16:00:00,17:30:00
5752,177,analysis,3142-clwa-2231,2018-02-23,2018-03-22,02:30:00,06:47:00
12153,177,analysis,3144-clwa-4065,2018-04-11,2018-04-22,14:30:00,17:33:00
4610,177,analysis,3142-clwa-2051,2018-02-24,2018-04-17,00:00:00,00:41:00
9761,177,analysis,3142-clwa-2219,2018-02-14,2018-04-20,02:30:00,02:49:00
23148,177,analysis,3144-clwa-4019,2018-04-19,2018-04-30,11:30:00,15:24:00
11052,177,analysis,3142-clwa-2065,2018-04-06,2018-04-09,03:30:00,06:20:00
9508,177,analysis,3142-clwa-2059,2018-02-23,2018-03-20,21:30:00,00:26:00
7274,177,analysis,3146-clwa-6049,2018-02-16,2018-04-04,04:30:00,08:03:00
23136,177,analysis,3142-clwa-2231,2018-03-10,2018-04-15,08:00:00,11:22:00
7457,177,analysis,3143-clwa-3051,2018-04-22,2018-04-28,15:30:00,17:55:00
24413,177,analysis,3142-clwa-2059,2018-02-12,2018-03-05,07:30:00,09:30:00
5009,177,analysis,3146-clwa-6217,2018-03-04,2018-04-16,23:00:00,00:14:00
32568,177,analysis,3144-clwa-4065,2018-03-16,2018-04-13,20:30:00,23:12:00
11332,177,analysis,3142-clwa-2051,2018-02-25,2018-04-11,10:00:00,11:31:00
7308,177,analysis,3142-clwa-2051,2018-04-20,2018-04-20,12:30:00,16:13:00
18160,177,analysis,3142-clwa-2209,2018-03-03,2018-04-27,23:00:00,23:00:00
30301,177,analysis,3142-clwa-2065,2018-03-30,2018-04-17,14:00:00,17:37:00
30136,177,analysis,3142-clwa-2219,2018-02-16,2018-02-17,18:00:00,20:19:00
5520,177,analysis,3146-clwa-6217,2018-02-10,2018-03-14,10:30:00,11:34:00
5850,177,analysis,3145-clwa-5065,2018-03-04,2018-03-08,06:00:00,08:20:00
32591,177,analysis,3143-clwa-3099,2018-04-28,2018-04-30,08:30:00,09:01:00
4950,177,analysis,3142-clwa-2019,2018-04-15,2018-04-26,15:00:00,15:42:00
9988,177,analysis,3146-clwa-6011,2018-04-15,2018-04-24,20:30:00,01:03:00
13435,177,analysis,3142-clwa-2065,2018-02-26,2018-04-15,10:00:00,13:28:00
10357,177,analysis,3142-clwa-2099,2018-02-18,2018-04-09,17:00:00,18:33:00
32054,177,analysis,3146-clwa-6049,2018-04-16,2018-04-24,16:00:00,17:26:00
31238,177,analysis,3142-clwa-2231,2018-02-06,2018-03-09,01:00:00,03:37:00
24497,177,analysis,3142-clwa-2219,2018-04-11,2018-04-20,09:00:00,11:26:00
30906,177,analysis,3142-clwa-2051,2018-04-25,2018-04-25,10:30:00,14:41:00
18935,177,analysis,3142-clwa-2099,2018-02-25,2018-02-28,04:30:00,05:47:00
32898,177,analysis,3144-clwa-4051,2018-03-02,2018-04-15,17:00:00,21:23:00
26485,177,analysis,3142-clwa-2209,2018-02-04,2018-02-12,08:30:00,12:40:00
19762,177,analysis,3142-clwa-2059,2018-03-31,2018-04-21,20:00:00,00:42:00
33862,177,analysis,3142-clwa-2099,2018-02-02,2018-03-22,18:00:00,21:38:00
23353,177,analysis,3142-clwa-2099,2018-04-27,2018-04-27,05:00:00,05:16:00
13690,177,analysis,3145-clwa-5231,2018-03-09,2018-04-15,22:00:00,23:49:00
8418,177,analysis,3142-clwa-2209,2018-04-06,2018-04-17,23:30:00,01:36:00
13695,177,analysis,3142-clwa-2065,2018-03-01,2018-03-14,14:00:00,16:33:00
11044,177,analysis,3142-clwa-2231,2018-03-12,2018-04-18,05:30:00,06:08:00
25316,177,analysis,3142-clwa-2051,2018-04-06,2018-04-23,12:00:00,15:42:00
9988,177,analysis,3146-clwa-6011,2018-04-03,2018-04-12,02:00:00,03:22:00
23004,177,analysis,3146-clwa-6049,2018-04-01,2018-04-08,05:00:00,09:39:00
16608,177,analysis,3146-clwa-6217,2018-03-18,2018-04-03,16:00:00,16:01:00
13855,177,analysis,3142-clwa-2059,2018-02-15,2018-03-18,16:00:00,17:38:00
17172,177,analysis,3142-clwa-2209,2018-04-17,2018-04-18,16:30:00,21:01:00
15646,177,analysis,3143-clwa-3051,2018-03-16,2018-04-21,05:00:00,08:50:00
26580,177,analysis,3143-clwa-3059,2018-03-23,2018-04-06,06:00:00,09:56:00
26884,177,analysis,3142-clwa-2065,2018-02-26,2018-03-15,20:30:00,01:08:00
17260,177,analysis,3145-clwa-5231,2018-03-21,2018-04-16,01:00:00,04:52:00
13525,177,analysis,3145-clwa-5209,2018-02-28,2018-04-25,13:00:00,14:07:00
29615,177,analysis,3142-clwa-2065,2018-04-06,2018-04-12,14:30:00,14:51:00
33764,177,analysis,3144-clwa-4051,2018-02-16,2018-03-08,03:30:00,03:49:00
28686,177,analysis,3142-clwa-2051,2018-03-02,2018-04-11,23:30:00,03:05:00
1220,177,analysis,3142-clwa-2019,2018-03-28,2018-04-24,02:30:00,07:14:00
22829,177,analysis,3142-clwa-2051,2018-04-27,2018-04-28,12:00:00,12:52:00
23213,177,analysis,3142-clwa-2019,2018-03-12,2018-04-02,13:30:00,13:46:00
27717,177,analysis,3142-clwa-2051,2018-03-22,2018-04-06,23:30:00,23:54:00
13434,177,analysis,3142-clwa-2219,2018-03-20,2018-03-21,04:00:00,06:03:00
2922,177,analysis,3144-clwa-4019,2018-04-06,2018-04-30,03:00:00,07:23:00
23041,177,analysis,3142-clwa-2219,2018-02-02,2018-03-31,09:00:00,13:12:00
34724,177,analysis,3142-clwa-2099,2018-04-15,2018-04-16,12:00:00,15:15:00
23860,177,analysis,3143-clwa-3051,2018-02-15,2018-03-08,12:30:00,13:31:00
36342,177,analysis,3142-clwa-2039,2018-02-21,2018-04-27,12:00:00,13:16:00
20133,177,analysis,3142-clwa-2019,2018-02-16,2018-04-01,09:00:00,10:35:00
12153,177,analysis,3144-clwa-4065,2018-04-11,2018-04-23,12:30:00,15:26:00
6497,177,analysis,3142-clwa-2019,2018-03-30,2018-04-25,14:00:00,15:54:00
34835,177,analysis,3146-clwa-6011,2018-02-16,2018-03-09,06:00:00,06:15:00
32568,177,analysis,3144-clwa-4065,2018-04-09,2018-04-17,18:30:00,20:14:00
36043,177,analysis,3142-clwa-2051,2018-04-27,2018-04-30,05:30:00,09:52:00
29813,177,analysis,3146-clwa-6217,2018-04-05,2018-04-16,05:00:00,05:31:00
7771,177,analysis,3142-clwa-2219,2018-04-22,2018-04-25,01:30:00,04:40:00
3270,177,analysis,3142-clwa-2019,2018-03-22,2018-04-19,22:30:00,00:08:00
22090,177,analysis,3142-clwa-2231,2018-03-07,2018-04-17,14:00:00,18:59:00
27257,177,analysis,3144-clwa-4231,2018-04-10,2018-04-23,22:30:00,02:42:00
14411,177,analysis,3142-clwa-2209,2018-03-21,2018-04-23,05:00:00,05:13:00
32875,177,analysis,3142-clwa-2051,2018-04-05,2018-04-08,11:00:00,11:12:00
29007,177,analysis,3144-clwa-4065,2018-04-24,2018-04-25,08:30:00,12:14:00
12390,177,analysis,3142-clwa-2019,2018-02-22,2018-04-30,21:30:00,00:45:00
2921,177,analysis,3146-clwa-6011,2018-04-06,2018-04-13,14:30:00,15:46:00
34027,177,analysis,3142-clwa-2019,2018-03-19,2018-04-10,18:30:00,20:21:00
21465,177,analysis,3142-clwa-2099,2018-02-18,2018-04-07,10:30:00,10:38:00
34152,177,analysis,3142-clwa-2059,2018-02-04,2018-03-22,21:00:00,22:11:00
36423,177,analysis,3142-clwa-2219,2018-03-22,2018-04-07,18:30:00,19:00:00
786,177,analysis,3142-clwa-2231,2018-04-13,2018-04-30,23:00:00,01:41:00
15799,177,analysis,3142-clwa-2059,2018-04-10,2018-04-19,09:00:00,12:16:00
34424,177,analysis,3142-clwa-2019,2018-03-09,2018-03-29,22:00:00,23:54:00
23525,177,analysis,3142-clwa-2059,2018-04-07,2018-04-17,00:00:00,04:23:00
27135,177,analysis,3142-clwa-2019,2018-02-07,2018-04-09,03:30:00,06:47:00
2862,177,analysis,3142-clwa-2219,2018-03-06,2018-03-22,17:00:00,17:18:00
15795,177,analysis,3144-clwa-4059,2018-02-19,2018-03-02,07:30:00,07:42:00
35059,177,analysis,3145-clwa-5209,2018-03-28,2018-04-23,04:00:00,04:08:00
30258,177,analysis,3146-clwa-6122,2018-04-15,2018-04-23,10:30:00,10:38:00
18747,177,analysis,3146-clwa-6131,2018-03-08,2018-04-06,09:30:00,10:48:00
5698,177,analysis,3144-clwa-4231,2018-04-15,2018-04-27,18:00:00,18:52:00
19758,177,analysis,3143-clwa-3059,2018-03-11,2018-03-21,17:30:00,19:24:00
25373,177,analysis,3142-clwa-2209,2018-04-06,2018-04-15,00:00:00,03:52:00
10317,177,analysis,3142-clwa-2219,2018-04-02,2018-04-13,10:00:00,10:14:00
27176,177,analysis,3142-clwa-2019,2018-02-24,2018-03-30,00:30:00,04:26:00
29813,177,analysis,3146-clwa-6217,2018-03-02,2018-04-29,00:30:00,03:33:00
5747,177,analysis,3142-clwa-2059,2018-03-10,2018-04-14,04:00:00,06:05:00
21428,177,analysis,3142-clwa-2065,2018-02-23,2018-02-28,05:30:00,09:27:00
14618,177,analysis,3142-clwa-2231,2018-03-31,2018-04-12,05:30:00,06:19:00
33696,177,analysis,3142-clwa-2059,2018-04-04,2018-04-26,14:00:00,16:56:00
8024,177,analysis,3142-clwa-2051,2018-04-04,2018-04-19,16:00:00,18:03:00
15963,177,analysis,3142-clwa-2039,2018-04-21,2018-04-26,19:00:00,23:43:00
23991,177,analysis,3144-clwa-4231,2018-02-22,2018-03-17,10:30:00,12:26:00
23172,177,analysis,3142-clwa-2231,2018-04-08,2018-04-16,10:30:00,13:33:00
16620,177,analysis,3143-clwa-3231,2018-03-03,2018-04-27,07:00:00,07:28:00
22148,177,analysis,3142-clwa-2051,2018-04-07,2018-04-26,01:30:00,04:49:00
23486,177,analysis,3146-clwa-6217,2018-02-08,2018-04-13,15:00:00,15:39:00
20630,177,analysis,3142-clwa-2231,2018-04-12,2018-04-21,10:30:00,14:37:00
7825,177,analysis,3142-clwa-2099,2018-03-08,2018-04-20,06:30:00,10:53:00
20732,177,analysis,3144-clwa-4059,2018-03-12,2018-04-16,02:00:00,06:54:00
4153,177,analysis,3142-clwa-2231,2018-04-19,2018-04-25,16:30:00,18:39:00
35777,177,analysis,3142-clwa-2231,2018-03-02,2018-03-17,07:30:00,07:58:00
34755,177,analysis,3142-clwa-2209,2018-04-28,2018-04-30,02:00:00,02:02:00
4731,177,analysis,3142-clwa-2059,2018-04-03,2018-04-05,10:00:00,10:15:00
29898,177,analysis,3142-clwa-2019,2018-04-09,2018-04-24,14:30:00,18:15:00
13434,177,analysis,3142-clwa-2219,2018-04-29,2018-04-30,08:00:00,10:10:00
11344,177,analysis,3144-clwa-4059,2018-04-12,2018-04-12,03:30:00,06:33:00
12777,177,analysis,3142-clwa-2019,2018-03-01,2018-04-02,21:30:00,22:25:00
27795,177,analysis,3144-clwa-4051,2018-02-04,2018-02-07,13:30:00,15:37:00
34825,177,analysis,3146-clwa-6029,2018-03-18,2018-03-24,01:30:00,02:33:00
20568,177,analysis,3142-clwa-2019,2018-04-02,2018-04-25,12:00:00,16:51:00
654,177,analysis,3142-clwa-2051,2018-03-07,2018-03-16,04:30:00,06:09:00
19743,177,analysis,3145-clwa-5209,2018-03-03,2018-04-26,07:30:00,07:38:00
20877,177,analysis,3142-clwa-2231,2018-03-07,2018-03-21,19:30:00,19:38:00
1609,177,analysis,3142-clwa-2219,2018-04-11,2018-04-19,16:30:00,21:05:00
8290,177,analysis,3142-clwa-2219,2018-04-22,2018-04-28,20:00:00,20:09:00
13615,177,analysis,3142-clwa-2231,2018-04-23,2018-04-25,01:30:00,02:35:00
13103,177,analysis,3142-clwa-2019,2018-02-21,2018-03-14,11:30:00,12:25:00
22554,177,analysis,3142-clwa-2219,2018-03-14,2018-04-21,09:00:00,13:50:00
34068,177,analysis,3142-clwa-2219,2018-02-24,2018-03-24,04:30:00,06:30:00
8008,177,analysis,3142-clwa-2209,2018-03-04,2018-04-10,14:00:00,15:08:00
23154,177,analysis,3142-clwa-2059,2018-04-17,2018-04-20,23:30:00,03:41:00
34839,177,analysis,3142-clwa-2219,2018-04-16,2018-04-24,20:00:00,00:28:00
35599,177,analysis,3142-clwa-2019,2018-03-31,2018-04-07,15:00:00,15:24:00
783,177,analysis,3142-clwa-2099,2018-04-19,2018-04-23,04:00:00,07:59:00
31866,177,analysis,3143-clwa-3059,2018-02-03,2018-03-05,11:30:00,13:03:00
7739,177,analysis,3146-clwa-6049,2018-03-21,2018-04-16,23:30:00,02:16:00
25322,177,analysis,3144-clwa-4099,2018-04-22,2018-04-24,23:30:00,04:24:00
27409,177,analysis,3146-clwa-6011,2018-02-05,2018-04-28,16:00:00,20:50:00
393,177,analysis,3142-clwa-2231,2018-03-10,2018-03-27,15:00:00,18:16:00
13885,177,analysis,3144-clwa-4099,2018-04-23,2018-04-28,08:30:00,11:06:00
5761,177,analysis,3142-clwa-2219,2018-02-01,2018-04-25,06:30:00,09:32:00
30482,177,analysis,3142-clwa-2219,2018-04-04,2018-04-08,17:00:00,18:52:00
7080,177,analysis,3142-clwa-2019,2018-03-25,2018-04-15,13:00:00,15:20:00
user_id,faculty_id,course_name,loceq,start_date,end_date,start_time,end_time
5810,177,analysis,3142-clwa-2051,2018-03-18,2018-04-06,10:00:00,13:25:00
18584,177,analysis,3144-clwa-4051,2018-03-24,2018-04-28,03:00:00,05:24:00
28837,177,analysis,3142-clwa-2019,2018-04-18,2018-04-27,13:00:00,16:18:00
16949,177,analysis,3142-clwa-2065,2018-03-23,2018-03-28,09:30:00,13:37:00
30984,177,analysis,3142-clwa-2099,2018-04-24,2018-04-28,00:00:00,02:56:00
33633,177,analysis,3142-clwa-2019,2018-03-08,2018-03-16,09:30:00,09:38:00
24258,177,analysis,3142-clwa-2219,2018-02-06,2018-03-03,08:30:00,08:35:00
35534,177,analysis,3145-clwa-5019,2018-03-23,2018-04-29,01:30:00,05:51:00
16346,177,analysis,3142-clwa-2219,2018-03-23,2018-04-19,13:30:00,18:00:00
7308,177,analysis,3142-clwa-2051,2018-03-03,2018-03-22,03:30:00,06:31:00
8791,177,analysis,3142-clwa-2209,2018-04-15,2018-04-25,02:00:00,06:11:00
9881,177,analysis,3142-clwa-2039,2018-02-23,2018-03-06,23:30:00,01:28:00
32037,177,analysis,3144-clwa-4231,2018-04-23,2018-04-23,07:30:00,09:39:00
22995,177,analysis,3144-clwa-4039,2018-03-30,2018-04-05,21:30:00,00:25:00
35811,177,analysis,3142-clwa-2231,2018-04-21,2018-04-27,19:00:00,21:30:00
8482,177,analysis,3142-clwa-2219,2018-02-20,2018-03-07,21:00:00,01:54:00
27909,177,analysis,3142-clwa-2051,2018-02-18,2018-03-01,01:00:00,01:34:00
14408,177,analysis,3142-clwa-2059,2018-04-22,2018-04-23,19:00:00,20:46:00
24754,177,analysis,3142-clwa-2231,2018-04-20,2018-04-24,13:30:00,13:39:00
24549,177,analysis,3142-clwa-2231,2018-04-26,2018-04-26,09:30:00,11:24:00
2613,177,analysis,3142-clwa-2231,2018-04-14,2018-04-25,16:30:00,21:01:00
9508,177,analysis,3142-clwa-2059,2018-02-26,2018-03-06,10:30:00,15:29:00
20997,177,analysis,3142-clwa-2019,2018-02-10,2018-04-01,20:30:00,21:45:00
28591,177,analysis,3142-clwa-2099,2018-04-25,2018-04-30,22:00:00,02:44:00
4717,177,analysis,3144-clwa-4051,2018-02-13,2018-04-26,06:30:00,07:08:00
29995,177,analysis,3144-clwa-4209,2018-02-04,2018-04-23,09:00:00,09:56:00
22261,177,analysis,3143-clwa-3231,2018-02-02,2018-04-30,19:30:00,20:56:00
1063,177,analysis,3145-clwa-5231,2018-02-27,2018-04-28,08:30:00,11:03:00
3672,177,analysis,3142-clwa-2051,2018-02-04,2018-02-23,07:30:00,07:47:00
18008,177,analysis,3142-clwa-2059,2018-03-07,2018-04-23,06:00:00,10:28:00
11532,177,analysis,3142-clwa-2039,2018-02-09,2018-03-19,22:30:00,03:28:00
5906,177,analysis,3143-clwa-3209,2018-03-18,2018-04-20,10:30:00,11:36:00
21260,177,analysis,3144-clwa-4099,2018-04-08,2018-04-22,00:00:00,04:56:00
25209,177,analysis,3145-clwa-5209,2018-02-08,2018-03-07,06:30:00,07:46:00
783,177,analysis,3142-clwa-2099,2018-02-19,2018-04-08,03:30:00,06:51:00
26495,177,analysis,3146-clwa-6029,2018-04-15,2018-04-21,03:30:00,05:46:00
26853,177,analysis,3142-clwa-2219,2018-03-07,2018-04-26,14:00:00,18:14:00
13052,177,analysis,3142-clwa-2051,2018-02-17,2018-03-15,14:00:00,17:57:00
21571,177,analysis,3146-clwa-6049,2018-03-23,2018-03-25,05:00:00,07:35:00
21131,177,analysis,3146-clwa-6217,2018-03-16,2018-04-06,12:00:00,15:52:00
35670,177,analysis,3142-clwa-2065,2018-03-11,2018-03-14,23:30:00,00:38:00
29426,177,analysis,3142-clwa-2099,2018-02-17,2018-03-09,00:30:00,05:23:00
3008,177,analysis,3142-clwa-2219,2018-04-22,2018-04-24,19:00:00,23:16:00
24879,177,analysis,3142-clwa-2059,2018-02-05,2018-03-02,08:30:00,12:40:00
28056,177,analysis,3142-clwa-2059,2018-02-21,2018-04-03,19:30:00,19:54:00
6321,177,analysis,3142-clwa-2099,2018-03-04,2018-04-27,03:00:00,06:09:00
21079,177,analysis,3142-clwa-2099,2018-03-25,2018-04-02,16:00:00,17:08:00
433,177,analysis,3145-clwa-5019,2018-03-22,2018-04-02,19:30:00,00:13:00
14341,177,analysis,3142-clwa-2219,2018-04-01,2018-04-27,07:00:00,11:55:00
24526,177,analysis,3142-clwa-2019,2018-04-18,2018-04-20,10:00:00,12:03:00
6598,177,analysis,3145-clwa-5059,2018-03-08,2018-03-08,13:00:00,14:38:00
18920,177,analysis,3142-clwa-2099,2018-03-11,2018-04-03,02:00:00,02:53:00
33359,177,analysis,3142-clwa-2209,2018-04-16,2018-04-19,17:00:00,21:46:00
5910,177,analysis,3143-clwa-3051,2018-03-26,2018-04-01,17:30:00,20:29:00
3192,177,analysis,3142-clwa-2231,2018-02-02,2018-02-15,01:00:00,01:06:00
13299,177,analysis,3142-clwa-2219,2018-04-07,2018-04-29,05:00:00,09:46:00
15730,177,analysis,3142-clwa-2231,2018-03-16,2018-04-08,14:00:00,15:22:00
28325,177,analysis,3142-clwa-2231,2018-03-17,2018-04-18,03:30:00,08:26:00
31562,177,analysis,3143-clwa-3231,2018-02-25,2018-04-03,17:30:00,18:15:00
13411,177,analysis,3142-clwa-2051,2018-02-06,2018-02-24,09:00:00,11:26:00
25605,177,analysis,3142-clwa-2065,2018-04-01,2018-04-02,23:30:00,00:53:00
33977,177,analysis,3142-clwa-2209,2018-02-18,2018-04-28,05:30:00,07:04:00
31683,177,analysis,3142-clwa-2219,2018-03-23,2018-04-27,18:00:00,21:51:00
210,177,analysis,3142-clwa-2051,2018-03-27,2018-04-21,00:00:00,01:38:00
29001,177,analysis,3145-clwa-5065,2018-04-29,2018-04-30,11:00:00,14:38:00
27539,177,analysis,3142-clwa-2219,2018-03-01,2018-04-17,04:30:00,07:16:00
29168,177,analysis,3142-clwa-2231,2018-04-18,2018-04-25,05:00:00,06:27:00
23814,177,analysis,3146-clwa-6217,2018-04-19,2018-04-26,14:00:00,14:58:00
27560,177,analysis,3142-clwa-2219,2018-03-12,2018-03-22,01:00:00,01:51:00
35013,177,analysis,3142-clwa-2219,2018-03-12,2018-03-26,01:00:00,02:49:00
34037,177,analysis,3142-clwa-2051,2018-03-23,2018-04-24,10:30:00,14:51:00
23117,177,analysis,3142-clwa-2231,2018-04-26,2018-04-29,12:00:00,13:07:00
20422,177,analysis,3142-clwa-2019,2018-04-22,2018-04-25,03:30:00,06:53:00
10322,177,analysis,3142-clwa-2019,2018-02-20,2018-03-08,00:30:00,01:57:00
17803,177,analysis,3142-clwa-2099,2018-04-05,2018-04-18,23:30:00,03:07:00
29279,177,analysis,3142-clwa-2019,2018-04-27,2018-04-30,20:00:00,21:40:00
13885,177,analysis,3144-clwa-4099,2018-03-12,2018-04-19,16:30:00,20:18:00
3765,177,analysis,3142-clwa-2231,2018-03-10,2018-04-03,18:00:00,21:06:00
36408,177,analysis,3142-clwa-2019,2018-03-27,2018-04-25,15:30:00,16:12:00
16949,177,analysis,3142-clwa-2065,2018-03-03,2018-04-27,01:00:00,05:17:00
1235,177,analysis,3143-clwa-3219,2018-04-09,2018-04-24,21:30:00,22:09:00
12447,177,analysis,3146-clwa-6049,2018-04-26,2018-04-30,09:00:00,09:06:00
20871,177,analysis,3142-clwa-2219,2018-04-18,2018-04-30,06:00:00,10:31:00
21191,177,analysis,3143-clwa-3099,2018-02-18,2018-03-11,10:30:00,11:38:00
34876,177,analysis,3142-clwa-2099,2018-04-19,2018-04-19,03:30:00,06:05:00
26543,177,analysis,3142-clwa-2219,2018-03-14,2018-04-07,14:30:00,17:21:00
27763,177,analysis,3142-clwa-2051,2018-04-08,2018-04-15,11:00:00,12:07:00
17677,177,analysis,3142-clwa-2219,2018-03-30,2018-04-22,07:30:00,12:29:00
21296,177,analysis,3146-clwa-6029,2018-03-19,2018-04-21,17:30:00,19:08:00
31006,177,analysis,3144-clwa-4099,2018-04-12,2018-04-22,23:00:00,01:43:00
23439,177,analysis,3146-clwa-6122,2018-03-16,2018-04-04,06:00:00,06:09:00
2063,177,analysis,3143-clwa-3219,2018-04-03,2018-04-05,17:00:00,17:34:00
26039,177,analysis,3142-clwa-2019,2018-03-25,2018-04-15,05:30:00,05:50:00
15853,177,analysis,3142-clwa-2019,2018-03-09,2018-04-13,17:00:00,17:02:00
28392,177,analysis,3142-clwa-2209,2018-02-12,2018-03-16,08:30:00,11:42:00
21847,177,analysis,3146-clwa-6131,2018-04-06,2018-04-23,00:00:00,00:04:00
20562,177,analysis,3145-clwa-5209,2018-02-04,2018-02-14,06:30:00,11:04:00
33448,177,analysis,3142-clwa-2051,2018-03-17,2018-04-09,08:30:00,09:43:00
18764,177,analysis,3142-clwa-2099,2018-04-19,2018-04-19,23:00:00,03:57:00
22867,177,analysis,3144-clwa-4099,2018-03-04,2018-04-02,16:00:00,17:58:00
12472,177,analysis,3142-clwa-2051,2018-03-15,2018-03-21,12:30:00,13:24:00
21778,177,analysis,3142-clwa-2019,2018-04-04,2018-04-06,22:30:00,01:59:00
15222,177,analysis,3142-clwa-2051,2018-04-25,2018-04-27,17:30:00,17:40:00
14710,177,analysis,3144-clwa-4231,2018-04-13,2018-04-23,03:00:00,05:17:00
23073,177,analysis,3142-clwa-2219,2018-02-05,2018-04-02,06:30:00,08:32:00
2498,177,analysis,3142-clwa-2231,2018-04-01,2018-04-26,12:00:00,14:48:00
12967,177,analysis,3142-clwa-2019,2018-03-24,2018-03-28,05:30:00,09:32:00
11827,177,analysis,3142-clwa-2065,2018-04-24,2018-04-29,02:30:00,04:22:00
17624,177,analysis,3146-clwa-6049,2018-03-21,2018-04-22,05:00:00,09:37:00
12686,177,analysis,3142-clwa-2039,2018-04-16,2018-04-24,01:00:00,02:53:00
2055,177,analysis,3142-clwa-2051,2018-04-18,2018-04-19,14:30:00,17:34:00
35994,177,analysis,3146-clwa-6011,2018-03-24,2018-04-02,06:00:00,07:23:00
30327,177,analysis,3142-clwa-2231,2018-04-14,2018-04-24,07:30:00,11:19:00
14897,177,analysis,3142-clwa-2099,2018-03-07,2018-03-10,19:00:00,23:55:00
5398,177,analysis,3142-clwa-2039,2018-04-17,2018-04-24,08:00:00,12:17:00
11406,177,analysis,3146-clwa-6217,2018-02-16,2018-03-24,14:00:00,17:47:00
23172,177,analysis,3142-clwa-2231,2018-02-13,2018-04-20,23:00:00,23:22:00
2026,177,analysis,3145-clwa-5019,2018-04-22,2018-04-30,04:00:00,04:15:00
23177,177,analysis,3142-clwa-2051,2018-03-21,2018-03-23,08:30:00,09:23:00
14547,177,analysis,3146-clwa-6049,2018-03-14,2018-04-17,18:30:00,21:21:00
31036,177,analysis,3142-clwa-2065,2018-03-12,2018-03-13,10:00:00,11:19:00
9863,177,analysis,3142-clwa-2019,2018-04-27,2018-04-30,15:30:00,18:40:00
8808,177,analysis,3142-clwa-2099,2018-02-18,2018-04-21,11:30:00,12:10:00
20790,177,analysis,3142-clwa-2065,2018-03-29,2018-04-22,06:00:00,08:19:00
1812,177,analysis,3142-clwa-2099,2018-03-07,2018-04-25,06:30:00,08:38:00
22609,177,analysis,3142-clwa-2209,2018-04-01,2018-04-05,08:30:00,09:47:00
3949,177,analysis,3142-clwa-2019,2018-04-30,2018-04-30,01:30:00,05:48:00
3949,177,analysis,3142-clwa-2019,2018-02-14,2018-04-20,00:00:00,00:32:00
17708,177,analysis,3144-clwa-4051,2018-02-23,2018-04-18,06:30:00,11:18:00
23853,177,analysis,3143-clwa-3065,2018-03-04,2018-04-29,14:00:00,15:10:00
16742,177,analysis,3142-clwa-2059,2018-02-14,2018-03-28,10:30:00,14:41:00
23769,177,analysis,3142-clwa-2231,2018-04-26,2018-04-29,21:30:00,23:43:00
28779,177,analysis,3142-clwa-2219,2018-03-18,2018-03-31,13:30:00,17:59:00
22213,177,analysis,3146-clwa-6049,2018-02-04,2018-03-08,06:00:00,10:54:00
24361,177,analysis,3142-clwa-2059,2018-04-19,2018-04-20,02:00:00,05:27:00
21778,177,analysis,3142-clwa-2019,2018-03-09,2018-04-06,20:00:00,20:16:00
34794,177,analysis,3144-clwa-4051,2018-03-08,2018-04-25,23:00:00,23:13:00
22796,177,analysis,3146-clwa-6049,2018-02-14,2018-03-07,01:30:00,02:46:00
34334,177,analysis,3142-clwa-2019,2018-04-23,2018-04-30,10:30:00,11:53:00
4686,177,analysis,3144-clwa-4051,2018-03-25,2018-03-30,20:30:00,00:15:00
6089,177,analysis,3142-clwa-2059,2018-03-26,2018-04-15,22:00:00,00:54:00
30499,177,analysis,3144-clwa-4059,2018-03-25,2018-04-16,11:30:00,15:08:00
33149,177,analysis,3146-clwa-6131,2018-02-17,2018-02-19,01:00:00,05:43:00
30403,177,analysis,3143-clwa-3019,2018-02-10,2018-04-12,06:30:00,10:39:00
32875,177,analysis,3142-clwa-2051,2018-03-14,2018-04-23,03:30:00,08:00:00
26734,177,analysis,3144-clwa-4099,2018-03-08,2018-04-28,10:30:00,14:28:00
33633,177,analysis,3142-clwa-2019,2018-02-23,2018-04-25,14:30:00,15:14:00
15993,177,analysis,3146-clwa-6131,2018-03-26,2018-04-20,05:00:00,08:04:00
22927,177,analysis,3142-clwa-2051,2018-02-13,2018-04-14,03:30:00,04:08:00
29615,177,analysis,3142-clwa-2065,2018-02-01,2018-03-16,22:30:00,02:38:00
6042,177,analysis,3143-clwa-3019,2018-03-11,2018-03-15,10:30:00,12:27:00
12339,177,analysis,3142-clwa-2059,2018-04-04,2018-04-25,09:30:00,13:00:00
33066,177,analysis,3145-clwa-5051,2018-04-16,2018-04-26,14:00:00,18:54:00
12616,177,analysis,3142-clwa-2019,2018-02-13,2018-03-16,02:30:00,04:56:00
25249,177,analysis,3142-clwa-2219,2018-03-24,2018-04-09,02:30:00,07:16:00
5850,177,analysis,3145-clwa-5065,2018-04-20,2018-04-27,03:00:00,05:53:00
34504,177,analysis,3142-clwa-2231,2018-02-27,2018-03-06,02:30:00,03:05:00
10868,177,analysis,3142-clwa-2019,2018-04-13,2018-04-22,19:30:00,23:31:00
11093,177,analysis,3142-clwa-2219,2018-03-04,2018-03-21,03:30:00,07:15:00
7295,177,analysis,3143-clwa-3051,2018-02-21,2018-04-18,23:30:00,02:53:00
16099,177,analysis,3142-clwa-2051,2018-03-26,2018-04-02,21:00:00,00:40:00
7512,177,analysis,3142-clwa-2231,2018-04-25,2018-04-27,06:30:00,08:49:00
3811,177,analysis,3145-clwa-5219,2018-03-25,2018-04-19,03:00:00,04:23:00
7176,177,analysis,3142-clwa-2231,2018-02-14,2018-03-22,05:30:00,09:47:00
2539,177,analysis,3142-clwa-2019,2018-03-20,2018-04-08,06:00:00,09:45:00
36332,177,analysis,3142-clwa-2059,2018-04-24,2018-04-30,06:00:00,08:02:00
20126,177,analysis,3146-clwa-6131,2018-03-29,2018-04-22,10:00:00,12:58:00
13003,177,analysis,3144-clwa-4019,2018-03-14,2018-04-17,13:30:00,17:12:00
14023,177,analysis,3142-clwa-2219,2018-03-24,2018-04-22,14:30:00,15:38:00
30497,177,analysis,3142-clwa-2219,2018-02-26,2018-03-02,17:30:00,17:34:00
35038,177,analysis,3142-clwa-2099,2018-03-15,2018-03-21,19:30:00,22:02:00
22956,177,analysis,3142-clwa-2019,2018-04-03,2018-04-03,07:30:00,08:10:00
16326,177,analysis,3143-clwa-3231,2018-03-24,2018-04-12,21:00:00,01:27:00
32933,177,analysis,3142-clwa-2019,2018-03-06,2018-04-18,11:00:00,11:14:00
4950,177,analysis,3142-clwa-2019,2018-04-19,2018-04-23,21:00:00,21:51:00
23814,177,analysis,3146-clwa-6217,2018-03-09,2018-04-07,01:30:00,02:30:00
2306,177,analysis,3145-clwa-5065,2018-02-10,2018-03-31,22:30:00,02:20:00
690,177,analysis,3142-clwa-2019,2018-04-27,2018-04-28,08:00:00,10:32:00
33919,177,analysis,3142-clwa-2019,2018-02-17,2018-04-23,15:00:00,15:44:00
35638,177,analysis,3142-clwa-2231,2018-04-13,2018-04-22,00:00:00,02:58:00
32236,177,analysis,3142-clwa-2219,2018-02-18,2018-04-07,19:30:00,23:00:00
26406,177,analysis,3146-clwa-6217,2018-02-19,2018-03-15,20:30:00,22:19:00
27375,177,analysis,3143-clwa-3019,2018-02-21,2018-04-13,21:00:00,23:52:00
43,177,analysis,3142-clwa-2231,2018-04-02,2018-04-22,00:00:00,01:47:00
13339,177,analysis,3145-clwa-5019,2018-03-16,2018-04-01,23:30:00,02:50:00
18393,177,analysis,3142-clwa-2099,2018-04-02,2018-04-09,18:00:00,21:08:00
25820,177,analysis,3143-clwa-3051,2018-03-17,2018-04-10,05:00:00,08:17:00
12494,177,analysis,3142-clwa-2019,2018-04-29,2018-04-29,19:00:00,19:09:00
13941,177,analysis,3142-clwa-2219,2018-02-11,2018-02-15,00:00:00,04:26:00
9222,177,analysis,3142-clwa-2219,2018-03-18,2018-04-15,14:00:00,17:30:00
13584,177,analysis,3146-clwa-6217,2018-04-01,2018-04-03,17:00:00,19:25:00
27519,177,analysis,3142-clwa-2019,2018-02-14,2018-02-25,10:00:00,11:59:00
25908,177,analysis,3143-clwa-3019,2018-02-19,2018-03-23,03:00:00,07:00:00
18273,177,analysis,3142-clwa-2051,2018-02-18,2018-03-28,05:00:00,07:55:00
34104,177,analysis,3142-clwa-2051,2018-02-03,2018-02-28,07:30:00,09:42:00
11873,177,analysis,3146-clwa-6217,2018-02-26,2018-04-15,00:00:00,04:15:00
11815,177,analysis,3144-clwa-4219,2018-02-27,2018-03-30,05:30:00,06:53:00
34048,177,analysis,3145-clwa-5019,2018-04-24,2018-04-26,01:30:00,06:13:00
27010,177,analysis,3142-clwa-2209,2018-04-11,2018-04-22,11:30:00,11:48:00
user_id,faculty_id,course_name,loceq,start_date,end_date,start_time,end_time
30487,177,analysis,3142-clwa-2209,2018-03-17,2018-04-30,16:30:00,20:19:00
300,177,analysis,3142-clwa-2219,2018-03-17,2018-04-28,02:00:00,03:35:00
8808,177,analysis,3142-clwa-2099,2018-03-18,2018-04-12,04:00:00,07:33:00
20539,177,analysis,3142-clwa-2051,2018-02-26,2018-04-24,20:30:00,22:45:00
16669,177,analysis,3142-clwa-2099,2018-03-06,2018-04-15,05:30:00,09:56:00
698,177,analysis,3142-clwa-2231,2018-03-12,2018-04-28,19:00:00,19:14:00
6566,177,analysis,3142-clwa-2099,2018-02-21,2018-04-23,02:00:00,03:07:00
8641,177,analysis,3143-clwa-3209,2018-03-11,2018-03-24,21:00:00,21:20:00
19912,177,analysis,3142-clwa-2231,2018-04-20,2018-04-24,05:30:00,06:02:00
32524,177,analysis,3142-clwa-2051,2018-03-16,2018-04-02,09:00:00,12:52:00
33530,177,analysis,3142-clwa-2219,2018-03-25,2018-04-09,14:00:00,16:08:00
33620,177,analysis,3142-clwa-2209,2018-03-04,2018-03-13,21:00:00,23:29:00
5749,177,analysis,3142-clwa-2065,2018-04-18,2018-04-29,21:30:00,00:08:00
33822,177,analysis,3142-clwa-2099,2018-03-13,2018-03-29,07:30:00,09:52:00
31697,177,analysis,3144-clwa-4099,2018-04-08,2018-04-24,00:30:00,01:59:00
23603,177,analysis,3145-clwa-5039,2018-02-11,2018-02-11,08:30:00,10:44:00
12889,177,analysis,3146-clwa-6049,2018-03-24,2018-04-26,12:30:00,16:24:00
8906,177,analysis,3142-clwa-2231,2018-04-01,2018-04-19,09:00:00,10:21:00
2422,177,analysis,3142-clwa-2051,2018-04-29,2018-04-29,06:00:00,10:54:00
7079,177,analysis,3142-clwa-2219,2018-03-08,2018-03-29,11:00:00,13:42:00
20957,177,analysis,3142-clwa-2019,2018-04-28,2018-04-29,19:30:00,23:30:00
13815,177,analysis,3144-clwa-4065,2018-02-18,2018-03-11,01:00:00,01:50:00
4808,177,analysis,3142-clwa-2209,2018-03-27,2018-04-26,12:30:00,14:15:00
20000,177,analysis,3142-clwa-2209,2018-04-04,2018-04-05,06:00:00,07:32:00
2847,177,analysis,3142-clwa-2219,2018-02-13,2018-03-20,14:30:00,15:20:00
29040,177,analysis,3142-clwa-2065,2018-04-30,2018-04-30,12:30:00,16:09:00
20488,177,analysis,3146-clwa-6217,2018-04-10,2018-04-10,21:00:00,21:10:00
18618,177,analysis,3142-clwa-2219,2018-04-21,2018-04-28,23:30:00,00:36:00
30171,177,analysis,3145-clwa-5219,2018-04-08,2018-04-29,19:30:00,23:10:00
3826,177,analysis,3142-clwa-2231,2018-03-30,2018-04-30,13:30:00,17:06:00
13941,177,analysis,3142-clwa-2219,2018-02-26,2018-04-15,16:00:00,16:38:00
22895,177,analysis,3142-clwa-2099,2018-04-25,2018-04-25,05:00:00,07:33:00
1682,177,analysis,3142-clwa-2059,2018-03-26,2018-04-25,02:00:00,06:54:00
18563,177,analysis,3144-clwa-4099,2018-02-10,2018-03-18,23:00:00,03:42:00
17672,177,analysis,3142-clwa-2209,2018-03-12,2018-03-17,10:00:00,13:58:00
31204,177,analysis,3145-clwa-5039,2018-04-23,2018-04-28,17:00:00,21:16:00
20733,177,analysis,3143-clwa-3039,2018-02-02,2018-04-03,11:30:00,13:18:00
35046,177,analysis,3142-clwa-2219,2018-03-25,2018-03-29,10:00:00,14:42:00
18273,177,analysis,3142-clwa-2051,2018-04-11,2018-04-22,01:00:00,04:46:00
22956,177,analysis,3142-clwa-2019,2018-04-16,2018-04-26,17:30:00,20:01:00
25887,177,analysis,3142-clwa-2219,2018-02-10,2018-02-13,21:00:00,22:20:00
25879,177,analysis,3143-clwa-3051,2018-04-09,2018-04-12,01:30:00,03:33:00
32121,177,analysis,3142-clwa-2019,2018-03-30,2018-04-13,16:00:00,18:42:00
16915,177,analysis,3142-clwa-2059,2018-03-02,2018-04-12,11:00:00,11:17:00
31239,177,analysis,3142-clwa-2019,2018-03-29,2018-03-30,22:00:00,02:27:00
23321,177,analysis,3142-clwa-2019,2018-02-22,2018-02-24,12:00:00,12:33:00
19303,177,analysis,3142-clwa-2099,2018-04-02,2018-04-08,00:30:00,00:41:00
6987,177,analysis,3142-clwa-2219,2018-02-18,2018-04-24,19:00:00,19:06:00
32315,177,analysis,3142-clwa-2219,2018-03-02,2018-03-11,05:00:00,07:20:00
19865,177,analysis,3142-clwa-2051,2018-03-12,2018-04-27,15:00:00,15:12:00
6085,177,analysis,3142-clwa-2065,2018-04-21,2018-04-26,09:00:00,13:49:00
17338,177,analysis,3145-clwa-5059,2018-02-18,2018-02-24,20:00:00,22:22:00
16227,177,analysis,3146-clwa-6122,2018-03-25,2018-04-05,07:30:00,07:52:00
13547,177,analysis,3146-clwa-6217,2018-02-15,2018-03-19,19:00:00,22:03:00
17159,177,analysis,3142-clwa-2231,2018-02-07,2018-03-09,02:00:00,05:29:00
32267,177,analysis,3142-clwa-2039,2018-03-22,2018-03-28,00:00:00,03:07:00
4337,177,analysis,3143-clwa-3065,2018-02-24,2018-04-13,07:30:00,10:43:00
3364,177,analysis,3143-clwa-3051,2018-02-26,2018-04-15,05:00:00,08:14:00
11136,177,analysis,3142-clwa-2219,2018-04-29,2018-04-30,02:30:00,05:32:00
9504,177,analysis,3142-clwa-2039,2018-04-11,2018-04-16,04:30:00,06:35:00
29059,177,analysis,3142-clwa-2231,2018-03-29,2018-04-11,12:00:00,14:15:00
23610,177,analysis,3142-clwa-2051,2018-04-13,2018-04-21,05:30:00,08:02:00
2842,177,analysis,3142-clwa-2099,2018-04-28,2018-04-30,08:30:00,11:46:00
17226,177,analysis,3142-clwa-2051,2018-03-14,2018-04-17,15:30:00,15:41:00
16289,177,analysis,3146-clwa-6049,2018-03-31,2018-04-08,12:30:00,15:05:00
30091,177,analysis,3146-clwa-6217,2018-03-03,2018-04-07,13:00:00,14:17:00
6799,177,analysis,3142-clwa-2051,2018-04-21,2018-04-22,18:00:00,19:05:00
33137,177,analysis,3142-clwa-2051,2018-03-27,2018-04-01,23:30:00,00:48:00
33336,177,analysis,3142-clwa-2209,2018-04-15,2018-04-23,01:30:00,05:44:00
34424,177,analysis,3142-clwa-2019,2018-04-30,2018-04-30,19:30:00,23:53:00
5280,177,analysis,3142-clwa-2219,2018-02-27,2018-03-06,09:00:00,09:08:00
18079,177,analysis,3143-clwa-3231,2018-03-21,2018-04-06,23:00:00,02:09:00
20799,177,analysis,3142-clwa-2231,2018-03-20,2018-03-21,00:00:00,02:06:00
27732,177,analysis,3146-clwa-6217,2018-02-26,2018-04-08,01:00:00,01:42:00
32520,177,analysis,3145-clwa-5231,2018-02-24,2018-03-07,06:30:00,06:42:00
10065,177,analysis,3146-clwa-6049,2018-04-13,2018-04-27,00:00:00,03:26:00
22873,177,analysis,3142-clwa-2019,2018-02-03,2018-03-26,11:30:00,13:48:00
10451,177,analysis,3142-clwa-2219,2018-03-20,2018-03-23,19:00:00,21:14:00
193,177,analysis,3142-clwa-2219,2018-02-10,2018-04-21,13:30:00,17:26:00
35966,177,analysis,3142-clwa-2231,2018-03-12,2018-04-11,21:30:00,22:08:00
34,177,analysis,3142-clwa-2065,2018-02-14,2018-03-17,20:30:00,20:30:00
1333,177,analysis,3142-clwa-2219,2018-04-29,2018-04-29,14:30:00,15:13:00
17043,177,analysis,3142-clwa-2065,2018-02-03,2018-02-23,10:00:00,12:20:00
7607,177,analysis,3142-clwa-2019,2018-04-06,2018-04-29,00:00:00,01:43:00
6202,177,analysis,3142-clwa-2209,2018-03-30,2018-04-09,10:00:00,13:24:00
29546,177,analysis,3142-clwa-2231,2018-02-08,2018-04-30,10:30:00,11:11:00
16055,177,analysis,3142-clwa-2231,2018-04-20,2018-04-20,22:30:00,01:21:00
23261,177,analysis,3142-clwa-2051,2018-02-08,2018-02-22,05:30:00,08:29:00
3007,177,analysis,3142-clwa-2099,2018-03-13,2018-04-25,21:00:00,00:28:00
7359,177,analysis,3142-clwa-2065,2018-02-23,2018-04-03,20:30:00,01:28:00
16439,177,analysis,3143-clwa-3219,2018-02-11,2018-04-23,13:00:00,15:43:00
29010,177,analysis,3142-clwa-2019,2018-04-15,2018-04-23,15:00:00,15:39:00
4077,177,analysis,3142-clwa-2051,2018-02-13,2018-02-16,07:30:00,08:36:00
16482,177,analysis,3142-clwa-2051,2018-04-01,2018-04-15,02:30:00,03:56:00
8165,177,analysis,3143-clwa-3059,2018-02-25,2018-03-16,16:00:00,18:37:00
22433,177,analysis,3142-clwa-2059,2018-03-11,2018-04-25,19:00:00,22:24:00
29464,177,analysis,3142-clwa-2219,2018-04-28,2018-04-28,07:00:00,11:34:00
10868,177,analysis,3142-clwa-2019,2018-03-13,2018-03-28,23:00:00,23:43:00
25439,177,analysis,3142-clwa-2219,2018-03-26,2018-04-07,02:30:00,03:33:00
35647,177,analysis,3142-clwa-2219,2018-04-20,2018-04-25,06:00:00,07:43:00
6408,177,analysis,3142-clwa-2019,2018-02-21,2018-03-29,13:30:00,14:16:00
15539,177,analysis,3142-clwa-2051,2018-03-21,2018-04-03,03:30:00,03:55:00
25896,177,analysis,3142-clwa-2099,2018-03-20,2018-03-24,12:00:00,15:30:00
12545,177,analysis,3142-clwa-2219,2018-03-09,2018-04-22,10:00:00,11:24:00
10501,177,analysis,3142-clwa-2231,2018-04-05,2018-04-29,14:30:00,15:29:00
16345,177,analysis,3142-clwa-2019,2018-04-11,2018-04-19,23:00:00,02:32:00
12441,177,analysis,3143-clwa-3099,2018-02-23,2018-03-03,00:00:00,00:41:00
10586,177,analysis,3143-clwa-3065,2018-02-12,2018-04-15,07:00:00,08:24:00
5112,177,analysis,3145-clwa-5231,2018-04-10,2018-04-22,19:30:00,19:44:00
17672,177,analysis,3142-clwa-2209,2018-02-17,2018-02-20,21:00:00,00:42:00
6321,177,analysis,3142-clwa-2099,2018-04-25,2018-04-27,22:30:00,02:53:00
18573,177,analysis,3143-clwa-3019,2018-02-19,2018-04-12,20:30:00,21:06:00
24018,177,analysis,3142-clwa-2059,2018-04-29,2018-04-30,22:30:00,02:25:00
16731,177,analysis,3142-clwa-2059,2018-03-12,2018-04-05,09:00:00,12:58:00
30605,177,analysis,3146-clwa-6217,2018-04-07,2018-04-11,03:00:00,04:34:00
15991,177,analysis,3142-clwa-2065,2018-04-05,2018-04-15,22:30:00,01:11:00
193,177,analysis,3142-clwa-2219,2018-04-23,2018-04-24,18:30:00,22:35:00
32113,177,analysis,3144-clwa-4231,2018-03-22,2018-03-27,03:00:00,05:19:00
33692,177,analysis,3146-clwa-6122,2018-02-09,2018-03-30,13:30:00,14:06:00
7512,177,analysis,3142-clwa-2231,2018-03-02,2018-03-10,05:30:00,07:50:00
14897,177,analysis,3142-clwa-2099,2018-04-28,2018-04-28,08:30:00,12:29:00
36292,177,analysis,3142-clwa-2219,2018-04-12,2018-04-30,12:00:00,16:34:00
23331,177,analysis,3142-clwa-2231,2018-02-24,2018-04-17,02:00:00,04:20:00
1852,177,analysis,3142-clwa-2019,2018-03-23,2018-03-29,06:00:00,08:18:00
6663,177,analysis,3142-clwa-2231,2018-03-27,2018-04-29,16:30:00,17:25:00
33523,177,analysis,3142-clwa-2051,2018-02-14,2018-04-13,18:00:00,19:51:00
14199,177,analysis,3142-clwa-2231,2018-03-17,2018-04-03,02:00:00,05:46:00
5246,177,analysis,3142-clwa-2219,2018-02-24,2018-04-23,21:00:00,23:45:00
8575,177,analysis,3142-clwa-2019,2018-02-21,2018-04-13,16:00:00,16:14:00
29585,177,analysis,3144-clwa-4209,2018-02-20,2018-03-18,13:30:00,17:25:00
18260,177,analysis,3142-clwa-2099,2018-04-17,2018-04-30,18:30:00,19:17:00
20,177,analysis,3142-clwa-2219,2018-03-01,2018-03-27,20:30:00,00:16:00
14242,177,analysis,3142-clwa-2219,2018-03-24,2018-03-25,17:00:00,19:05:00
18104,177,analysis,3142-clwa-2231,2018-02-16,2018-02-20,09:00:00,12:48:00
26255,177,analysis,3142-clwa-2219,2018-02-21,2018-03-11,06:30:00,09:11:00
8530,177,analysis,3142-clwa-2099,2018-03-05,2018-03-15,16:00:00,19:15:00
19156,177,analysis,3146-clwa-6049,2018-02-25,2018-04-13,20:00:00,23:24:00
32627,177,analysis,3142-clwa-2231,2018-03-06,2018-03-18,13:00:00,13:23:00
22540,177,analysis,3142-clwa-2099,2018-04-21,2018-04-22,02:30:00,03:38:00
15652,177,analysis,3146-clwa-6049,2018-03-29,2018-04-19,13:00:00,13:44:00
6069,177,analysis,3142-clwa-2231,2018-03-10,2018-04-22,20:00:00,00:51:00
33589,177,analysis,3144-clwa-4051,2018-03-26,2018-04-13,08:30:00,09:49:00
19096,177,analysis,3142-clwa-2099,2018-04-23,2018-04-28,02:00:00,04:16:00
16275,177,analysis,3142-clwa-2051,2018-04-07,2018-04-22,00:30:00,03:45:00
5747,177,analysis,3142-clwa-2059,2018-03-17,2018-04-21,12:30:00,13:06:00
14349,177,analysis,3142-clwa-2019,2018-04-10,2018-04-15,17:00:00,20:34:00
16609,177,analysis,3145-clwa-5059,2018-04-18,2018-04-24,13:00:00,14:16:00
24526,177,analysis,3142-clwa-2019,2018-02-25,2018-03-28,19:00:00,23:39:00
8440,177,analysis,3146-clwa-6011,2018-04-20,2018-04-26,18:00:00,22:44:00
14772,177,analysis,3142-clwa-2219,2018-03-11,2018-03-30,20:30:00,00:07:00
3765,177,analysis,3142-clwa-2231,2018-03-10,2018-03-17,05:30:00,08:17:00
33319,177,analysis,3142-clwa-2019,2018-02-17,2018-04-20,14:00:00,15:57:00
13086,177,analysis,3142-clwa-2059,2018-04-12,2018-04-15,00:00:00,00:22:00
30259,177,analysis,3142-clwa-2019,2018-04-03,2018-04-04,07:00:00,09:35:00
34915,177,analysis,3142-clwa-2099,2018-03-07,2018-03-16,06:00:00,07:19:00
8740,177,analysis,3142-clwa-2219,2018-04-03,2018-04-11,07:00:00,08:51:00
24391,177,analysis,3142-clwa-2099,2018-03-19,2018-04-13,20:30:00,22:12:00
27954,177,analysis,3142-clwa-2219,2018-02-22,2018-04-21,06:00:00,10:15:00
22829,177,analysis,3142-clwa-2051,2018-04-10,2018-04-23,10:30:00,14:19:00
23634,177,analysis,3142-clwa-2099,2018-02-20,2018-03-06,09:00:00,13:36:00
8275,177,analysis,3142-clwa-2019,2018-03-20,2018-04-14,04:30:00,04:45:00
15008,177,analysis,3142-clwa-2051,2018-03-03,2018-03-07,06:30:00,06:41:00
8575,177,analysis,3142-clwa-2019,2018-04-23,2018-04-24,16:30:00,20:46:00
28174,177,analysis,3142-clwa-2219,2018-04-30,2018-04-30,19:00:00,19:04:00
13228,177,analysis,3142-clwa-2039,2018-04-28,2018-04-30,08:30:00,10:46:00
23041,177,analysis,3142-clwa-2219,2018-03-25,2018-04-24,00:00:00,01:10:00
1956,177,analysis,3143-clwa-3051,2018-04-03,2018-04-12,20:30:00,20:39:00
24554,177,analysis,3142-clwa-2019,2018-03-26,2018-04-16,12:00:00,12:06:00
26588,177,analysis,3142-clwa-2019,2018-03-12,2018-03-26,00:30:00,03:40:00
21722,177,analysis,3142-clwa-2051,2018-03-04,2018-03-11,20:30:00,23:20:00
16867,177,analysis,3142-clwa-2051,2018-03-01,2018-04-17,20:00:00,23:44:00
36069,177,analysis,3142-clwa-2065,2018-04-01,2018-04-14,11:00:00,14:13:00
15205,177,analysis,3146-clwa-6131,2018-02-07,2018-04-06,14:30:00,18:07:00
34730,177,analysis,3142-clwa-2019,2018-03-12,2018-04-08,09:30:00,14:20:00
20630,177,analysis,3142-clwa-2231,2018-04-17,2018-04-18,17:30:00,22:19:00
5102,177,analysis,3142-clwa-2019,2018-03-10,2018-04-18,20:30:00,22:24:00
21677,177,analysis,3142-clwa-2231,2018-04-11,2018-04-23,23:00:00,02:31:00
21793,177,analysis,3144-clwa-4051,2018-02-24,2018-02-27,17:00:00,21:16:00
2227,177,analysis,3142-clwa-2099,2018-04-11,2018-04-21,09:00:00,12:07:00
8575,177,analysis,3142-clwa-2019,2018-02-24,2018-04-06,09:30:00,13:26:00
13136,177,analysis,3144-clwa-4019,2018-02-11,2018-02-24,18:30:00,22:20:00
31087,177,analysis,3142-clwa-2209,2018-04-01,2018-04-08,16:30:00,18:02:00
474,177,analysis,3142-clwa-2051,2018-04-10,2018-04-23,10:00:00,13:15:00
7193,177,analysis,3142-clwa-2209,2018-04-01,2018-04-11,11:00:00,15:20:00
9945,177,analysis,3142-clwa-2219,2018-03-08,2018-04-05,05:00:00,09:04:00
31648,177,analysis,3142-clwa-2099,2018-04-02,2018-04-04,00:30:00,05:04:00
6183,177,analysis,3142-clwa-2099,2018-02-21,2018-04-25,07:30:00,10:28:00
24400,177,analysis,3142-clwa-2219,2018-04-17,2018-04-23,18:00:00,22:46:00
13151,177,analysis,3142-clwa-2209,2018-04-16,2018-04-23,21:00:00,22:37:00
827,177,analysis,3142-clwa-2051,2018-02-16,2018-02-28,21:00:00,22:39:00
6455,177,analysis,3142-clwa-2065,2018-03-28,2018-04-16,12:30:00,16:27:00
1388,177,analysis,3142-clwa-2219,2018-02-16,2018-04-28,15:00:00,17:25:00
21847,177,analysis,3146-clwa-6131,2018-03-17,2018-03-19,02:30:00,03:55:00
16540,177,analysis,3142-clwa-2059,2018-03-08,2018-04-22,17:30:00,18:41:00
5400,177,analysis,3142-clwa-2059,2018-04-13,2018-04-22,20:30:00,23:25:00
9279,177,analysis,3142-clwa-2209,2018-04-22,2018-04-30,06:00:00,08:53:00
887,177,analysis,3142-clwa-2209,2018-02-10,2018-04-20,18:00:00,18:04:00
29671,177,analysis,3145-clwa-5019,2018-04-25,2018-04-30,08:00:00,09:02:00
479,177,analysis,3145-clwa-5219,2018-03-12,2018-04-18,20:30:00,21:17:00
user_id,faculty_id,course_name,loceq,start_date,end_date,start_time,end_time
20897,177,analysis,3142-clwa-2219,2018-02-27,2018-03-27,09:00:00,12:05:00
5910,177,analysis,3143-clwa-3051,2018-03-13,2018-03-28,08:00:00,08:24:00
12273,177,analysis,3142-clwa-2019,2018-03-04,2018-04-07,09:30:00,13:37:00
21734,177,analysis,3146-clwa-6049,2018-02-20,2018-02-26,06:00:00,10:38:00
36036,177,analysis,3144-clwa-4051,2018-02-14,2018-02-24,02:30:00,03:32:00
28269,177,analysis,3145-clwa-5219,2018-04-04,2018-04-22,02:30:00,03:02:00
2991,177,analysis,3142-clwa-2219,2018-03-26,2018-04-27,14:30:00,17:43:00
1748,177,analysis,3142-clwa-2051,2018-02-13,2018-04-21,06:00:00,09:15:00
27441,177,analysis,3142-clwa-2019,2018-02-06,2018-02-07,15:00:00,17:34:00
6615,177,analysis,3146-clwa-6049,2018-03-18,2018-03-30,17:30:00,21:44:00
16669,177,analysis,3142-clwa-2099,2018-02-11,2018-02-15,16:30:00,17:34:00
26037,177,analysis,3142-clwa-2231,2018-04-21,2018-04-21,21:30:00,23:47:00
18210,177,analysis,3142-clwa-2219,2018-04-19,2018-04-24,05:00:00,05:48:00
22613,177,analysis,3142-clwa-2219,2018-02-15,2018-03-03,08:30:00,12:25:00
13352,177,analysis,3146-clwa-6011,2018-02-21,2018-02-28,13:00:00,16:43:00
31036,177,analysis,3142-clwa-2065,2018-02-23,2018-04-28,05:30:00,09:23:00
4082,177,analysis,3142-clwa-2209,2018-02-01,2018-04-23,16:00:00,17:14:00
26719,177,analysis,3146-clwa-6217,2018-03-09,2018-04-10,08:00:00,12:09:00
28809,177,analysis,3142-clwa-2231,2018-03-04,2018-03-28,11:30:00,16:06:00
22146,177,analysis,3142-clwa-2051,2018-02-10,2018-04-24,16:30:00,20:21:00
12062,177,analysis,3142-clwa-2209,2018-04-07,2018-04-17,10:30:00,15:14:00
28574,177,analysis,3143-clwa-3231,2018-02-27,2018-03-22,16:00:00,17:43:00
23361,177,analysis,3142-clwa-2219,2018-03-08,2018-03-18,20:30:00,00:19:00
33919,177,analysis,3142-clwa-2019,2018-03-13,2018-03-29,18:00:00,20:15:00
12570,177,analysis,3146-clwa-6049,2018-04-25,2018-04-29,22:00:00,00:11:00
15007,177,analysis,3142-clwa-2231,2018-04-04,2018-04-11,00:30:00,04:51:00
5149,177,analysis,3142-clwa-2051,2018-02-21,2018-03-16,18:30:00,20:13:00
28495,177,analysis,3142-clwa-2219,2018-04-10,2018-04-26,19:30:00,21:43:00
18810,177,analysis,3142-clwa-2065,2018-04-11,2018-04-26,17:30:00,17:46:00
29345,177,analysis,3142-clwa-2231,2018-03-31,2018-04-11,16:00:00,17:14:00
27655,177,analysis,3142-clwa-2059,2018-04-08,2018-04-29,15:00:00,19:31:00
314,177,analysis,3142-clwa-2051,2018-03-20,2018-04-24,01:00:00,02:15:00
29823,177,analysis,3144-clwa-4059,2018-03-26,2018-04-29,07:30:00,07:32:00
690,177,analysis,3142-clwa-2019,2018-02-15,2018-03-17,04:00:00,08:23:00
15169,177,analysis,3145-clwa-5065,2018-04-16,2018-04-26,17:30:00,18:19:00
17879,177,analysis,3143-clwa-3099,2018-03-19,2018-04-16,17:00:00,20:03:00
20311,177,analysis,3142-clwa-2099,2018-02-27,2018-03-10,23:30:00,03:12:00
356,177,analysis,3142-clwa-2059,2018-02-17,2018-03-26,15:30:00,16:55:00
9001,177,analysis,3142-clwa-2231,2018-04-04,2018-04-15,08:00:00,12:38:00
21476,177,analysis,3142-clwa-2099,2018-03-14,2018-04-15,08:00:00,12:01:00
34474,177,analysis,3142-clwa-2051,2018-03-24,2018-04-29,23:00:00,00:05:00
5936,177,analysis,3142-clwa-2019,2018-02-01,2018-04-27,08:30:00,11:32:00
532,177,analysis,3142-clwa-2231,2018-02-17,2018-04-06,21:30:00,22:31:00
12538,177,analysis,3142-clwa-2065,2018-03-06,2018-03-18,19:00:00,23:22:00
30278,177,analysis,3142-clwa-2065,2018-02-10,2018-02-10,16:00:00,16:40:00
30678,177,analysis,3142-clwa-2019,2018-02-15,2018-03-31,03:30:00,03:45:00
28165,177,analysis,3146-clwa-6217,2018-04-04,2018-04-10,14:30:00,15:13:00
30086,177,analysis,3143-clwa-3019,2018-03-31,2018-04-02,06:00:00,06:01:00
8510,177,analysis,3144-clwa-4051,2018-04-17,2018-04-22,01:00:00,05:40:00
20351,177,analysis,3144-clwa-4099,2018-02-06,2018-02-11,04:00:00,05:04:00
23177,177,analysis,3142-clwa-2051,2018-03-12,2018-03-28,21:00:00,00:49:00
25618,177,analysis,3146-clwa-6131,2018-02-16,2018-04-20,02:30:00,05:48:00
6528,177,analysis,3142-clwa-2059,2018-02-14,2018-03-01,01:00:00,04:12:00
10166,177,analysis,3142-clwa-2099,2018-04-19,2018-04-22,20:00:00,22:20:00
12557,177,analysis,3142-clwa-2219,2018-03-30,2018-04-26,20:30:00,01:20:00
16547,177,analysis,3142-clwa-2019,2018-02-27,2018-04-05,14:00:00,17:59:00
5383,177,analysis,3143-clwa-3231,2018-02-12,2018-02-28,19:30:00,00:23:00
1123,177,analysis,3143-clwa-3099,2018-03-29,2018-04-14,21:00:00,21:30:00
36093,177,analysis,3142-clwa-2219,2018-03-30,2018-04-02,09:00:00,09:05:00
29883,177,analysis,3143-clwa-3059,2018-04-09,2018-04-25,08:30:00,09:23:00
22313,177,analysis,3142-clwa-2051,2018-04-18,2018-04-22,04:00:00,07:56:00
25316,177,analysis,3142-clwa-2051,2018-02-05,2018-04-23,23:30:00,02:37:00
6069,177,analysis,3142-clwa-2231,2018-02-25,2018-03-04,09:30:00,09:56:00
4640,177,analysis,3143-clwa-3059,2018-03-21,2018-04-22,05:00:00,06:21:00
13622,177,analysis,3142-clwa-2065,2018-02-04,2018-03-20,15:00:00,18:11:00
28067,177,analysis,3142-clwa-2065,2018-03-20,2018-03-21,20:00:00,00:45:00
13941,177,analysis,3142-clwa-2219,2018-04-22,2018-04-24,08:00:00,12:06:00
27677,177,analysis,3142-clwa-2059,2018-03-15,2018-04-11,04:30:00,07:19:00
5714,177,analysis,3142-clwa-2219,2018-04-26,2018-04-30,07:30:00,08:28:00
15722,177,analysis,3144-clwa-4019,2018-03-21,2018-04-01,03:30:00,04:59:00
22018,177,analysis,3142-clwa-2219,2018-02-23,2018-04-19,10:30:00,10:53:00
2050,177,analysis,3142-clwa-2219,2018-02-07,2018-04-04,06:00:00,10:25:00
25810,177,analysis,3146-clwa-6011,2018-03-03,2018-03-30,00:30:00,05:06:00
34152,177,analysis,3142-clwa-2059,2018-03-26,2018-04-01,08:00:00,10:00:00
8945,177,analysis,3142-clwa-2231,2018-03-12,2018-03-25,06:30:00,08:25:00
27728,177,analysis,3142-clwa-2219,2018-03-29,2018-04-02,20:30:00,00:28:00
18866,177,analysis,3142-clwa-2219,2018-02-24,2018-03-07,23:30:00,01:36:00
18398,177,analysis,3145-clwa-5019,2018-03-08,2018-04-07,03:00:00,04:25:00
33553,177,analysis,3142-clwa-2219,2018-03-11,2018-04-27,15:30:00,18:20:00
18207,177,analysis,3144-clwa-4209,2018-03-07,2018-04-30,03:30:00,04:42:00
25745,177,analysis,3142-clwa-2209,2018-02-10,2018-04-02,21:30:00,00:27:00
9661,177,analysis,3142-clwa-2209,2018-04-04,2018-04-07,15:00:00,19:50:00
23148,177,analysis,3144-clwa-4019,2018-04-30,2018-04-30,19:30:00,22:17:00
31110,177,analysis,3142-clwa-2019,2018-02-22,2018-03-03,11:30:00,12:45:00
14628,177,analysis,3142-clwa-2231,2018-02-25,2018-04-11,22:30:00,22:31:00
13574,177,analysis,3142-clwa-2051,2018-04-28,2018-04-30,00:00:00,04:15:00
11101,177,analysis,3142-clwa-2051,2018-02-03,2018-03-25,02:00:00,02:49:00
25707,177,analysis,3142-clwa-2019,2018-04-04,2018-04-13,11:00:00,14:24:00
13540,177,analysis,3142-clwa-2059,2018-03-29,2018-04-19,19:00:00,20:31:00
34372,177,analysis,3142-clwa-2019,2018-02-16,2018-04-04,22:30:00,00:14:00
6298,177,analysis,3146-clwa-6217,2018-04-07,2018-04-10,11:30:00,13:35:00
29977,177,analysis,3142-clwa-2019,2018-04-01,2018-04-02,01:30:00,05:17:00
31738,177,analysis,3145-clwa-5019,2018-04-23,2018-04-28,01:30:00,01:39:00
13961,177,analysis,3142-clwa-2059,2018-02-08,2018-03-08,02:30:00,03:02:00
28430,177,analysis,3142-clwa-2059,2018-03-01,2018-04-11,00:30:00,01:08:00
32792,177,analysis,3144-clwa-4209,2018-03-09,2018-03-28,01:30:00,04:28:00
1642,177,analysis,3142-clwa-2099,2018-04-06,2018-04-18,16:30:00,19:05:00
6123,177,analysis,3146-clwa-6011,2018-03-19,2018-04-17,10:00:00,14:34:00
20204,177,analysis,3146-clwa-6217,2018-02-23,2018-03-09,13:00:00,16:10:00
11631,177,analysis,3142-clwa-2219,2018-03-05,2018-03-18,22:00:00,02:18:00
7980,177,analysis,3142-clwa-2231,2018-02-06,2018-03-27,22:00:00,02:01:00
19539,177,analysis,3145-clwa-5065,2018-02-18,2018-04-13,21:00:00,22:55:00
8573,177,analysis,3142-clwa-2099,2018-03-24,2018-04-04,16:30:00,16:50:00
23774,177,analysis,3142-clwa-2231,2018-02-07,2018-04-26,00:00:00,00:55:00
36408,177,analysis,3142-clwa-2019,2018-04-04,2018-04-25,09:30:00,13:43:00
29577,177,analysis,3142-clwa-2019,2018-02-28,2018-04-12,03:00:00,06:42:00
35247,177,analysis,3142-clwa-2219,2018-04-10,2018-04-22,02:00:00,05:33:00
25138,177,analysis,3142-clwa-2231,2018-03-14,2018-03-26,14:30:00,17:28:00
18810,177,analysis,3142-clwa-2065,2018-03-16,2018-03-29,19:00:00,22:01:00
20588,177,analysis,3142-clwa-2019,2018-03-24,2018-04-23,17:30:00,17:56:00
15921,177,analysis,3142-clwa-2231,2018-03-15,2018-03-20,09:30:00,09:32:00
28341,177,analysis,3144-clwa-4231,2018-02-27,2018-03-08,22:00:00,22:50:00
3778,177,analysis,3142-clwa-2019,2018-04-19,2018-04-29,15:30:00,20:16:00
35777,177,analysis,3142-clwa-2231,2018-03-09,2018-03-15,06:30:00,10:29:00
24040,177,analysis,3142-clwa-2219,2018-02-01,2018-04-07,11:00:00,13:54:00
12193,177,analysis,3142-clwa-2231,2018-02-15,2018-03-09,14:30:00,18:40:00
14199,177,analysis,3142-clwa-2231,2018-02-04,2018-03-15,19:30:00,20:37:00
5573,177,analysis,3142-clwa-2051,2018-04-02,2018-04-06,00:30:00,03:52:00
15262,177,analysis,3142-clwa-2051,2018-03-27,2018-04-05,04:30:00,04:30:00
17509,177,analysis,3142-clwa-2219,2018-02-23,2018-04-04,08:30:00,11:12:00
20719,177,analysis,3142-clwa-2099,2018-03-12,2018-03-12,22:00:00,00:07:00
30327,177,analysis,3142-clwa-2231,2018-03-16,2018-04-17,17:30:00,22:24:00
22593,177,analysis,3142-clwa-2059,2018-04-04,2018-04-25,04:00:00,07:04:00
17701,177,analysis,3142-clwa-2039,2018-04-11,2018-04-19,22:30:00,00:44:00
18538,177,analysis,3146-clwa-6049,2018-02-22,2018-04-18,22:00:00,00:10:00
8412,177,analysis,3142-clwa-2209,2018-02-21,2018-03-02,05:30:00,06:46:00
23118,177,analysis,3146-clwa-6049,2018-04-01,2018-04-17,15:30:00,18:36:00
27073,177,analysis,3146-clwa-6217,2018-04-15,2018-04-19,12:00:00,15:38:00
33862,177,analysis,3142-clwa-2099,2018-03-07,2018-03-13,00:00:00,00:05:00
21997,177,analysis,3142-clwa-2065,2018-02-02,2018-03-09,06:30:00,11:26:00
5961,177,analysis,3146-clwa-6122,2018-02-28,2018-04-07,05:00:00,08:07:00
1986,177,analysis,3142-clwa-2219,2018-04-03,2018-04-12,17:00:00,21:43:00
9860,177,analysis,3143-clwa-3051,2018-04-14,2018-04-20,06:30:00,07:16:00
17338,177,analysis,3145-clwa-5059,2018-02-08,2018-03-14,10:30:00,11:30:00
13003,177,analysis,3144-clwa-4019,2018-04-01,2018-04-17,07:00:00,11:25:00
22805,177,analysis,3142-clwa-2231,2018-03-25,2018-04-25,16:00:00,17:47:00
21941,177,analysis,3143-clwa-3019,2018-03-15,2018-03-29,11:30:00,15:12:00
21799,177,analysis,3145-clwa-5099,2018-03-18,2018-03-22,14:00:00,14:04:00
8448,177,analysis,3142-clwa-2219,2018-03-18,2018-04-20,22:30:00,03:16:00
6613,177,analysis,3144-clwa-4051,2018-03-18,2018-04-05,09:30:00,12:42:00
32148,177,analysis,3142-clwa-2019,2018-04-26,2018-04-30,08:30:00,13:10:00
26921,177,analysis,3146-clwa-6217,2018-02-05,2018-04-30,08:00:00,10:24:00
35506,177,analysis,3146-clwa-6219,2018-02-10,2018-04-25,08:30:00,10:14:00
17019,177,analysis,3142-clwa-2219,2018-03-13,2018-04-06,09:30:00,12:03:00
16529,177,analysis,3142-clwa-2231,2018-04-04,2018-04-15,13:30:00,15:41:00
10116,177,analysis,3143-clwa-3231,2018-04-17,2018-04-21,11:00:00,11:37:00
18723,177,analysis,3144-clwa-4219,2018-02-08,2018-03-12,11:30:00,14:13:00
25473,177,analysis,3142-clwa-2051,2018-03-04,2018-03-26,08:00:00,11:38:00
12870,177,analysis,3142-clwa-2209,2018-04-07,2018-04-19,21:30:00,01:42:00
32322,177,analysis,3146-clwa-6131,2018-02-23,2018-03-22,13:00:00,17:51:00
746,177,analysis,3142-clwa-2019,2018-03-29,2018-04-25,00:30:00,01:35:00
14931,177,analysis,3142-clwa-2231,2018-03-11,2018-03-24,08:00:00,12:18:00
28448,177,analysis,3142-clwa-2059,2018-04-03,2018-04-03,01:30:00,03:27:00
1123,177,analysis,3143-clwa-3099,2018-02-21,2018-03-18,14:30:00,15:22:00
35052,177,analysis,3146-clwa-6049,2018-02-02,2018-04-27,11:30:00,12:35:00
34778,177,analysis,3142-clwa-2059,2018-04-20,2018-04-23,03:30:00,03:40:00
15722,177,analysis,3144-clwa-4019,2018-03-22,2018-04-09,02:00:00,02:12:00
14149,177,analysis,3142-clwa-2209,2018-04-11,2018-04-16,23:00:00,02:22:00
31928,177,analysis,3146-clwa-6131,2018-02-27,2018-04-06,08:00:00,10:07:00
3249,177,analysis,3142-clwa-2099,2018-02-12,2018-03-09,00:30:00,04:27:00
393,177,analysis,3142-clwa-2231,2018-03-22,2018-04-28,15:00:00,16:44:00
7624,177,analysis,3143-clwa-3051,2018-02-17,2018-04-10,14:30:00,16:51:00
11748,177,analysis,3142-clwa-2219,2018-04-07,2018-04-15,02:00:00,02:07:00
23255,177,analysis,3145-clwa-5039,2018-03-13,2018-04-07,07:00:00,11:33:00
11676,177,analysis,3142-clwa-2209,2018-02-18,2018-03-03,06:30:00,09:03:00
29040,177,analysis,3142-clwa-2065,2018-04-24,2018-04-29,14:30:00,18:09:00
20112,177,analysis,3142-clwa-2019,2018-04-27,2018-04-30,04:30:00,09:02:00
28003,177,analysis,3142-clwa-2219,2018-04-15,2018-04-16,00:30:00,03:52:00
3141,177,analysis,3142-clwa-2209,2018-02-21,2018-04-29,00:00:00,04:48:00
30654,177,analysis,3143-clwa-3099,2018-04-28,2018-04-29,04:00:00,08:40:00
6455,177,analysis,3142-clwa-2065,2018-04-20,2018-04-28,08:00:00,09:51:00
10532,177,analysis,3142-clwa-2219,2018-04-17,2018-04-24,19:30:00,22:12:00
7901,177,analysis,3144-clwa-4051,2018-02-04,2018-03-22,18:00:00,21:20:00
19827,177,analysis,3142-clwa-2231,2018-03-19,2018-04-30,04:30:00,06:45:00
20486,177,analysis,3142-clwa-2231,2018-04-10,2018-04-16,04:00:00,05:22:00
19231,177,analysis,3146-clwa-6217,2018-02-05,2018-02-06,19:00:00,23:13:00
25903,177,analysis,3142-clwa-2019,2018-03-07,2018-04-07,04:00:00,05:52:00
27909,177,analysis,3142-clwa-2051,2018-04-12,2018-04-28,07:00:00,10:48:00
4066,177,analysis,3142-clwa-2051,2018-03-11,2018-04-11,21:00:00,01:08:00
15440,177,analysis,3146-clwa-6217,2018-03-18,2018-03-24,09:00:00,09:23:00
5967,177,analysis,3142-clwa-2019,2018-04-11,2018-04-28,21:30:00,21:46:00
15268,177,analysis,3142-clwa-2099,2018-02-11,2018-04-04,19:00:00,22:14:00
17234,177,analysis,3142-clwa-2231,2018-03-02,2018-03-14,13:30:00,15:34:00
33764,177,analysis,3144-clwa-4051,2018-02-17,2018-04-01,17:00:00,19:54:00
34454,177,analysis,3142-clwa-2019,2018-04-17,2018-04-30,03:00:00,04:17:00
26785,177,analysis,3142-clwa-2051,2018-03-10,2018-03-28,03:00:00,06:23:00
1479,177,analysis,3142-clwa-2065,2018-02-06,2018-02-13,18:00:00,21:41:00
19827,177,analysis,3142-clwa-2231,2018-03-30,2018-04-27,21:00:00,23:15:00
21291,177,analysis,3142-clwa-2059,2018-02-27,2018-04-04,20:30:00,01:28:00
36376,177,analysis,3142-clwa-2065,2018-04-16,2018-04-23,04:00:00,05:24:00
12935,177,analysis,3142-clwa-2019,2018-02-06,2018-03-26,19:00:00,21:54:00
28591,177,analysis,3142-clwa-2099,2018-03-22,2018-04-27,02:30:00,04:07:00
28500,177,analysis,3142-clwa-2019,2018-04-01,2018-04-20,19:00:00,21:08:00
36070,177,analysis,3142-clwa-2231,2018-03-09,2018-04-28,17:30:00,17:58:00
18735,177,analysis,3146-clwa-6049,2018-02-11,2018-02-26,04:30:00,05:12:00
24554,177,analysis,3142-clwa-2019,2018-02-18,2018-04-08,00:00:00,02:13:00
2753,177,analysis,3142-clwa-2231,2018-03-29,2018-04-18,00:30:00,00:50:00
27094,177,analysis,3142-clwa-2219,2018-03-01,2018-03-26,18:30:00,18:31:00
5236,177,analysis,3142-clwa-2019,2018-02-07,2018-03-25,23:30:00,00:32:00
