Querier,No. of Policies,Cache log,Generation Time,Execution Time,Policy Retrieval Time,Hit Total Time,Miss Total Time,Deletion Flag
Querier,No. of Policies,Cache log,Generation Time,Execution Time,Policy Retrieval Time,Hit Total Time,Miss Total Time,Deletion Flag
Querier,No. of Policies,Cache log,Generation Time,Execution Time,Policy Retrieval Time,Hit Total Time,Miss Total Time,Deletion Flag
Querier,No. of Policies,Cache log,Generation Time,Execution Time,Policy Retrieval Time,Hit Total Time,Miss Total Time,Deletion Flag
26710,10,miss,492.959147,33.130171,51.979966,0,578.0692839999999,0
26710,10,miss,125.662416,22.863589,50.362248,0,198.888253,0
26710,10,miss,122.718523,15.302275,51.014882,0,189.03568,0
26710,10,miss,108.658329,11.542813,52.075224,0,172.276366,0
26710,10,miss,102.304153,12.028614,51.885342,0,166.218109,0
26710,10,miss,111.520973,17.78413,52.672863,0,181.97796599999998,0
26710,10,miss,82.978375,38.935785,49.907801,0,171.821961,0
26710,10,miss,74.67068,7.79718,50.185993,0,132.653853,0
26710,10,miss,73.311853,10.749278,49.757925,0,133.819056,0
26710,10,miss,70.164367,15.782567,48.429666,0,134.3766,0
26710,10,miss,70.013438,10.977902,49.016962,0,130.008302,0
26710,10,miss,70.880427,8.220056,49.929801,0,129.030284,0
26710,10,miss,84.260701,16.344667,49.531717,0,150.137085,0
26710,10,miss,88.894617,10.06959,50.062631,0,149.026838,0
26710,10,miss,89.734298,10.287557,48.944505,0,148.96636,0
26710,10,miss,90.324349,11.703944,49.593654,0,151.621947,0
26710,10,miss,93.768312,13.248358,53.085513,0,160.102183,0
26710,10,miss,91.091883,11.076372,49.807493,0,151.975748,0
26710,10,miss,92.693111,10.762987,50.370001,0,153.826099,0
26710,10,miss,92.431485,10.17731,49.819311,0,152.42810599999999,0
26710,10,miss,93.410233,17.790469,51.155517,0,162.356219,0
26710,10,miss,91.087828,13.812801,49.458726,0,154.359355,0
26710,10,miss,95.452282,12.330326,51.31671,0,159.09931799999998,0
26710,10,miss,94.224206,13.850255,50.10157,0,158.176031,0
26710,10,miss,94.628285,12.198183,51.623605,0,158.450073,0
26710,10,miss,95.502176,20.573839,51.369184,0,167.445199,0
26710,10,miss,94.769442,12.850261,51.362652,0,158.98235499999998,0
26710,10,miss,100.672463,12.724882,57.755084,0,171.15242899999998,0
26710,10,miss,100.165792,12.82116,58.517849,0,171.504801,0
26710,10,miss,92.243762,12.122104,50.051274,0,154.41714000000002,0
26710,10,miss,92.96002,16.499836,50.869272,0,160.329128,0
26710,10,miss,91.967988,12.491238,49.708332,0,154.16755799999999,0
26710,10,miss,92.544911,11.821045,51.035075,0,155.401031,0
26710,10,miss,97.489748,11.702098,51.232771,0,160.424617,0
26710,10,miss,24.82745,14.580857,51.26175,0,90.670057,0
26710,10,miss,92.877288,12.448252,50.875802,0,156.201342,0
26710,10,miss,92.781327,12.514828,51.717788,0,157.01394299999998,0
26710,10,miss,94.670717,11.766275,51.598322,0,158.035314,0
26710,10,miss,92.464811,25.601039,50.987502,0,169.053352,0
26710,10,miss,91.277837,18.097678,49.657448,0,159.032963,0
26710,10,miss,91.887009,12.452124,50.150585,0,154.489718,0
26710,10,miss,93.081619,16.115965,51.671824,0,160.86940800000002,0
26710,10,miss,90.232994,17.361973,50.044043,0,157.63900999999998,0
26710,10,miss,91.668255,17.118134,50.658287,0,159.44467600000002,0
26710,10,miss,90.194031,11.711103,49.70418,0,151.60931399999998,0
26710,10,miss,97.0617,12.049609,55.933719,0,165.045028,0
26710,10,miss,91.008225,17.398924,50.134281,0,158.54143,0
26710,10,miss,91.296658,11.564081,51.095262,0,153.956001,0
26710,10,miss,91.302557,18.441074,50.620369,0,160.36399999999998,0
26710,10,miss,92.542677,10.569516,51.158291,0,154.270484,0
26710,10,miss,90.841305,13.082771,49.977856,0,153.90193200000002,0
26710,10,miss,89.119919,19.118446,51.15869,0,159.397055,0
26710,10,miss,91.035566,12.203018,50.601649,0,153.840233,0
26710,10,miss,91.638835,15.065876,51.167329,0,157.87204,0
26710,10,miss,94.519113,17.546499,53.11611,0,165.181722,0
26710,10,miss,93.500407,12.596494,50.361672,0,156.458573,0
26710,10,miss,91.88168,12.613147,51.623492,0,156.11831899999999,0
26710,10,miss,91.79952,16.094973,52.321566,0,160.216059,0
26710,10,miss,92.799861,11.762986,51.718636,0,156.281483,0
26710,10,miss,92.565618,42.217504,51.863726,0,186.646848,0
26710,10,miss,90.45544,10.400046,53.37681,0,154.232296,0
26710,10,miss,87.689916,17.521617,50.326425,0,155.537958,0
26710,10,miss,89.974561,14.712237,50.696115,0,155.38291299999997,0
26710,10,miss,87.442793,9.387143,50.678969,0,147.508905,0
26710,10,miss,89.408581,15.565184,51.364719,0,156.338484,0
26710,10,miss,90.957331,14.066243,52.49018,0,157.513754,0
26710,10,miss,89.251547,18.193688,51.628046,0,159.073281,0
26710,10,miss,88.831467,17.392119,51.362151,0,157.585737,0
26710,10,miss,89.932578,9.620904,51.940439,0,151.493921,0
26710,10,miss,88.963986,11.440432,51.806084,0,152.21050200000002,0
26710,10,miss,92.46834,14.556502,51.554026,0,158.578868,0
26710,10,miss,93.060186,12.02218,52.816782,0,157.89914800000003,0
26710,10,miss,89.053987,9.959342,50.955827,0,149.969156,0
26710,10,miss,112.975303,12.329458,74.973536,0,200.278297,0
26710,10,miss,88.850642,9.507873,51.75539,0,150.113905,0
26710,10,miss,91.752979,9.631512,52.363977,0,153.748468,0
26710,10,miss,90.045089,11.769357,52.052893,0,153.86733900000002,0
26710,10,miss,90.024839,9.663566,51.311707,0,151.000112,0
26710,10,miss,87.982203,15.121788,50.342107,0,153.446098,0
26710,10,miss,87.794134,12.168574,50.317242,0,150.27994999999999,0
26710,10,miss,95.47568,17.05688,52.578846,0,165.111406,0
26710,10,miss,91.437554,11.305042,52.048828,0,154.791424,0
26710,10,miss,90.381609,16.589511,51.782024,0,158.753144,0
26710,10,miss,94.538726,13.231394,55.949962,0,163.720082,0
26710,10,miss,92.220169,12.725442,53.328761,0,158.274372,0
26710,11,miss,101.730947,18.605564,58.536207,0,178.87271800000002,0
26710,11,miss,98.099435,15.893585,57.383087,0,171.376107,0
26710,11,miss,97.877092,15.714105,56.190241,0,169.781438,0
26710,11,miss,97.326813,10.205591,55.783182,0,163.315586,0
26710,11,miss,107.734177,12.620071,65.970614,0,186.324862,0
26710,11,miss,99.321224,9.812777,55.603874,0,164.737875,0
26710,11,miss,96.302096,9.687248,55.082103,0,161.071447,0
26710,11,miss,97.128973,17.03876,55.765497,0,169.93323,0
26710,11,miss,87.32917,8.902314,57.222355,0,153.45383900000002,0
26710,11,miss,96.669029,9.923825,55.386107,0,161.978961,0
26710,11,miss,99.192016,10.119857,57.517784,0,166.829657,0
26710,11,miss,97.927524,15.892765,57.282079,0,171.102368,0
26710,11,miss,95.808146,17.985776,56.594645,0,170.388567,0
26710,11,miss,95.74294,9.683373,56.409887,0,161.83620000000002,0
26710,11,miss,100.219806,11.544808,59.63484,0,171.399454,0
26710,11,miss,98.340359,11.146843,58.33056,0,167.81776200000002,0
26710,11,miss,101.792131,10.308621,59.668144,0,171.76889599999998,0
26710,11,miss,96.556993,18.541654,55.900882,0,170.999529,0
26710,11,miss,96.940991,9.617181,57.006924,0,163.56509599999998,0
26710,11,miss,97.574086,15.116543,55.8041,0,168.494729,0
26710,11,miss,98.686619,14.772743,56.169705,0,169.629067,0
26710,11,miss,98.378789,17.932278,56.042988,0,172.35405500000002,0
9939,10,miss,93.482036,9.660214,54.747104,0,157.889354,0
9939,10,soft-hit,91.295277,17.208907,53.78548,162.28966400000002,0,0
9939,10,soft-hit,90.097647,9.11255,52.1011,151.311297,0,0
9939,10,soft-hit,90.076279,9.176893,51.990639,151.243811,0,0
9939,10,soft-hit,91.705502,14.775054,53.317597,159.798153,0,0
9939,10,soft-hit,89.874903,14.749886,52.13711,156.761899,0,0
9939,10,soft-hit,91.224088,32.879906,51.753966,175.85796,0,0
9939,10,soft-hit,88.662242,11.690812,50.973395,151.326449,0,0
9939,10,soft-hit,90.82339,9.47802,52.985436,153.286846,0,0
9939,10,soft-hit,86.412711,7.866601,52.152368,146.43168,0,0
9939,10,soft-hit,86.042362,18.098836,51.121701,155.262899,0,0
9939,10,soft-hit,91.543311,9.689062,51.263996,152.49636900000002,0,0
9939,10,soft-hit,89.134562,17.29687,52.578376,159.00980800000002,0,0
9939,10,soft-hit,89.680596,17.277631,54.154002,161.112229,0,0
9939,10,soft-hit,86.795666,11.972391,51.933189,150.701246,0,0
9939,10,soft-hit,87.459003,13.797019,51.864207,153.120229,0,0
9939,10,soft-hit,87.807672,9.033381,53.109169,149.950222,0,0
9939,10,soft-hit,87.828035,9.452659,51.58753,148.868224,0,0
9939,10,soft-hit,84.578766,13.8436,51.991252,150.41361799999999,0,0
9939,10,soft-hit,88.045822,9.905101,52.550139,150.501062,0,0
9939,10,soft-hit,88.792386,10.777186,52.958773,152.528345,0,0
9939,10,soft-hit,80.049818,11.782669,51.875034,143.70752099999999,0,0
9939,10,soft-hit,90.48165,8.952601,54.640485,154.074736,0,0
9939,10,soft-hit,89.70024,14.609325,51.531961,155.841526,0,0
9939,10,soft-hit,89.946279,21.119825,51.880854,162.946958,0,0
9939,10,soft-hit,88.995249,14.516781,52.269184,155.781214,0,0
9939,10,soft-hit,86.040969,15.991777,51.502434,153.53518000000003,0,0
9939,10,soft-hit,87.349323,9.416012,52.199091,148.964426,0,0
9939,10,soft-hit,89.849643,9.172074,54.24444,153.266157,0,0
9939,10,soft-hit,89.987097,9.434844,54.166015,153.58795600000002,0,0
9939,10,soft-hit,88.979435,8.786662,53.074573,150.84067,0,0
9939,10,soft-hit,90.387775,14.270968,52.518003,157.176746,0,0
9939,10,soft-hit,90.750926,13.18331,53.162446,157.09668200000002,0,0
9939,10,soft-hit,92.210716,10.153543,54.940265,157.30452400000001,0,0
9939,10,soft-hit,90.627553,9.023806,53.226671,152.87803000000002,0,0
9939,10,soft-hit,87.824575,18.057581,52.301148,158.183304,0,0
9939,10,soft-hit,88.867504,13.241471,53.582483,155.691458,0,0
9939,10,soft-hit,90.288593,14.974071,54.901661,160.16432500000002,0,0
9939,10,soft-hit,88.38551,9.363749,53.028523,150.777782,0,0
9939,10,soft-hit,90.181172,18.235248,53.256719,161.673139,0,0
9939,10,soft-hit,90.276333,16.696507,53.738246,160.711086,0,0
9939,10,soft-hit,89.101026,11.187269,52.035593,152.323888,0,0
9939,10,soft-hit,90.419038,9.507838,52.064854,151.99173,0,0
9939,10,soft-hit,90.245017,16.063807,53.258313,159.567137,0,0
9939,10,soft-hit,88.441213,9.207907,52.285715,149.93483500000002,0,0
9939,10,soft-hit,91.628764,8.775846,54.128201,154.532811,0,0
9939,10,soft-hit,92.098795,12.818094,53.42756,158.344449,0,0
9939,10,soft-hit,93.165435,9.200036,54.628238,156.99370900000002,0,0
9939,10,soft-hit,89.827857,11.434948,51.998165,153.26097,0,0
9939,10,soft-hit,90.641318,8.779604,51.859483,151.280405,0,0
9939,10,soft-hit,89.214129,17.64255,51.847679,158.704358,0,0
9939,10,soft-hit,94.192407,9.948074,59.513354,163.65383500000002,0,0
9939,10,soft-hit,88.800757,15.364632,51.998872,156.164261,0,0
9939,10,soft-hit,89.758134,17.262845,52.09343,159.114409,0,0
9939,10,soft-hit,89.99767,9.391197,52.208516,151.597383,0,0
9939,10,soft-hit,89.193985,10.606901,52.255409,152.056295,0,0
9939,10,soft-hit,87.945034,16.297138,53.027753,157.269925,0,0
9939,10,soft-hit,87.050137,11.721332,52.468227,151.239696,0,0
9939,10,soft-hit,88.415258,10.61653,52.483234,151.515022,0,0
9939,10,soft-hit,89.845956,13.635127,53.717685,157.198768,0,0
9939,10,soft-hit,88.133273,10.018123,52.940165,151.091561,0,0
9939,10,soft-hit,89.629645,17.074834,53.413617,160.11809599999998,0,0
9939,10,soft-hit,94.60899,9.163699,58.285761,162.05845,0,0
9939,10,soft-hit,92.076375,39.258339,53.752876,185.08758999999998,0,0
9939,10,soft-hit,81.641321,7.590738,52.587833,141.819892,0,0
9939,10,soft-hit,87.815109,12.966446,53.666477,154.448032,0,0
9939,10,soft-hit,88.27666,14.155158,52.58002,155.011838,0,0
9939,10,soft-hit,87.333589,9.505703,52.452383,149.291675,0,0
9939,10,soft-hit,88.220285,17.43038,52.878364,158.52902899999998,0,0
9939,10,soft-hit,87.413995,9.850339,52.816884,150.081218,0,0
9939,10,soft-hit,89.553815,9.432356,54.240734,153.226905,0,0
9939,10,soft-hit,88.422311,9.897748,53.320017,151.640076,0,0
9939,10,soft-hit,88.477179,9.650654,52.912871,151.040704,0,0
9939,10,soft-hit,88.785278,14.025344,52.73081,155.541432,0,0
9939,10,soft-hit,94.881261,10.862903,59.231309,164.975473,0,0
9939,10,soft-hit,88.468451,8.968612,53.26409,150.701153,0,0
9939,10,soft-hit,88.331191,9.061791,52.874428,150.26741,0,0
9939,10,soft-hit,88.976487,9.000877,54.103474,152.080838,0,0
9939,10,soft-hit,107.061509,20.406817,64.385357,191.853683,0,0
9939,10,soft-hit,88.995553,10.449047,54.145136,153.58973600000002,0,0
9939,10,soft-hit,90.000441,13.573128,55.261593,158.835162,0,0
9939,10,soft-hit,88.072101,10.612413,52.874038,151.55855200000002,0,0
9939,10,soft-hit,88.689173,14.496579,52.919233,156.104985,0,0
9939,10,soft-hit,87.988642,14.455498,53.241982,155.686122,0,0
9939,10,soft-hit,89.867712,16.370385,53.011506,159.24960299999998,0,0
9939,10,soft-hit,89.018223,9.598999,53.9198,152.537022,0,0
9939,10,soft-hit,91.695053,9.51038,56.548664,157.754097,0,0
9939,10,soft-hit,90.683284,10.096733,55.412708,156.192725,0,0
9939,10,soft-hit,90.012589,18.971535,54.472053,163.45617700000003,0,0
9939,10,soft-hit,85.443081,10.16259,54.077723,149.68339400000002,0,0
9939,10,soft-hit,90.411977,9.64169,55.232905,155.28657199999998,0,0
9939,10,soft-hit,92.187225,15.94257,55.591722,163.721517,0,0
9939,10,soft-hit,94.87366,10.934112,57.365237,163.173009,0,0
9939,10,soft-hit,87.959163,16.430392,53.122761,157.512316,0,0
27302,10,miss,89.655337,21.648849,54.743302,0,166.047488,0
27302,10,soft-hit,92.605656,11.756049,57.019114,161.380819,0,0
27302,10,soft-hit,83.141984,13.750319,55.814073,152.70637599999998,0,0
27302,10,soft-hit,117.439009,15.308358,55.454045,188.201412,0,0
27302,10,soft-hit,88.006661,8.237783,55.452321,151.696765,0,0
27302,10,soft-hit,88.593638,10.552538,54.520215,153.666391,0,0
27302,10,soft-hit,90.668603,15.412538,55.164571,161.24571200000003,0,0
27302,10,soft-hit,92.380517,10.660555,56.173022,159.214094,0,0
27302,10,soft-hit,90.243312,8.313452,54.929016,153.48578,0,0
27302,10,soft-hit,89.855752,10.124622,55.000308,154.980682,0,0
27302,10,soft-hit,90.894272,9.701386,55.959702,156.55536,0,0
27302,10,soft-hit,91.952612,18.233012,56.141794,166.327418,0,0
27302,10,soft-hit,89.878957,9.526048,56.617676,156.022681,0,0
27302,10,soft-hit,90.927988,10.293756,55.771441,156.99318499999998,0,0
27302,11,soft-hit,97.784704,11.335206,59.980252,169.100162,0,0
27302,11,soft-hit,99.53749,9.298343,62.275607,171.11144000000002,0,0
27302,11,soft-hit,94.939752,8.99031,57.870419,161.800481,0,0
27302,11,soft-hit,99.605877,8.966709,61.245507,169.818093,0,0
27302,11,soft-hit,97.845546,9.392998,60.557718,167.796262,0,0
27302,11,soft-hit,99.360454,9.340214,61.319234,170.019902,0,0
27302,11,soft-hit,96.160414,17.679187,58.942033,172.781634,0,0
27302,11,soft-hit,95.678532,15.405263,58.975614,170.05940900000002,0,0
27302,11,soft-hit,95.32728,13.964027,58.961773,168.25308,0,0
27302,11,soft-hit,96.071088,8.569351,59.511266,164.151705,0,0
27302,11,soft-hit,94.670086,9.414002,57.756789,161.84087699999998,0,0
27302,11,soft-hit,95.003447,23.373258,57.900916,176.277621,0,0
27302,11,soft-hit,95.404795,9.617086,58.391025,163.412906,0,0
27302,11,soft-hit,97.944801,9.453697,60.387181,167.78567900000002,0,0
27302,11,soft-hit,98.388304,17.713698,60.842791,176.944793,0,0
27302,11,soft-hit,95.402802,10.740925,59.83971,165.98343699999998,0,0
27302,11,soft-hit,98.111025,9.631272,59.942105,167.68440199999998,0,0
27302,11,soft-hit,99.243526,10.665841,60.048183,169.95755,0,0
27302,11,soft-hit,96.58484,10.086852,58.585978,165.25767000000002,0,0
27302,11,soft-hit,97.541743,16.602146,57.990703,172.134592,0,0
27302,11,soft-hit,98.400934,9.435759,58.197391,166.034084,0,0
27302,11,soft-hit,96.695302,9.10102,58.290912,164.087234,0,0
27302,11,soft-hit,96.790861,9.722409,58.332416,164.845686,0,0
27302,11,soft-hit,96.067788,9.380037,58.022471,163.470296,0,0
27302,11,soft-hit,96.288563,10.424862,58.99243,165.70585499999999,0,0
27302,11,soft-hit,99.587358,9.545142,59.505915,168.638415,0,0
27302,11,soft-hit,97.130622,9.506473,58.780439,165.417534,0,0
27302,11,soft-hit,98.244148,9.311746,58.298804,165.85469799999998,0,0
27302,11,soft-hit,97.131241,9.428412,58.130331,164.68998399999998,0,0
27302,11,soft-hit,106.532537,9.49117,58.053868,174.07757500000002,0,0
27302,11,soft-hit,95.011719,9.596868,58.955289,163.563876,0,0
27302,11,soft-hit,95.413502,13.993327,58.124538,167.531367,0,0
27302,11,soft-hit,97.028771,9.26893,58.670398,164.968099,0,0
27302,11,soft-hit,95.608618,9.676345,58.262098,163.547061,0,0
27302,11,soft-hit,97.129433,12.228553,60.080266,169.438252,0,0
27302,11,soft-hit,96.079171,9.434334,58.321917,163.835422,0,0
27302,11,soft-hit,95.898932,10.395404,58.233348,164.527684,0,0
27302,11,soft-hit,96.279951,9.510063,59.437307,165.227321,0,0
27302,11,soft-hit,97.1834,9.439499,59.61175,166.234649,0,0
27302,11,soft-hit,96.273749,15.584831,59.036261,170.89484099999999,0,0
27302,11,soft-hit,98.63766,16.654947,59.157194,174.44980099999998,0,0
27302,11,soft-hit,97.231621,11.853969,59.062055,168.147645,0,0
27302,11,soft-hit,103.093546,10.319256,63.049523,176.46232500000002,0,0
27302,11,soft-hit,98.963004,8.444435,60.064261,167.4717,0,0
27302,11,soft-hit,99.811649,16.821398,59.952367,176.58541400000001,0,0
27302,11,soft-hit,97.113734,16.287466,58.959436,172.360636,0,0
27302,11,soft-hit,96.279125,17.509618,58.762658,172.551401,0,0
27302,11,soft-hit,96.270745,14.519113,58.8435,169.633358,0,0
27302,11,soft-hit,97.506164,9.661468,58.871409,166.039041,0,0
27302,11,soft-hit,97.368222,9.180263,58.919703,165.468188,0,0
27302,11,soft-hit,97.839565,10.260686,60.148625,168.248876,0,0
27302,11,soft-hit,98.945002,8.678189,60.301988,167.925179,0,0
27302,11,soft-hit,97.754363,9.941438,61.568975,169.26477599999998,0,0
27302,11,soft-hit,100.001451,10.218649,61.310166,171.530266,0,0
27302,11,soft-hit,99.644851,9.702771,61.613816,170.961438,0,0
27302,11,soft-hit,96.699388,8.849874,60.013021,165.562283,0,0
27302,11,soft-hit,97.740343,9.315006,60.247232,167.30258099999998,0,0
27302,11,soft-hit,95.288467,20.42583,60.111475,175.825772,0,0
27302,11,soft-hit,96.00843,10.087963,59.542864,165.639257,0,0
27302,11,soft-hit,101.60071,13.05173,59.898207,174.55064700000003,0,0
27302,11,soft-hit,103.762256,14.392062,63.34968,181.503998,0,0
27302,11,soft-hit,97.879098,9.312339,60.830788,168.022225,0,0
27302,11,soft-hit,98.318587,14.306704,60.611345,173.23663599999998,0,0
27302,11,soft-hit,97.610331,13.696012,60.828141,172.134484,0,0
27302,11,soft-hit,96.966973,9.599426,59.224003,165.790402,0,0
27302,11,soft-hit,97.851498,23.644148,59.695702,181.191348,0,0
27302,11,soft-hit,95.409384,9.21378,59.17331,163.796474,0,0
27302,11,soft-hit,97.148808,10.229799,59.367146,166.745753,0,0
27302,11,soft-hit,96.375182,12.55297,59.558083,168.486235,0,0
27302,11,soft-hit,96.968766,10.42745,60.728594,168.12481000000002,0,0
27302,11,soft-hit,96.665187,10.14492,60.619719,167.429826,0,0
27302,11,soft-hit,96.531587,9.827072,60.130061,166.48872,0,0
10054,10,miss,93.131841,9.959384,56.902133,0,159.993358,0
10054,10,soft-hit,93.076237,13.295898,55.648435,162.02057000000002,0,0
10054,10,soft-hit,92.770968,13.247652,56.412387,162.431007,0,0
10054,10,soft-hit,94.060564,9.342024,58.446484,161.84907199999998,0,0
10054,10,soft-hit,95.253933,9.580717,57.948253,162.782903,0,0
10054,10,soft-hit,110.604861,9.548302,74.248493,194.401656,0,0
10054,10,soft-hit,103.67009,9.619874,66.265632,179.55559599999998,0,0
10054,10,soft-hit,97.266609,9.47924,60.431873,167.17772200000002,0,0
10054,10,soft-hit,92.490557,9.465337,56.530706,158.4866,0,0
10054,10,soft-hit,91.140534,8.828197,57.049511,157.018242,0,0
10054,10,soft-hit,92.068447,9.058813,55.81731,156.94457,0,0
10054,10,soft-hit,92.373925,15.154634,55.918148,163.446707,0,0
10054,10,soft-hit,92.689479,9.134837,55.865486,157.689802,0,0
10054,10,soft-hit,91.58596,9.298186,55.810632,156.69477799999999,0,0
10054,10,soft-hit,92.889501,9.290055,56.189274,158.36883,0,0
10054,10,soft-hit,93.08635,9.548919,57.272975,159.908244,0,0
10054,10,soft-hit,92.198935,9.09221,56.118446,157.409591,0,0
10054,10,soft-hit,92.466062,9.876628,55.76729,158.10998,0,0
10054,10,soft-hit,91.660643,16.174096,55.631649,163.466388,0,0
10054,10,soft-hit,92.330419,11.193009,55.463487,158.986915,0,0
10054,10,soft-hit,92.426723,13.859718,55.613666,161.900107,0,0
10054,10,soft-hit,92.53032,9.045803,55.7696,157.34572300000002,0,0
10054,10,soft-hit,92.750189,17.312538,55.890775,165.95350200000001,0,0
10054,10,soft-hit,94.676467,9.073029,57.657557,161.40705300000002,0,0
10054,10,soft-hit,94.04584,12.8453,57.354341,164.24548099999998,0,0
10054,10,soft-hit,92.190407,16.177376,56.051106,164.41888899999998,0,0
10054,10,soft-hit,94.141499,11.500146,57.429828,163.071473,0,0
10054,10,soft-hit,96.202808,8.928276,57.67842,162.809504,0,0
10054,10,soft-hit,94.149581,9.431152,58.001229,161.581962,0,0
10054,10,soft-hit,93.973215,9.107921,57.940385,161.021521,0,0
10054,10,soft-hit,94.69038,21.423625,57.270479,173.38448400000001,0,0
10054,10,soft-hit,81.034556,14.094454,57.584583,152.713593,0,0
10054,10,soft-hit,77.176767,16.47457,57.107942,150.759279,0,0
10054,10,soft-hit,93.12243,9.730742,56.967923,159.821095,0,0
10054,10,soft-hit,94.155202,16.112042,56.392311,166.659555,0,0
10054,10,soft-hit,92.966634,11.338091,56.17195,160.476675,0,0
10054,10,soft-hit,94.433612,9.128046,57.887543,161.44920100000002,0,0
10054,10,soft-hit,98.022684,14.59645,61.127994,173.747128,0,0
10054,11,soft-hit,101.994479,9.664167,61.66318,173.321826,0,0
10054,11,soft-hit,106.667757,10.543,67.25098,184.461737,0,0
10054,11,soft-hit,99.082296,9.482585,60.786114,169.350995,0,0
10054,11,soft-hit,102.786302,9.703884,64.019121,176.509307,0,0
10054,11,soft-hit,99.116368,10.35929,60.457669,169.933327,0,0
10054,11,soft-hit,100.39618,18.468685,60.716268,179.58113300000002,0,0
10054,11,soft-hit,98.31996,13.720523,60.292577,172.33306,0,0
10054,11,soft-hit,97.933728,14.827868,60.25705,173.018646,0,0
10054,11,soft-hit,98.350841,9.305654,60.348257,168.004752,0,0
10054,11,soft-hit,99.55887,13.460628,61.307344,174.326842,0,0
10054,11,soft-hit,101.318257,13.689004,61.996837,177.004098,0,0
10054,11,soft-hit,100.691106,16.827208,60.391814,177.910128,0,0
10054,11,soft-hit,101.089373,11.570609,62.472297,175.13227899999998,0,0
10054,11,soft-hit,98.473059,17.754922,60.352575,176.580556,0,0
10054,11,soft-hit,98.491129,11.067089,60.706091,170.264309,0,0
10054,11,soft-hit,102.02661,12.797356,61.149859,175.973825,0,0
10054,11,soft-hit,99.745629,16.749543,61.206601,177.701773,0,0
10054,11,soft-hit,100.717657,27.308195,62.239617,190.265469,0,0
10054,11,soft-hit,98.28257,10.25127,60.461338,168.995178,0,0
10054,11,soft-hit,99.98393,15.400768,61.122056,176.506754,0,0
10054,11,soft-hit,105.765686,9.356347,66.786484,181.90851700000002,0,0
10054,11,soft-hit,101.256157,12.765263,62.524838,176.54625800000002,0,0
10054,11,soft-hit,100.06076,15.46839,61.982451,177.51160099999998,0,0
10054,11,soft-hit,100.451609,13.72966,62.133513,176.314782,0,0
10054,11,soft-hit,100.455043,10.638093,61.645595,172.738731,0,0
10054,11,soft-hit,100.074405,9.557592,61.765133,171.39713,0,0
10054,11,soft-hit,100.786176,15.327451,62.501334,178.614961,0,0
10054,11,soft-hit,101.235488,14.639296,62.2575,178.132284,0,0
10054,11,soft-hit,104.358212,9.968021,66.464377,180.79061000000002,0,0
10054,11,soft-hit,99.898212,10.014351,61.553207,171.46577000000002,0,0
10054,11,soft-hit,101.211299,9.424648,62.57274,173.208687,0,0
10054,11,soft-hit,99.474746,9.341614,61.33028,170.14664,0,0
10054,11,soft-hit,99.895306,16.224429,61.27862,177.398355,0,0
10054,11,soft-hit,99.02385,9.514664,61.230574,169.769088,0,0
10054,11,soft-hit,101.424576,13.542095,62.789681,177.756352,0,0
10054,12,soft-hit,107.075648,10.061887,65.756646,182.894181,0,0
10054,12,soft-hit,111.575925,11.241333,70.154178,192.97143599999998,0,0
10054,12,soft-hit,106.403006,15.020156,65.86176,187.284922,0,0
10054,12,soft-hit,107.906511,9.6579,66.940425,184.504836,0,0
10054,12,soft-hit,106.175299,16.402267,65.498429,188.07599499999998,0,0
10054,12,soft-hit,124.684717,9.01658,65.659107,199.36040400000002,0,0
10054,12,soft-hit,108.211459,15.566742,66.775806,190.554007,0,0
10054,12,soft-hit,107.628384,9.742995,65.74468,183.116059,0,0
28393,12,miss,108.211507,10.989062,67.305965,0,186.506534,0
28393,12,soft-hit,106.138912,15.848912,66.403547,188.391371,0,0
28393,12,soft-hit,107.106531,9.386747,65.9986,182.49187799999999,0,0
28393,12,soft-hit,103.598898,18.125136,67.148941,188.872975,0,0
28393,12,soft-hit,106.740038,9.214733,67.602423,183.55719399999998,0,0
28393,12,soft-hit,107.74353,34.198264,67.400971,209.34276499999999,0,0
28393,12,soft-hit,107.217324,12.98068,66.459694,186.65769799999998,0,0
28393,12,soft-hit,108.60907,9.974546,67.60702,186.190636,0,0
28393,12,soft-hit,118.361297,14.973995,76.880616,210.215908,0,0
28393,12,soft-hit,106.942702,16.107642,66.45644,189.50678399999998,0,0
28393,12,soft-hit,106.425273,14.508085,66.019518,186.952876,0,0
28393,12,soft-hit,106.099772,9.654147,66.046864,181.800783,0,0
28393,12,soft-hit,107.137509,17.516883,66.100673,190.755065,0,0
28393,12,soft-hit,106.576972,18.241352,66.245502,191.063826,0,0
28393,12,soft-hit,106.033631,10.684539,66.125153,182.843323,0,0
28393,12,soft-hit,108.291081,11.401458,66.577541,186.27008,0,0
28393,12,soft-hit,111.767136,12.552447,68.090252,192.409835,0,0
28393,12,soft-hit,108.378879,10.357713,68.159204,186.89579600000002,0,0
28393,12,soft-hit,107.415625,9.474295,66.236102,183.126022,0,0
28393,12,soft-hit,108.768717,23.799601,66.889701,199.45801899999998,0,0
28393,12,soft-hit,90.203653,6.583881,66.308279,163.09581300000002,0,0
28393,12,soft-hit,91.383319,6.892184,67.515375,165.79087800000002,0,0
28393,12,soft-hit,107.410424,9.618416,65.755105,182.78394500000002,0,0
28393,12,soft-hit,107.378497,12.611485,66.60499,186.59497199999998,0,0
28393,12,soft-hit,104.386568,9.861188,66.552886,180.80064199999998,0,0
28393,12,soft-hit,112.431555,20.1913,66.581615,199.20447000000001,0,0
28393,12,soft-hit,110.000733,10.101454,68.02542,188.127607,0,0
28393,12,soft-hit,107.133052,11.304892,66.775773,185.213717,0,0
28393,12,soft-hit,106.884648,18.168355,66.986092,192.039095,0,0
28393,12,soft-hit,106.069379,9.128118,66.072295,181.269792,0,0
28393,12,soft-hit,89.347784,7.229375,65.858169,162.43532800000003,0,0
28393,12,soft-hit,101.024889,15.331965,66.022839,182.379693,0,0
28393,12,soft-hit,107.432014,15.602026,66.722454,189.75649399999998,0,0
28393,12,soft-hit,107.225199,16.556311,66.770793,190.552303,0,0
28393,12,soft-hit,106.566172,9.241752,66.897885,182.705809,0,0
28393,12,soft-hit,107.54432,9.709184,66.559926,183.81343,0,0
28393,12,soft-hit,109.731692,9.712811,68.264506,187.70900899999998,0,0
28393,12,soft-hit,110.108176,9.526469,68.563321,188.197966,0,0
28393,12,soft-hit,107.941196,15.83161,67.053632,190.826438,0,0
28393,12,soft-hit,109.800181,9.458177,69.0815,188.339858,0,0
28393,12,soft-hit,109.209866,22.777377,68.276157,200.2634,0,0
28393,12,soft-hit,107.253627,12.462262,67.234143,186.950032,0,0
28393,12,soft-hit,108.700269,10.212498,68.171505,187.084272,0,0
28393,12,soft-hit,106.673192,9.530342,68.759981,184.963515,0,0
28393,12,soft-hit,107.752944,17.891277,67.421185,193.065406,0,0
28393,12,soft-hit,109.272065,15.890968,67.576201,192.739234,0,0
28393,12,soft-hit,109.662413,19.011431,67.457127,196.130971,0,0
28393,12,soft-hit,110.177283,15.17244,69.409148,194.758871,0,0
28393,12,soft-hit,111.461934,9.611061,70.471223,191.544218,0,0
28393,12,soft-hit,108.694342,15.627756,68.385174,192.70727200000002,0,0
28393,12,soft-hit,116.651015,10.049549,76.376125,203.076689,0,0
28393,12,soft-hit,108.743761,16.906377,68.388322,194.03846000000001,0,0
28393,12,soft-hit,108.077871,9.141624,68.236865,185.45636000000002,0,0
28393,12,soft-hit,108.346552,15.782228,67.881245,192.010025,0,0
28393,12,soft-hit,111.04593,18.857548,69.910429,199.813907,0,0
28393,12,soft-hit,107.05423,16.974749,67.560014,191.58899300000002,0,0
28393,12,soft-hit,108.13861,9.467535,67.928312,185.534457,0,0
28393,12,soft-hit,109.239428,12.713959,68.863877,190.81726400000002,0,0
28393,12,soft-hit,103.809574,10.901923,69.238142,183.949639,0,0
28393,12,soft-hit,107.460268,14.711526,67.471776,189.64357,0,0
28393,12,soft-hit,107.102435,9.69042,67.359889,184.15274399999998,0,0
28393,12,soft-hit,109.147727,9.599185,69.227967,187.97487900000002,0,0
28393,12,soft-hit,112.082135,27.471023,70.686979,210.240137,0,0
28393,12,soft-hit,106.270959,9.177715,67.991488,183.44016200000002,0,0
28393,12,soft-hit,108.773316,12.653189,70.027671,191.454176,0,0
28393,12,soft-hit,109.277234,9.506121,68.582765,187.36612000000002,0,0
28393,12,soft-hit,110.418548,14.921733,69.720102,195.060383,0,0
28393,12,soft-hit,109.049073,9.467147,67.593603,186.109823,0,0
28393,12,soft-hit,108.883463,16.396886,67.923995,193.204344,0,0
28393,12,soft-hit,110.372758,10.36717,69.838529,190.57845700000001,0,0
28393,12,soft-hit,110.430648,17.362504,69.592237,197.385389,0,0
28393,12,soft-hit,129.972382,18.811894,89.237084,238.02136000000002,0,0
28393,13,soft-hit,116.568075,11.04571,74.151922,201.765707,0,0
28393,13,soft-hit,115.392788,16.235222,73.185634,204.81364399999998,0,0
28393,13,soft-hit,117.338637,10.700328,73.456831,201.49579599999998,0,0
28393,13,soft-hit,117.068442,10.083113,73.99201,201.143565,0,0
28393,13,soft-hit,120.75357,10.742919,76.703167,208.199656,0,0
28393,13,soft-hit,116.279568,11.112193,72.394184,199.785945,0,0
11383,14,miss,127.288896,21.014496,79.772744,0,228.076136,0
11383,used GE,hit,0,21.185888,0,21.185888,0,0
11383,used GE,hit,0,7.805531,0,7.805531,0,0
11383,used GE,hit,0,9.183652,0,9.183652,0,0
11383,used GE,hit,0,18.254796,0,18.254796,0,0
11383,used GE,hit,0,7.239833,0,7.239833,0,0
11383,used GE,hit,0,6.980222,0,6.980222,0,0
11383,used GE,hit,0,6.572155,0,6.572155,0,0
11383,used GE,hit,0,6.453471,0,6.453471,0,0
11383,used GE,hit,0,15.331345,0,15.331345,0,0
11383,used GE,hit,0,17.320885,0,17.320885,0,0
11383,used GE,hit,0,10.729506,0,10.729506,0,0
11383,used GE,hit,0,7.592063,0,7.592063,0,0
11383,used GE,hit,0,7.553996,0,7.553996,0,0
11383,used GE,hit,0,8.59303,0,8.59303,0,0
11383,used GE,hit,0,20.575991,0,20.575991,0,0
11383,used GE,hit,0,7.223627,0,7.223627,0,0
11383,used GE,hit,0,6.552255,0,6.552255,0,0
11383,used GE,hit,0,9.228672,0,9.228672,0,0
11383,used GE,hit,0,11.157931,0,11.157931,0,0
11383,used GE,hit,0,5.816249,0,5.816249,0,0
11383,used GE,hit,0,6.471357,0,6.471357,0,0
11383,used GE,hit,0,7.341175,0,7.341175,0,0
11383,used GE,hit,0,7.038903,0,7.038903,0,0
11383,used GE,hit,0,8.686028,0,8.686028,0,0
11383,used GE,hit,0,5.58232,0,5.58232,0,0
11383,used GE,hit,0,14.969701,0,14.969701,0,0
11383,used GE,hit,0,15.146019,0,15.146019,0,0
11383,used GE,hit,0,9.249321,0,9.249321,0,0
11383,used GE,hit,0,7.132358,0,7.132358,0,0
11383,used GE,hit,0,6.528766,0,6.528766,0,0
11383,used GE,hit,0,6.349968,0,6.349968,0,0
11383,used GE,hit,0,6.358298,0,6.358298,0,0
11383,used GE,hit,0,6.542136,0,6.542136,0,0
11383,used GE,hit,0,7.848298,0,7.848298,0,0
11383,used GE,hit,0,7.787594,0,7.787594,0,0
11383,used GE,hit,0,10.738543,0,10.738543,0,0
11383,used GE,hit,0,8.61922,0,8.61922,0,0
11383,used GE,hit,0,14.670626,0,14.670626,0,0
11383,15,soft-hit,128.591629,11.776808,83.516898,223.885335,0,0
11383,used GE,hit,0,8.654309,0,8.654309,0,0
11383,used GE,hit,0,8.41697,0,8.41697,0,0
11383,used GE,hit,0,9.821807,0,9.821807,0,0
11383,used GE,hit,0,11.164135,0,11.164135,0,0
11383,used GE,hit,0,8.567159,0,8.567159,0,0
11383,used GE,hit,0,8.244971,0,8.244971,0,0
11383,used GE,hit,0,8.1223,0,8.1223,0,0
11383,used GE,hit,0,22.601933,0,22.601933,0,0
11383,used GE,hit,0,16.663514,0,16.663514,0,0
11383,used GE,hit,0,9.481786,0,9.481786,0,0
11383,used GE,hit,0,8.749305,0,8.749305,0,0
11383,used GE,hit,0,16.785416,0,16.785416,0,0
11383,used GE,hit,0,8.237499,0,8.237499,0,0
11383,used GE,hit,0,21.604638,0,21.604638,0,0
11383,used GE,hit,0,13.639925,0,13.639925,0,0
11383,used GE,hit,0,8.773887,0,8.773887,0,0
11383,used GE,hit,0,8.627053,0,8.627053,0,0
11383,used GE,hit,0,8.029108,0,8.029108,0,0
11383,used GE,hit,0,7.898756,0,7.898756,0,0
11383,used GE,hit,0,8.869722,0,8.869722,0,0
11383,used GE,hit,0,9.082157,0,9.082157,0,0
11383,used GE,hit,0,16.084856,0,16.084856,0,0
11383,used GE,hit,0,8.590727,0,8.590727,0,0
11383,used GE,hit,0,26.240406,0,26.240406,0,0
11383,used GE,hit,0,15.133701,0,15.133701,0,0
11383,used GE,hit,0,14.281255,0,14.281255,0,0
11383,used GE,hit,0,7.857293,0,7.857293,0,0
11383,used GE,hit,0,19.670683,0,19.670683,0,0
11383,used GE,hit,0,8.736296,0,8.736296,0,0
11383,used GE,hit,0,11.87567,0,11.87567,0,0
11383,used GE,hit,0,11.800641,0,11.800641,0,0
11383,used GE,hit,0,19.62117,0,19.62117,0,0
11383,used GE,hit,0,8.611178,0,8.611178,0,0
11383,used GE,hit,0,8.120506,0,8.120506,0,0
11383,used GE,hit,0,8.786393,0,8.786393,0,0
29826,15,miss,136.610422,20.77751,85.655583,0,243.04351499999999,0
29826,15,soft-hit,133.476437,16.843783,85.529,235.84922,0,0
29826,15,soft-hit,132.896643,16.057003,85.876743,234.83038900000003,0,0
29826,15,soft-hit,132.487922,14.511514,86.031766,233.031202,0,0
29826,15,soft-hit,132.068395,9.593923,84.143136,225.805454,0,0
29826,15,soft-hit,131.475156,9.727604,84.379503,225.582263,0,0
29826,15,soft-hit,131.851496,16.001141,84.519173,232.37180999999998,0,0
29826,15,soft-hit,131.558633,9.561246,84.804987,225.92486599999998,0,0
29826,15,soft-hit,129.512025,10.910114,84.017445,224.439584,0,0
29826,15,soft-hit,133.975912,10.103274,86.290905,230.370091,0,0
29826,15,soft-hit,133.799869,10.436477,86.988971,231.22531700000002,0,0
29826,15,soft-hit,134.417522,10.940756,87.289042,232.64731999999998,0,0
29826,15,soft-hit,133.880118,11.316663,86.926685,232.123466,0,0
29826,15,soft-hit,134.624282,20.178044,87.059896,241.86222199999997,0,0
29826,15,soft-hit,134.230016,24.392251,87.31008,245.932347,0,0
29826,15,soft-hit,132.777192,9.85901,86.09801,228.734212,0,0
29826,15,soft-hit,135.001201,21.186022,87.991769,244.17899200000002,0,0
29826,15,soft-hit,133.101123,16.064355,86.271422,235.4369,0,0
29826,15,soft-hit,133.844842,9.491417,86.964736,230.300995,0,0
29826,15,soft-hit,130.609753,20.897833,84.153058,235.66064400000002,0,0
29826,15,soft-hit,131.002896,14.068761,84.107804,229.179461,0,0
29826,15,soft-hit,132.268863,9.841697,84.868876,226.97943600000002,0,0
29826,15,soft-hit,132.073091,9.677747,84.346927,226.09776499999998,0,0
29826,15,soft-hit,133.928276,16.154494,84.30422,234.38699000000003,0,0
29826,15,soft-hit,131.443089,9.831977,84.219584,225.49464999999998,0,0
29826,15,soft-hit,134.18293,12.572499,85.928623,232.684052,0,0
29826,15,soft-hit,135.628456,9.707964,88.065143,233.401563,0,0
29826,15,soft-hit,132.145139,9.805136,84.495705,226.44598000000002,0,0
29826,15,soft-hit,131.608243,9.625696,85.09356,226.327499,0,0
29826,15,soft-hit,132.995582,16.093023,86.206445,235.29505,0,0
29826,15,soft-hit,133.148298,9.626933,86.433504,229.208735,0,0
29826,15,soft-hit,135.168185,21.892409,86.519003,243.57959699999998,0,0
29826,15,soft-hit,133.705095,10.098626,87.060912,230.864633,0,0
29826,15,soft-hit,134.360934,26.81978,87.458825,248.63953899999998,0,0
29826,16,soft-hit,115.777043,8.538566,90.842308,215.157917,0,0
29826,16,soft-hit,135.614276,8.678857,92.6558,236.94893299999998,0,0
29826,16,soft-hit,133.140123,9.414091,88.292249,230.84646299999997,0,0
29826,16,soft-hit,139.773471,9.725439,89.283022,238.78193199999998,0,0
29826,16,soft-hit,138.8432,12.459951,88.942569,240.24572,0,0
29826,17,soft-hit,146.227899,9.9648,94.677005,250.869704,0,0
29826,17,soft-hit,146.786386,9.976148,94.162165,250.92469899999998,0,0
29826,17,soft-hit,146.197074,10.226827,94.063733,250.48763399999999,0,0
29826,17,soft-hit,146.457998,18.363152,94.549531,259.370681,0,0
29826,17,soft-hit,146.449729,18.3703,95.110857,259.930886,0,0
29826,17,soft-hit,149.366915,18.507893,97.49682,265.371628,0,0
29826,17,soft-hit,144.671699,10.03705,94.013558,248.722307,0,0
29826,17,soft-hit,146.199082,10.438932,94.104362,250.74237599999998,0,0
29826,17,soft-hit,145.439424,15.202988,93.936262,254.578674,0,0
29826,17,soft-hit,145.440114,10.300179,94.593342,250.33363500000002,0,0
29826,17,soft-hit,158.878819,10.401766,95.447778,264.728363,0,0
29826,17,soft-hit,146.929421,13.582701,95.09786,255.609982,0,0
29826,17,soft-hit,146.377478,9.970275,94.448184,250.79593699999998,0,0
29826,17,soft-hit,145.631128,21.768123,95.809553,263.208804,0,0
29826,17,soft-hit,145.432694,19.74148,94.716562,259.890736,0,0
29826,17,soft-hit,146.744992,9.925376,94.799356,251.46972399999999,0,0
29826,17,soft-hit,150.865037,16.905113,94.927245,262.69739500000003,0,0
29826,17,soft-hit,152.488765,15.318428,97.775681,265.582874,0,0
29826,17,soft-hit,146.699975,21.823777,95.172219,263.695971,0,0
29826,17,soft-hit,148.590267,10.459085,97.356045,256.405397,0,0
29826,17,soft-hit,147.998789,10.039544,94.706338,252.74467099999998,0,0
29826,17,soft-hit,145.785925,9.654937,94.336924,249.777786,0,0
29826,17,soft-hit,147.259956,10.416446,95.309817,252.98621899999998,0,0
29826,17,soft-hit,146.522068,23.908913,94.833714,265.26469499999996,0,0
29826,17,soft-hit,148.453929,16.430917,95.265448,260.15029400000003,0,0
29826,17,soft-hit,148.525931,18.826091,97.020445,264.37246700000003,0,0
29826,17,soft-hit,148.79833,26.164019,98.375206,273.337555,0,0
29826,17,soft-hit,147.725804,25.161372,96.834253,269.721429,0,0
29826,17,soft-hit,149.452051,10.533224,98.030497,258.015772,0,0
29826,17,soft-hit,148.706535,15.058269,97.477855,261.242659,0,0
29826,17,soft-hit,154.177094,10.517135,101.256888,265.951117,0,0
29826,17,soft-hit,147.010063,10.243924,96.25048,253.504467,0,0
29826,17,soft-hit,148.004435,21.604461,96.274367,265.883263,0,0
29826,17,soft-hit,148.664776,10.016914,97.318925,256.000615,0,0
11660,15,miss,136.18402,9.751269,90.578229,0,236.513518,0
11660,15,soft-hit,136.392392,9.064972,90.211876,235.66924,0,0
11660,15,soft-hit,133.297223,14.587029,89.866276,237.750528,0,0
11660,15,soft-hit,137.223236,19.200184,91.294382,247.717802,0,0
11660,15,soft-hit,134.485774,15.711144,88.110614,238.30753199999998,0,0
11660,15,soft-hit,134.153547,9.16173,87.875228,231.19050500000003,0,0
11660,15,soft-hit,132.977924,9.378832,86.772405,229.129161,0,0
11660,15,soft-hit,135.933037,31.46424,87.972827,255.37010400000003,0,0
11660,15,soft-hit,114.500501,19.358761,86.734347,220.59360900000001,0,0
11660,15,soft-hit,127.826035,20.774372,87.195408,235.795815,0,0
11660,15,soft-hit,132.860513,11.311575,86.467018,230.639106,0,0
11660,15,soft-hit,139.513532,9.033414,93.196596,241.743542,0,0
11660,15,soft-hit,135.170492,15.267599,89.278348,239.71643899999998,0,0
11660,15,soft-hit,136.312866,9.358991,90.113797,235.78565400000002,0,0
11660,15,soft-hit,135.056701,9.123996,88.914886,233.095583,0,0
11660,15,soft-hit,134.813055,8.976674,88.989207,232.778936,0,0
11660,15,soft-hit,132.499398,9.515196,86.788412,228.803006,0,0
11660,15,soft-hit,132.854795,17.574534,87.083988,237.513317,0,0
11660,15,soft-hit,132.282913,16.099756,86.624901,235.00757,0,0
11660,15,soft-hit,132.131769,20.653626,87.125878,239.911273,0,0
11660,15,soft-hit,132.906345,19.994977,87.212979,240.11430099999998,0,0
11660,15,soft-hit,136.017909,9.28421,89.485698,234.78781700000002,0,0
11660,15,soft-hit,161.580953,9.444831,116.744246,287.77003,0,0
11660,15,soft-hit,134.864913,9.1024,90.014753,233.982066,0,0
11660,15,soft-hit,135.063446,8.965801,89.063245,233.092492,0,0
11660,15,soft-hit,135.266475,9.089677,88.870232,233.226384,0,0
11660,15,soft-hit,134.934289,30.715399,88.846801,254.496489,0,0
11660,15,soft-hit,133.236123,15.910874,89.564687,238.711684,0,0
11660,15,soft-hit,134.900718,8.98406,88.966793,232.851571,0,0
11660,15,soft-hit,134.477416,8.931036,88.711963,232.120415,0,0
11660,15,soft-hit,134.767051,9.067549,89.121454,232.956054,0,0
11660,15,soft-hit,135.26138,11.840088,89.171708,236.27317599999998,0,0
11660,15,soft-hit,133.794737,17.355625,87.517601,238.667963,0,0
11660,15,soft-hit,133.272036,8.887572,87.641484,229.80109200000004,0,0
11660,15,soft-hit,133.61263,8.910518,87.503007,230.026155,0,0
11660,15,soft-hit,134.400308,20.641571,88.31754,243.359419,0,0
11660,16,soft-hit,143.587485,22.443663,94.726999,260.758147,0,0
11660,16,soft-hit,142.785646,16.716239,94.558583,254.06046800000001,0,0
11660,16,soft-hit,141.858955,17.231188,92.76561,251.855753,0,0
11660,16,soft-hit,140.16297,9.371652,92.472686,242.007308,0,0
11660,16,soft-hit,136.942546,12.635724,92.111085,241.68935499999998,0,0
11660,16,soft-hit,142.579968,9.573925,94.257359,246.411252,0,0
11660,16,soft-hit,159.587976,9.658009,94.334443,263.580428,0,0
11660,16,soft-hit,142.531372,21.97616,94.261801,258.769333,0,0
11660,16,soft-hit,139.762126,9.46039,92.119555,241.342071,0,0
11660,16,soft-hit,140.915704,9.344219,92.306478,242.56640099999998,0,0
11660,16,soft-hit,142.797779,9.355262,94.146352,246.29939299999998,0,0
11660,16,soft-hit,144.551527,9.464843,95.621849,249.638219,0,0
11660,16,soft-hit,143.15078,18.039109,94.790804,255.98069299999997,0,0
11660,16,soft-hit,142.404119,17.432926,94.147589,253.984634,0,0
11660,16,soft-hit,143.440331,11.315312,94.726728,249.482371,0,0
11660,16,soft-hit,143.184237,14.624463,94.106793,251.915493,0,0
11660,16,soft-hit,143.605024,16.789224,94.595406,254.98965399999997,0,0
11660,16,soft-hit,144.842805,9.512292,96.080827,250.435924,0,0
11660,16,soft-hit,141.587888,9.479157,92.687161,243.754206,0,0
11660,16,soft-hit,141.580569,16.625792,92.836768,251.04312900000002,0,0
11660,16,soft-hit,142.163008,18.566059,93.303392,254.032459,0,0
11660,16,soft-hit,141.75138,9.2865,93.325889,244.36376900000002,0,0
11660,16,soft-hit,140.643588,10.324242,92.706578,243.67440799999997,0,0
11660,16,soft-hit,145.182193,9.434641,96.688102,251.304936,0,0
11660,16,soft-hit,145.125198,42.595714,96.651867,284.37277900000004,0,0
11660,16,soft-hit,117.940295,21.168974,93.276144,232.38541300000003,0,0
11660,16,soft-hit,143.716163,9.678985,96.472898,249.868046,0,0
11660,16,soft-hit,142.526882,9.424996,93.693484,245.645362,0,0
11660,16,soft-hit,143.471917,9.530505,94.097985,247.100407,0,0
11660,16,soft-hit,142.045606,9.332511,93.120609,244.49872599999998,0,0
11660,16,soft-hit,147.755998,10.509367,98.1134,256.378765,0,0
11660,16,soft-hit,142.049088,16.252759,93.6178,251.919647,0,0
11660,16,soft-hit,143.806145,9.39698,95.379801,248.582926,0,0
11660,16,soft-hit,144.225441,12.782246,95.649063,252.65675,0,0
11660,16,soft-hit,142.661969,14.786064,93.373689,250.821722,0,0
29936,14,miss,128.298562,10.599501,84.763217,0,223.66128,0
29936,used GE,hit,0,16.677207,0,16.677207,0,0
29936,used GE,hit,0,11.799395,0,11.799395,0,0
29936,used GE,hit,0,21.083583,0,21.083583,0,0
29936,used GE,hit,0,9.549905,0,9.549905,0,0
29936,used GE,hit,0,17.089539,0,17.089539,0,0
29936,used GE,hit,0,7.949159,0,7.949159,0,0
29936,used GE,hit,0,7.915907,0,7.915907,0,0
29936,used GE,hit,0,13.01411,0,13.01411,0,0
29936,used GE,hit,0,30.646359,0,30.646359,0,0
29936,15,soft-hit,136.637573,13.524615,90.201645,240.363833,0,0
29936,used GE,hit,0,11.028019,0,11.028019,0,0
29936,used GE,hit,0,8.753293,0,8.753293,0,0
29936,used GE,hit,0,20.860909,0,20.860909,0,0
29936,used GE,hit,0,18.2456,0,18.2456,0,0
29936,used GE,hit,0,9.475987,0,9.475987,0,0
29936,used GE,hit,0,8.569359,0,8.569359,0,0
29936,used GE,hit,0,8.338865,0,8.338865,0,0
29936,used GE,hit,0,8.196992,0,8.196992,0,0
29936,used GE,hit,0,9.592707,0,9.592707,0,0
29936,used GE,hit,0,8.992831,0,8.992831,0,0
29936,used GE,hit,0,8.427248,0,8.427248,0,0
29936,used GE,hit,0,9.891072,0,9.891072,0,0
29936,used GE,hit,0,14.061757,0,14.061757,0,0
29936,used GE,hit,0,8.153765,0,8.153765,0,0
29936,used GE,hit,0,8.600253,0,8.600253,0,0
29936,used GE,hit,0,8.740221,0,8.740221,0,0
29936,used GE,hit,0,8.199149,0,8.199149,0,0
29936,used GE,hit,0,8.564787,0,8.564787,0,0
29936,used GE,hit,0,18.885652,0,18.885652,0,0
29936,used GE,hit,0,8.971187,0,8.971187,0,0
29936,used GE,hit,0,8.538099,0,8.538099,0,0
29936,used GE,hit,0,8.524051,0,8.524051,0,0
29936,used GE,hit,0,11.75024,0,11.75024,0,0
29936,used GE,hit,0,8.121402,0,8.121402,0,0
29936,used GE,hit,0,8.640798,0,8.640798,0,0
29936,used GE,hit,0,19.200783,0,19.200783,0,0
29936,used GE,hit,0,8.781622,0,8.781622,0,0
29936,used GE,hit,0,8.188964,0,8.188964,0,0
29936,used GE,hit,0,9.84318,0,9.84318,0,0
29936,used GE,hit,0,8.768619,0,8.768619,0,0
29936,used GE,hit,0,18.990722,0,18.990722,0,0
29936,used GE,hit,0,8.878253,0,8.878253,0,0
29936,used GE,hit,0,13.348904,0,13.348904,0,0
29936,used GE,hit,0,22.578596,0,22.578596,0,0
29936,used GE,hit,0,16.103088,0,16.103088,0,0
29936,used GE,hit,0,18.301561,0,18.301561,0,0
29936,used GE,hit,0,18.628706,0,18.628706,0,0
29936,used GE,hit,0,19.903462,0,19.903462,0,0
29936,used GE,hit,0,8.551518,0,8.551518,0,0
29936,used GE,hit,0,8.800154,0,8.800154,0,0
29936,used GE,hit,0,13.686029,0,13.686029,0,0
29936,used GE,hit,0,13.239096,0,13.239096,0,0
29936,used GE,hit,0,8.438575,0,8.438575,0,0
29936,used GE,hit,0,8.371977,0,8.371977,0,0
29936,used GE,hit,0,12.284234,0,12.284234,0,0
29936,used GE,hit,0,17.811876,0,17.811876,0,0
29936,used GE,hit,0,25.138399,0,25.138399,0,0
29936,used GE,hit,0,15.703862,0,15.703862,0,0
29936,used GE,hit,0,7.902572,0,7.902572,0,0
29936,used GE,hit,0,8.759816,0,8.759816,0,0
29936,used GE,hit,0,18.832793,0,18.832793,0,0
29936,used GE,hit,0,8.475643,0,8.475643,0,0
29936,used GE,hit,0,14.57474,0,14.57474,0,0
29936,used GE,hit,0,8.035346,0,8.035346,0,0
29936,used GE,hit,0,9.519095,0,9.519095,0,0
29936,used GE,hit,0,8.131455,0,8.131455,0,0
29936,used GE,hit,0,7.716313,0,7.716313,0,0
29936,used GE,hit,0,7.706471,0,7.706471,0,0
13138,19,miss,167.775654,18.529306,111.44703,0,297.75199,0
13138,used GE,hit,0,8.881117,0,8.881117,0,0
13138,used GE,hit,0,8.724246,0,8.724246,0,0
13138,used GE,hit,0,9.071591,0,9.071591,0,0
13138,used GE,hit,0,8.143711,0,8.143711,0,0
13138,used GE,hit,0,8.153018,0,8.153018,0,0
13138,used GE,hit,0,22.320354,0,22.320354,0,0
13138,used GE,hit,0,18.036081,0,18.036081,0,0
13138,used GE,hit,0,9.008004,0,9.008004,0,0
13138,used GE,hit,0,11.63573,0,11.63573,0,0
13138,used GE,hit,0,8.495033,0,8.495033,0,0
13138,used GE,hit,0,8.27191,0,8.27191,0,0
13138,used GE,hit,0,16.521743,0,16.521743,0,0
13138,used GE,hit,0,7.898812,0,7.898812,0,0
13138,used GE,hit,0,15.674375,0,15.674375,0,0
13138,used GE,hit,0,22.841744,0,22.841744,0,0
13138,used GE,hit,0,9.162814,0,9.162814,0,0
13138,used GE,hit,0,12.838078,0,12.838078,0,0
13138,used GE,hit,0,8.728098,0,8.728098,0,0
13138,used GE,hit,0,16.886554,0,16.886554,0,0
13138,used GE,hit,0,8.776152,0,8.776152,0,0
13138,used GE,hit,0,8.993055,0,8.993055,0,0
13138,used GE,hit,0,14.689401,0,14.689401,0,0
13138,used GE,hit,0,8.663253,0,8.663253,0,0
13138,used GE,hit,0,36.982228,0,36.982228,0,0
13138,used GE,hit,0,8.701847,0,8.701847,0,0
13138,used GE,hit,0,7.307282,0,7.307282,0,0
13138,used GE,hit,0,6.681709,0,6.681709,0,0
13138,used GE,hit,0,11.627838,0,11.627838,0,0
13138,used GE,hit,0,5.764124,0,5.764124,0,0
13138,used GE,hit,0,5.708603,0,5.708603,0,0
13138,used GE,hit,0,14.989085,0,14.989085,0,0
13138,used GE,hit,0,6.180618,0,6.180618,0,0
13138,used GE,hit,0,5.575617,0,5.575617,0,0
13138,used GE,hit,0,18.553057,0,18.553057,0,0
13138,used GE,hit,0,5.675041,0,5.675041,0,0
13138,used GE,hit,0,8.76534,0,8.76534,0,0
13138,used GE,hit,0,18.475028,0,18.475028,0,0
13138,used GE,hit,0,12.25175,0,12.25175,0,0
13138,used GE,hit,0,27.788722,0,27.788722,0,0
13138,used GE,hit,0,18.073941,0,18.073941,0,0
13138,used GE,hit,0,10.233222,0,10.233222,0,0
13138,used GE,hit,0,10.129619,0,10.129619,0,0
13138,used GE,hit,0,9.784955,0,9.784955,0,0
13138,used GE,hit,0,9.758829,0,9.758829,0,0
13138,used GE,hit,0,9.886471,0,9.886471,0,0
13138,used GE,hit,0,13.557828,0,13.557828,0,0
13138,used GE,hit,0,8.639093,0,8.639093,0,0
13138,used GE,hit,0,8.662266,0,8.662266,0,0
13138,used GE,hit,0,25.707484,0,25.707484,0,0
13138,used GE,hit,0,8.736481,0,8.736481,0,0
13138,used GE,hit,0,10.074407,0,10.074407,0,0
13138,used GE,hit,0,23.31705,0,23.31705,0,0
13138,used GE,hit,0,9.000727,0,9.000727,0,0
13138,used GE,hit,0,8.860908,0,8.860908,0,0
13138,used GE,hit,0,10.700864,0,10.700864,0,0
13138,used GE,hit,0,10.131064,0,10.131064,0,0
13138,used GE,hit,0,13.484765,0,13.484765,0,0
13138,used GE,hit,0,9.032155,0,9.032155,0,0
13138,used GE,hit,0,8.828164,0,8.828164,0,0
13138,used GE,hit,0,20.253935,0,20.253935,0,0
13138,used GE,hit,0,9.545646,0,9.545646,0,0
13138,used GE,hit,0,8.831578,0,8.831578,0,0
13138,used GE,hit,0,9.409441,0,9.409441,0,0
13138,used GE,hit,0,15.351415,0,15.351415,0,0
13138,used GE,hit,0,8.897012,0,8.897012,0,0
13138,used GE,hit,0,9.472166,0,9.472166,0,0
13138,used GE,hit,0,8.722999,0,8.722999,0,0
30117,20,miss,177.522051,12.231039,119.000103,0,308.753193,0
30117,used GE,hit,0,9.628339,0,9.628339,0,0
30117,used GE,hit,0,19.283858,0,19.283858,0,0
30117,used GE,hit,0,10.245311,0,10.245311,0,0
30117,used GE,hit,0,18.624346,0,18.624346,0,0
30117,used GE,hit,0,18.084424,0,18.084424,0,0
30117,used GE,hit,0,9.795343,0,9.795343,0,0
30117,used GE,hit,0,9.839884,0,9.839884,0,0
30117,used GE,hit,0,21.738175,0,21.738175,0,0
30117,used GE,hit,0,10.040372,0,10.040372,0,0
30117,used GE,hit,0,22.927505,0,22.927505,0,0
30117,used GE,hit,0,16.274556,0,16.274556,0,0
30117,used GE,hit,0,9.330555,0,9.330555,0,0
30117,used GE,hit,0,10.137514,0,10.137514,0,0
30117,used GE,hit,0,10.007151,0,10.007151,0,0
30117,used GE,hit,0,9.495548,0,9.495548,0,0
30117,used GE,hit,0,9.249239,0,9.249239,0,0
30117,used GE,hit,0,13.416288,0,13.416288,0,0
30117,used GE,hit,0,18.7803,0,18.7803,0,0
30117,used GE,hit,0,9.603625,0,9.603625,0,0
30117,used GE,hit,0,10.04553,0,10.04553,0,0
30117,used GE,hit,0,9.337886,0,9.337886,0,0
30117,used GE,hit,0,18.472745,0,18.472745,0,0
30117,used GE,hit,0,18.104163,0,18.104163,0,0
30117,used GE,hit,0,24.17147,0,24.17147,0,0
30117,used GE,hit,0,14.070591,0,14.070591,0,0
30117,used GE,hit,0,32.871355,0,32.871355,0,0
30117,used GE,hit,0,9.892274,0,9.892274,0,0
30117,used GE,hit,0,19.693241,0,19.693241,0,0
30117,used GE,hit,0,26.052081,0,26.052081,0,0
30117,used GE,hit,0,10.961158,0,10.961158,0,0
30117,used GE,hit,0,19.957746,0,19.957746,0,0
30117,used GE,hit,0,23.862677,0,23.862677,0,0
30117,used GE,hit,0,11.29894,0,11.29894,0,0
30117,used GE,hit,0,9.690908,0,9.690908,0,0
30117,used GE,hit,0,9.505778,0,9.505778,0,0
30117,used GE,hit,0,9.256501,0,9.256501,0,0
30117,used GE,hit,0,17.971084,0,17.971084,0,0
30117,used GE,hit,0,13.81318,0,13.81318,0,0
30117,used GE,hit,0,9.620611,0,9.620611,0,0
30117,used GE,hit,0,9.810313,0,9.810313,0,0
30117,used GE,hit,0,9.170215,0,9.170215,0,0
30117,used GE,hit,0,19.598997,0,19.598997,0,0
30117,used GE,hit,0,23.746593,0,23.746593,0,0
30117,used GE,hit,0,19.845133,0,19.845133,0,0
30117,used GE,hit,0,9.968061,0,9.968061,0,0
30117,used GE,hit,0,13.755586,0,13.755586,0,0
30117,used GE,hit,0,9.197427,0,9.197427,0,0
30117,used GE,hit,0,10.789547,0,10.789547,0,0
30117,used GE,hit,0,9.584406,0,9.584406,0,0
30117,used GE,hit,0,21.710261,0,21.710261,0,0
30117,used GE,hit,0,17.768344,0,17.768344,0,0
30117,used GE,hit,0,22.601215,0,22.601215,0,0
30117,used GE,hit,0,17.895883,0,17.895883,0,0
30117,used GE,hit,0,19.922288,0,19.922288,0,0
30117,used GE,hit,0,10.372195,0,10.372195,0,0
30117,used GE,hit,0,10.07364,0,10.07364,0,0
30117,used GE,hit,0,8.839061,0,8.839061,0,0
30117,used GE,hit,0,9.640374,0,9.640374,0,0
30117,used GE,hit,0,9.113683,0,9.113683,0,0
30117,used GE,hit,0,17.535534,0,17.535534,0,0
30117,used GE,hit,0,9.322181,0,9.322181,0,0
30117,used GE,hit,0,21.467818,0,21.467818,0,0
30117,used GE,hit,0,17.026333,0,17.026333,0,0
30117,used GE,hit,0,20.4229,0,20.4229,0,0
30117,used GE,hit,0,12.859237,0,12.859237,0,0
30117,used GE,hit,0,6.579118,0,6.579118,0,0
13471,15,miss,139.855116,21.36979,95.034281,0,256.259187,0
13471,15,soft-hit,143.728878,11.37004,94.611554,249.710472,0,0
13471,15,soft-hit,142.280823,10.799968,95.550849,248.63164,0,0
13471,15,soft-hit,141.499203,17.767169,95.270536,254.53690799999998,0,0
13471,15,soft-hit,142.061754,21.074001,95.117129,258.252884,0,0
13471,15,soft-hit,141.701421,11.445518,95.059238,248.206177,0,0
13471,15,soft-hit,142.737247,11.501594,95.636641,249.87548199999998,0,0
13471,15,soft-hit,145.553961,12.000573,98.204461,255.75899499999997,0,0
13471,15,soft-hit,143.351546,12.548493,96.161951,252.06199,0,0
13471,15,soft-hit,142.88995,15.571261,96.472046,254.933257,0,0
13471,15,soft-hit,146.490098,16.768924,98.878823,262.13784499999997,0,0
13471,15,soft-hit,143.387484,31.201004,96.181565,270.770053,0,0
13471,15,soft-hit,143.054546,11.396454,96.238926,250.689926,0,0
13471,15,soft-hit,152.091742,11.640985,107.339609,271.072336,0,0
13471,15,soft-hit,142.751069,11.79766,95.040229,249.588958,0,0
13471,15,soft-hit,144.39407,11.957569,97.684868,254.036507,0,0
13471,15,soft-hit,145.277083,11.881871,98.073946,255.23290000000003,0,0
13471,15,soft-hit,145.497156,17.896862,98.432598,261.826616,0,0
13471,15,soft-hit,142.232513,16.531109,96.106498,254.87012000000001,0,0
13471,15,soft-hit,141.975955,11.533805,95.890586,249.400346,0,0
13471,15,soft-hit,143.26196,12.859428,96.260994,252.38238199999998,0,0
13471,15,soft-hit,143.856371,11.064379,97.281076,252.20182599999998,0,0
13471,15,soft-hit,146.730159,11.707875,99.232845,257.670879,0,0
13471,15,soft-hit,145.963062,10.628293,98.511732,255.10308700000002,0,0
13471,15,soft-hit,144.032906,14.989388,97.835704,256.857998,0,0
13471,15,soft-hit,144.13213,11.274123,99.085434,254.491687,0,0
13471,15,soft-hit,121.824895,8.795685,99.137383,229.75796300000002,0,0
13471,15,soft-hit,120.062483,18.754307,98.544114,237.360904,0,0
13471,15,soft-hit,118.208177,11.032515,95.985061,225.225753,0,0
13471,15,soft-hit,117.834765,29.549555,95.197981,242.582301,0,0
13471,15,soft-hit,139.2114,13.05197,95.982491,248.245861,0,0
13471,15,soft-hit,136.246288,20.940387,102.05134,259.238015,0,0
13471,15,soft-hit,119.673407,8.592704,97.221147,225.487258,0,0
13471,15,soft-hit,121.644235,14.736514,98.468726,234.84947499999998,0,0
13471,15,soft-hit,117.601136,16.044637,95.720789,229.366562,0,0
13471,15,soft-hit,119.288958,8.906602,96.165848,224.36140799999998,0,0
13471,15,soft-hit,117.214194,8.586359,95.419179,221.21973200000002,0,0
13471,15,soft-hit,119.184493,8.440441,97.070541,224.69547500000002,0,0
13471,15,soft-hit,118.175864,8.703499,96.284801,223.16416400000003,0,0
13471,15,soft-hit,120.966029,17.552655,98.667514,237.186198,0,0
13471,15,soft-hit,122.161551,14.127384,99.862034,236.150969,0,0
13471,15,soft-hit,119.282488,13.599156,95.886464,228.768108,0,0
13471,15,soft-hit,120.397875,8.554885,95.738155,224.69091500000002,0,0
13471,15,soft-hit,117.734045,14.754295,95.657396,228.145736,0,0
13471,15,soft-hit,119.818053,14.31723,97.615799,231.751082,0,0
13471,15,soft-hit,117.924955,8.281919,96.082196,222.28906999999998,0,0
13471,15,soft-hit,132.075681,9.045207,99.889269,241.010157,0,0
13471,15,soft-hit,122.277832,8.912917,99.735567,230.92631599999999,0,0
13471,15,soft-hit,137.227258,21.044893,96.405241,254.677392,0,0
13471,15,soft-hit,118.846579,11.042966,96.099404,225.988949,0,0
13471,15,soft-hit,117.994572,8.688315,96.17175,222.85463700000003,0,0
13471,15,soft-hit,125.987416,19.115404,103.400658,248.503478,0,0
13471,15,soft-hit,120.419671,9.088356,96.846046,226.354073,0,0
13471,15,soft-hit,119.596388,19.845288,96.599359,236.04103500000002,0,0
13471,15,soft-hit,120.009129,13.301776,95.925968,229.236873,0,0
13471,15,soft-hit,126.938886,15.028237,103.505748,245.472871,0,0
13471,15,soft-hit,120.05055,7.870643,96.232797,224.15399000000002,0,0
13471,15,soft-hit,119.581476,8.876251,96.566452,225.024179,0,0
13471,15,soft-hit,119.975568,8.377281,97.155026,225.507875,0,0
13471,15,soft-hit,119.501828,8.820325,97.568192,225.890345,0,0
13471,15,soft-hit,119.945137,19.059124,97.670684,236.67494499999998,0,0
13471,15,soft-hit,126.959018,8.42864,103.811668,239.19932599999999,0,0
13471,15,soft-hit,118.522225,22.6103,95.85024,236.982765,0,0
13471,15,soft-hit,123.320422,8.281862,96.088441,227.690725,0,0
13471,15,soft-hit,140.579086,33.241858,97.055526,270.87647,0,0
32069,20,miss,175.996536,14.309597,122.720724,0,313.026857,0
32069,20,soft-hit,153.971374,8.273699,123.096435,285.341508,0,0
32069,20,soft-hit,181.061843,18.014703,125.79982,324.876366,0,0
32069,20,soft-hit,156.327904,8.217389,126.892465,291.43775800000003,0,0
32069,20,soft-hit,180.61859,10.617384,122.924543,314.160517,0,0
32069,20,soft-hit,175.905486,13.0257,124.932352,313.863538,0,0
32069,20,soft-hit,156.676193,7.729531,128.046577,292.45230100000003,0,0
32069,20,soft-hit,154.585191,28.711929,123.807322,307.104442,0,0
32069,20,soft-hit,154.702712,8.293916,123.131871,286.12849900000003,0,0
32069,20,soft-hit,171.674418,9.360875,125.636825,306.672118,0,0
32069,20,soft-hit,173.110617,16.014677,124.11965,313.244944,0,0
32069,20,soft-hit,181.980526,23.523801,123.800985,329.30531199999996,0,0
32069,20,soft-hit,159.676534,8.478781,124.340698,292.496013,0,0
32069,20,soft-hit,181.463682,10.097841,123.999716,315.561239,0,0
32069,20,soft-hit,182.516946,10.247936,124.936494,317.701376,0,0
32069,20,soft-hit,184.656907,16.133905,123.804233,324.59504499999997,0,0
32069,20,soft-hit,184.662534,10.354338,125.338739,320.355611,0,0
32069,20,soft-hit,162.266534,23.553537,123.609708,309.429779,0,0
32069,20,soft-hit,153.562227,10.669407,125.305271,289.53690500000005,0,0
32069,20,soft-hit,151.73573,8.13566,123.808834,283.68022399999995,0,0
32069,20,soft-hit,152.109026,21.821884,123.571141,297.502051,0,0
32069,20,soft-hit,180.700702,10.624644,124.167902,315.493248,0,0
32069,20,soft-hit,184.326346,15.88887,127.126603,327.341819,0,0
32069,20,soft-hit,178.312127,10.254239,124.256497,312.822863,0,0
32069,20,soft-hit,182.095322,10.126648,124.688,316.90997000000004,0,0
32069,20,soft-hit,181.539156,10.481023,123.814736,315.834915,0,0
32069,20,soft-hit,190.146567,9.338908,124.850752,324.336227,0,0
32069,20,soft-hit,153.109194,7.839263,123.646102,284.594559,0,0
32069,20,soft-hit,153.506417,7.468845,124.151528,285.12679,0,0
32069,20,soft-hit,179.567091,19.089914,123.690322,322.347327,0,0
32069,20,soft-hit,182.070045,17.643058,124.849754,324.562857,0,0
32069,20,soft-hit,182.168739,15.734018,124.4794,322.382157,0,0
32069,20,soft-hit,182.223582,10.09397,124.902729,317.220281,0,0
32069,20,soft-hit,182.727071,26.061446,124.802317,333.590834,0,0
32069,20,soft-hit,184.720569,10.368351,124.843007,319.931927,0,0
32069,20,soft-hit,184.571994,11.901493,124.604935,321.078422,0,0
32069,20,soft-hit,184.18137,10.33585,125.486777,320.003997,0,0
32069,20,soft-hit,184.593259,16.596403,126.330748,327.52040999999997,0,0
32069,20,soft-hit,182.615523,10.25064,125.102913,317.969076,0,0
32069,20,soft-hit,184.163712,15.263325,125.502526,324.92956300000003,0,0
32069,20,soft-hit,182.865195,11.345181,125.081842,319.292218,0,0
32069,20,soft-hit,186.702414,17.438036,125.642132,329.78258200000005,0,0
32069,20,soft-hit,187.247805,25.258206,127.246015,339.752026,0,0
32069,20,soft-hit,155.021617,19.327252,125.542615,299.891484,0,0
32069,20,soft-hit,153.942171,7.836113,124.58457,286.36285399999997,0,0
32069,20,soft-hit,153.398618,8.677594,124.778551,286.854763,0,0
32069,20,soft-hit,153.853066,8.618523,124.562857,287.034446,0,0
32069,20,soft-hit,155.342602,8.479737,124.887722,288.710061,0,0
32069,20,soft-hit,153.105803,8.016547,125.053322,286.17567199999996,0,0
32069,20,soft-hit,154.415764,22.511261,126.268913,303.19593799999996,0,0
32069,20,soft-hit,153.547212,10.420387,125.110632,289.07823099999996,0,0
32069,20,soft-hit,152.281704,7.697706,124.991982,284.971392,0,0
32069,20,soft-hit,152.610665,7.999972,124.984673,285.59531000000004,0,0
32069,20,soft-hit,151.769359,7.779338,124.669454,284.21815100000003,0,0
32069,20,soft-hit,160.067971,8.116019,126.642102,294.826092,0,0
32069,20,soft-hit,153.205714,39.048536,125.250681,317.504931,0,0
32069,20,soft-hit,193.404527,7.317384,128.083161,328.805072,0,0
32069,20,soft-hit,152.761769,11.32606,125.362002,289.449831,0,0
32069,20,soft-hit,155.952117,7.860575,126.356077,290.168769,0,0
32069,20,soft-hit,155.003175,18.188591,125.569851,298.761617,0,0
32069,20,soft-hit,177.041644,9.448061,125.735794,312.225499,0,0
32069,20,soft-hit,154.993636,6.986957,125.336963,287.31755599999997,0,0
32069,20,soft-hit,176.025854,9.002564,125.269873,310.298291,0,0
32069,20,soft-hit,156.170844,7.391521,127.754888,291.317253,0,0
13748,17,miss,134.965091,9.35062,109.534078,0,253.849789,0
13748,used GE,hit,0,6.716621,0,6.716621,0,0
13748,used GE,hit,0,7.351038,0,7.351038,0,0
13748,used GE,hit,0,7.389032,0,7.389032,0,0
13748,used GE,hit,0,6.446689,0,6.446689,0,0
13748,used GE,hit,0,6.687666,0,6.687666,0,0
13748,used GE,hit,0,11.60573,0,11.60573,0,0
13748,18,soft-hit,171.133626,10.480553,117.362512,298.97669099999996,0,0
13748,used GE,hit,0,9.238977,0,9.238977,0,0
13748,used GE,hit,0,8.325626,0,8.325626,0,0
13748,used GE,hit,0,10.500267,0,10.500267,0,0
13748,used GE,hit,0,19.393603,0,19.393603,0,0
13748,used GE,hit,0,17.909779,0,17.909779,0,0
13748,used GE,hit,0,14.951528,0,14.951528,0,0
13748,used GE,hit,0,8.736056,0,8.736056,0,0
13748,used GE,hit,0,13.920925,0,13.920925,0,0
13748,used GE,hit,0,11.661397,0,11.661397,0,0
13748,used GE,hit,0,10.754455,0,10.754455,0,0
13748,used GE,hit,0,16.997162,0,16.997162,0,0
13748,used GE,hit,0,27.087578,0,27.087578,0,0
13748,used GE,hit,0,19.988622,0,19.988622,0,0
13748,used GE,hit,0,8.119631,0,8.119631,0,0
13748,used GE,hit,0,17.30567,0,17.30567,0,0
13748,used GE,hit,0,17.167434,0,17.167434,0,0
13748,used GE,hit,0,6.919992,0,6.919992,0,0
13748,used GE,hit,0,6.213356,0,6.213356,0,0
13748,used GE,hit,0,5.948334,0,5.948334,0,0
13748,used GE,hit,0,9.700785,0,9.700785,0,0
13748,used GE,hit,0,6.047289,0,6.047289,0,0
13748,used GE,hit,0,5.340422,0,5.340422,0,0
13748,used GE,hit,0,14.595766,0,14.595766,0,0
13748,used GE,hit,0,5.231604,0,5.231604,0,0
13748,used GE,hit,0,6.247131,0,6.247131,0,0
13748,used GE,hit,0,9.284594,0,9.284594,0,0
13748,used GE,hit,0,13.925134,0,13.925134,0,0
13748,used GE,hit,0,23.272892,0,23.272892,0,0
13748,used GE,hit,0,5.669337,0,5.669337,0,0
13748,used GE,hit,0,7.411795,0,7.411795,0,0
13748,used GE,hit,0,5.877763,0,5.877763,0,0
13748,used GE,hit,0,5.559929,0,5.559929,0,0
13748,used GE,hit,0,14.294141,0,14.294141,0,0
13748,used GE,hit,0,5.913183,0,5.913183,0,0
13748,used GE,hit,0,6.842297,0,6.842297,0,0
13748,used GE,hit,0,6.126256,0,6.126256,0,0
13748,used GE,hit,0,6.254079,0,6.254079,0,0
13748,used GE,hit,0,5.67102,0,5.67102,0,0
13748,used GE,hit,0,6.804508,0,6.804508,0,0
13748,used GE,hit,0,7.77294,0,7.77294,0,0
13748,used GE,hit,0,6.150212,0,6.150212,0,0
13748,used GE,hit,0,16.309328,0,16.309328,0,0
13748,used GE,hit,0,25.740592,0,25.740592,0,0
13748,used GE,hit,0,21.500066,0,21.500066,0,0
13748,used GE,hit,0,9.369762,0,9.369762,0,0
13748,used GE,hit,0,21.986889,0,21.986889,0,0
13748,used GE,hit,0,7.34707,0,7.34707,0,0
13748,used GE,hit,0,12.675598,0,12.675598,0,0
13748,used GE,hit,0,19.907214,0,19.907214,0,0
13748,used GE,hit,0,14.435642,0,14.435642,0,0
13748,used GE,hit,0,6.442789,0,6.442789,0,0
13748,used GE,hit,0,6.684229,0,6.684229,0,0
13748,used GE,hit,0,6.820732,0,6.820732,0,0
13748,used GE,hit,0,24.456525,0,24.456525,0,0
13748,used GE,hit,0,21.408217,0,21.408217,0,0
32083,20,miss,187.177854,19.402516,128.071898,0,334.652268,0
32083,20,soft-hit,184.837904,10.380491,127.664086,322.882481,0,0
32083,20,soft-hit,158.507861,7.666349,127.215199,293.389409,0,0
32083,20,soft-hit,155.586869,7.500278,127.21832,290.305467,0,0
32083,20,soft-hit,158.159102,13.346319,127.545938,299.051359,0,0
32083,20,soft-hit,179.284644,9.936085,127.9632,317.183929,0,0
32083,20,soft-hit,187.427702,10.676082,127.917081,326.020865,0,0
32083,20,soft-hit,175.62147,8.865987,128.532122,313.01957899999996,0,0
32083,20,soft-hit,160.59038,7.723446,131.164069,299.477895,0,0
32083,21,soft-hit,162.862303,7.452456,134.23777,304.55252900000005,0,0
32083,21,soft-hit,161.919182,13.662298,132.497311,308.078791,0,0
32083,21,soft-hit,171.218197,8.305054,133.002833,312.526084,0,0
32083,21,soft-hit,163.374542,7.843593,132.435677,303.653812,0,0
32083,21,soft-hit,176.910488,10.9983,133.075193,320.98398099999997,0,0
32083,21,soft-hit,163.150372,21.488385,133.047489,317.686246,0,0
32083,21,soft-hit,188.871229,10.959796,134.542375,334.3734,0,0
32083,21,soft-hit,169.518723,21.408276,133.800351,324.72735,0,0
32083,21,soft-hit,185.069556,10.743478,134.379496,330.19253000000003,0,0
32083,21,soft-hit,190.721461,10.416947,133.691654,334.830062,0,0
32083,21,soft-hit,194.895546,10.152959,134.967194,340.01569900000004,0,0
32083,21,soft-hit,194.387402,10.159251,134.169034,338.715687,0,0
32083,21,soft-hit,195.182013,24.896477,134.844932,354.923422,0,0
32083,21,soft-hit,193.439885,25.247798,134.458906,353.146589,0,0
32083,21,soft-hit,194.477171,20.017958,134.847724,349.342853,0,0
32083,21,soft-hit,195.499174,10.586454,134.185444,340.271072,0,0
32083,21,soft-hit,194.814534,10.064319,134.745324,339.62417700000003,0,0
32083,21,soft-hit,194.653603,10.464519,134.757065,339.875187,0,0
32083,21,soft-hit,196.40022,17.938459,137.012405,351.351084,0,0
32083,21,soft-hit,225.83547,19.51847,156.541127,401.895067,0,0
32083,21,soft-hit,165.819778,22.464257,134.588165,322.8722,0,0
32083,21,soft-hit,164.030002,7.816243,134.131291,305.977536,0,0
32083,21,soft-hit,163.938606,15.044904,134.110845,313.094355,0,0
32083,21,soft-hit,164.212427,8.746169,135.838686,308.797282,0,0
32083,21,soft-hit,183.380557,8.449221,154.2483,346.078078,0,0
32083,21,soft-hit,165.80156,8.041173,136.491853,310.334586,0,0
32083,21,soft-hit,166.383684,8.114984,136.186514,310.68518199999994,0,0
32083,21,soft-hit,163.704521,14.161137,134.41277,312.27842799999996,0,0
32083,21,soft-hit,164.910909,7.704075,134.817269,307.432253,0,0
32083,21,soft-hit,171.731189,7.738816,135.685509,315.15551400000004,0,0
32083,21,soft-hit,195.257475,28.237339,135.321422,358.816236,0,0
32083,21,soft-hit,191.340493,19.960931,134.542041,345.84346500000004,0,0
32083,21,soft-hit,203.524434,17.909699,135.250793,356.684926,0,0
32083,21,soft-hit,189.601638,41.618573,134.74338,365.963591,0,0
32083,21,soft-hit,196.955841,12.198427,136.096286,345.25055399999997,0,0
32083,21,soft-hit,195.079337,10.212505,134.882933,340.174775,0,0
32083,21,soft-hit,193.223448,9.842818,135.353222,338.419488,0,0
32083,21,soft-hit,195.201243,10.333562,134.458561,339.99336600000004,0,0
32083,21,soft-hit,183.012234,15.00696,135.376346,333.39554,0,0
32083,21,soft-hit,164.601723,15.79804,133.974652,314.374415,0,0
32083,21,soft-hit,190.272161,9.499944,134.971487,334.74359200000004,0,0
32083,21,soft-hit,197.163854,10.459764,137.620301,345.243919,0,0
32083,21,soft-hit,196.654696,21.919968,136.731212,355.305876,0,0
32083,21,soft-hit,189.226465,10.231977,135.293207,334.751649,0,0
32083,21,soft-hit,172.650579,35.089889,134.969141,342.709609,0,0
32083,21,soft-hit,165.159048,31.152793,134.9984,331.310241,0,0
32083,21,soft-hit,163.08052,7.514681,134.287374,304.882575,0,0
32083,21,soft-hit,191.565761,10.984608,135.491134,338.04150300000003,0,0
32083,21,soft-hit,196.515129,10.113476,135.893056,342.521661,0,0
32083,21,soft-hit,194.657797,24.354531,135.789576,354.80190400000004,0,0
32083,21,soft-hit,184.174437,14.942591,135.962636,335.079664,0,0
32083,21,soft-hit,185.907295,19.105544,134.812503,339.825342,0,0
32083,21,soft-hit,195.613591,14.376986,136.355881,346.346458,0,0
32083,21,soft-hit,195.303431,22.424626,135.892578,353.620635,0,0
14813,18,miss,173.43838,10.516558,119.843174,0,303.798112,0
14813,18,soft-hit,172.564065,10.332787,119.377157,302.274009,0,0
14813,18,soft-hit,173.015875,20.311055,119.584639,312.911569,0,0
14813,18,soft-hit,173.473287,10.759441,119.366476,303.599204,0,0
14813,18,soft-hit,172.608733,23.123918,119.762966,315.49561700000004,0,0
14813,18,soft-hit,173.288764,10.94304,120.638773,304.870577,0,0
14813,18,soft-hit,174.196332,10.64831,121.812863,306.657505,0,0
14813,18,soft-hit,174.163931,21.000362,120.084512,315.248805,0,0
14813,18,soft-hit,146.353309,10.392321,119.928509,276.67413899999997,0,0
14813,18,soft-hit,176.544125,10.651569,120.896823,308.09251700000004,0,0
14813,18,soft-hit,174.336533,15.066623,119.896562,309.299718,0,0
14813,18,soft-hit,174.094225,10.549473,120.220578,304.864276,0,0
14813,18,soft-hit,174.754012,10.889237,120.710935,306.35418400000003,0,0
14813,18,soft-hit,175.508066,30.107207,120.725085,326.34035800000004,0,0
14813,18,soft-hit,176.0126,10.612521,120.53388,307.159001,0,0
14813,18,soft-hit,171.544672,19.892921,121.058793,312.496386,0,0
14813,18,soft-hit,173.841971,11.651465,120.500271,305.993707,0,0
14813,18,soft-hit,174.542653,10.38679,120.492812,305.422255,0,0
14813,18,soft-hit,175.150891,23.041304,121.125975,319.31817,0,0
14813,18,soft-hit,176.644128,10.703248,121.430359,308.777735,0,0
14813,18,soft-hit,174.42658,17.330136,120.572122,312.328838,0,0
14813,18,soft-hit,190.702399,10.71608,122.640623,324.05910200000005,0,0
14813,18,soft-hit,173.721149,10.50476,120.045061,304.27097000000003,0,0
14813,18,soft-hit,184.087868,10.379125,131.102054,325.56904699999996,0,0
14813,18,soft-hit,175.629511,10.674928,122.783644,309.088083,0,0
14813,18,soft-hit,173.814498,10.650242,120.525275,304.99001499999997,0,0
14813,18,soft-hit,176.43089,10.265681,121.751357,308.44792800000005,0,0
14813,18,soft-hit,175.868045,22.785869,121.942199,320.596113,0,0
14813,18,soft-hit,175.55899,11.68188,121.624948,308.865818,0,0
14813,18,soft-hit,175.644941,28.247785,121.84105,325.733776,0,0
14813,18,soft-hit,176.489194,32.179969,123.164408,331.833571,0,0
14813,19,soft-hit,184.516869,12.40007,126.408484,323.325423,0,0
14813,used GE,hit,0,9.323876,0,9.323876,0,0
14813,used GE,hit,0,8.708605,0,8.708605,0,0
14813,used GE,hit,0,22.851176,0,22.851176,0,0
14813,used GE,hit,0,9.263527,0,9.263527,0,0
14813,19,soft-hit,183.256191,10.996729,127.279883,321.532803,0,0
14813,19,soft-hit,183.427166,18.772101,127.217903,329.41717,0,0
14813,19,soft-hit,182.193128,26.449797,126.639175,335.2821,0,0
14813,19,soft-hit,182.948618,29.144415,127.157845,339.250878,0,0
14813,19,soft-hit,158.576543,15.28614,125.851281,299.713964,0,0
14813,19,soft-hit,182.964651,29.444196,126.234866,338.643713,0,0
14813,19,soft-hit,181.995063,24.167905,126.689701,332.852669,0,0
14813,19,soft-hit,178.650198,20.014598,126.553093,325.217889,0,0
14813,19,soft-hit,178.532622,10.214409,126.502843,315.249874,0,0
14813,19,soft-hit,181.46247,10.423661,126.06576,317.951891,0,0
14813,19,soft-hit,182.360963,10.66693,126.834212,319.862105,0,0
14813,19,soft-hit,186.76369,10.522803,131.354331,328.640824,0,0
14813,19,soft-hit,185.160162,25.642383,128.16597,338.968515,0,0
14813,19,soft-hit,183.03142,20.061603,126.426481,329.519504,0,0
14813,19,soft-hit,180.099563,10.169747,126.85857,317.12788,0,0
14813,20,soft-hit,191.13714,10.685783,132.436947,334.25987,0,0
14813,20,soft-hit,191.011882,18.669638,132.695425,342.376945,0,0
14813,20,soft-hit,190.754722,10.600747,132.423935,333.779404,0,0
14813,20,soft-hit,190.914479,10.878364,132.853488,334.64633100000003,0,0
14813,20,soft-hit,202.667517,23.677687,132.077035,358.422239,0,0
14813,20,soft-hit,209.615612,10.860289,151.174017,371.64991799999996,0,0
14813,20,soft-hit,191.866679,16.160276,133.383565,341.41052,0,0
14813,20,soft-hit,192.570874,12.460537,132.718675,337.750086,0,0
14813,20,soft-hit,193.285326,10.606115,133.467518,337.358959,0,0
14813,20,soft-hit,190.980025,13.613454,133.160485,337.753964,0,0
14813,21,soft-hit,199.573352,12.231309,138.554081,350.358742,0,0
34568,16,miss,160.149058,15.084929,110.023785,0,285.257772,0
34568,16,soft-hit,160.136348,11.168008,110.730991,282.035347,0,0
34568,16,soft-hit,159.708891,21.856253,110.136244,291.701388,0,0
34568,16,soft-hit,162.79434,26.623603,113.216417,302.63436,0,0
34568,16,soft-hit,162.864726,24.376115,113.765858,301.006699,0,0
34568,16,soft-hit,156.94417,20.769992,110.673912,288.388074,0,0
34568,16,soft-hit,161.998479,14.166046,111.463482,287.628007,0,0
34568,16,soft-hit,175.466934,12.409491,110.564622,298.441047,0,0
34568,16,soft-hit,138.01882,16.343067,111.219376,265.58126300000004,0,0
34568,16,soft-hit,163.371085,18.136922,113.620741,295.128748,0,0
34568,16,soft-hit,159.855011,11.224768,111.21935,282.299129,0,0
34568,16,soft-hit,160.318102,10.914324,111.356159,282.588585,0,0
34568,16,soft-hit,159.480897,15.689061,110.256471,285.426429,0,0
34568,16,soft-hit,163.208,21.440297,110.973963,295.62226,0,0
34568,16,soft-hit,161.754215,12.44157,112.314941,286.510726,0,0
34568,16,soft-hit,161.804371,10.870017,112.295527,284.969915,0,0
34568,16,soft-hit,164.138093,10.922269,113.575929,288.636291,0,0
34568,16,soft-hit,160.935567,11.087799,110.925277,282.948643,0,0
34568,16,soft-hit,161.34357,11.308567,110.966101,283.618238,0,0
34568,16,soft-hit,162.173123,35.361243,110.836902,308.371268,0,0
34568,16,soft-hit,162.042115,10.904521,112.445332,285.391968,0,0
34568,16,soft-hit,163.726249,10.838008,113.024695,287.588952,0,0
34568,16,soft-hit,161.536411,11.428555,111.605239,284.570205,0,0
34568,16,soft-hit,161.178609,10.989168,111.456388,283.624165,0,0
34568,16,soft-hit,161.02867,34.327263,111.181896,306.537829,0,0
34568,16,soft-hit,162.730534,18.332378,112.787626,293.85053800000003,0,0
34568,16,soft-hit,160.905317,11.063043,111.448211,283.416571,0,0
34568,16,soft-hit,162.278726,14.571438,111.746342,288.596506,0,0
34568,16,soft-hit,161.489813,11.383672,111.976351,284.849836,0,0
34568,16,soft-hit,163.63206,15.906922,113.209513,292.748495,0,0
34568,16,soft-hit,162.346682,11.083192,111.839305,285.269179,0,0
34568,16,soft-hit,162.014611,22.831593,112.418433,297.264637,0,0
34568,16,soft-hit,160.395819,10.758443,111.041541,282.19580299999996,0,0
34568,16,soft-hit,160.132438,10.91299,113.056759,284.102187,0,0
34568,17,soft-hit,169.752501,19.496609,118.095115,307.344225,0,0
34568,17,soft-hit,170.138516,25.994351,118.512244,314.64511100000004,0,0
34568,17,soft-hit,169.350719,18.660222,118.44722,306.458161,0,0
34568,17,soft-hit,170.738839,12.593627,118.302132,301.634598,0,0
34568,17,soft-hit,171.927055,10.894549,119.616398,302.438002,0,0
34568,17,soft-hit,184.696318,11.140605,118.335965,314.172888,0,0
34568,17,soft-hit,145.022875,10.731125,118.200703,273.954703,0,0
34568,17,soft-hit,183.778377,23.353417,136.361615,343.49340900000004,0,0
34568,17,soft-hit,168.787653,10.961394,117.159305,296.90835200000004,0,0
34568,17,soft-hit,164.653913,10.328695,117.6685,292.65110799999997,0,0
34568,17,soft-hit,170.995472,11.497128,118.728742,301.221342,0,0
34568,17,soft-hit,170.152623,17.758732,118.806423,306.717778,0,0
34568,17,soft-hit,193.956098,11.383556,141.563888,346.903542,0,0
34568,17,soft-hit,167.505654,10.646081,118.633296,296.785031,0,0
34568,17,soft-hit,170.160409,11.151921,118.206659,299.518989,0,0
34568,17,soft-hit,168.58348,17.639762,119.438381,305.661623,0,0
34568,17,soft-hit,171.138833,22.582638,119.717927,313.439398,0,0
34568,17,soft-hit,170.94779,11.038224,120.00251,301.988524,0,0
34568,17,soft-hit,169.448809,11.292499,118.146521,298.887829,0,0
34568,17,soft-hit,169.792165,16.39907,118.085535,304.27677,0,0
34568,17,soft-hit,170.398592,11.199317,118.769022,300.366931,0,0
34568,17,soft-hit,169.771239,11.370935,118.255276,299.39745,0,0
34568,17,soft-hit,203.631681,11.309295,138.957682,353.89865799999995,0,0
34568,17,soft-hit,170.930769,9.7241,117.877847,298.532716,0,0
34568,17,soft-hit,169.354174,11.370066,118.279232,299.003472,0,0
34568,17,soft-hit,171.645259,22.886564,120.090791,314.622614,0,0
34568,17,soft-hit,172.006221,19.554276,120.04595,311.606447,0,0
14930,22,miss,210.591887,22.111971,148.925846,0,381.62970400000006,0
14930,used GE,hit,0,10.285394,0,10.285394,0,0
14930,used GE,hit,0,18.801464,0,18.801464,0,0
14930,used GE,hit,0,19.464231,0,19.464231,0,0
14930,used GE,hit,0,9.69068,0,9.69068,0,0
14930,used GE,hit,0,9.588897,0,9.588897,0,0
14930,used GE,hit,0,22.291168,0,22.291168,0,0
14930,used GE,hit,0,9.592795,0,9.592795,0,0
14930,used GE,hit,0,16.161923,0,16.161923,0,0
14930,used GE,hit,0,10.207568,0,10.207568,0,0
14930,used GE,hit,0,25.884917,0,25.884917,0,0
14930,used GE,hit,0,16.962151,0,16.962151,0,0
14930,used GE,hit,0,18.567673,0,18.567673,0,0
14930,used GE,hit,0,11.896942,0,11.896942,0,0
14930,used GE,hit,0,9.825926,0,9.825926,0,0
14930,used GE,hit,0,9.843622,0,9.843622,0,0
14930,used GE,hit,0,37.420478,0,37.420478,0,0
14930,used GE,hit,0,9.972397,0,9.972397,0,0
14930,used GE,hit,0,10.197086,0,10.197086,0,0
14930,used GE,hit,0,25.15774,0,25.15774,0,0
14930,used GE,hit,0,31.581284,0,31.581284,0,0
14930,used GE,hit,0,10.362513,0,10.362513,0,0
14930,used GE,hit,0,9.594427,0,9.594427,0,0
14930,used GE,hit,0,19.394422,0,19.394422,0,0
14930,used GE,hit,0,10.258434,0,10.258434,0,0
14930,used GE,hit,0,18.940388,0,18.940388,0,0
14930,used GE,hit,0,16.020062,0,16.020062,0,0
14930,used GE,hit,0,19.839643,0,19.839643,0,0
14930,used GE,hit,0,10.93551,0,10.93551,0,0
14930,used GE,hit,0,16.343717,0,16.343717,0,0
14930,used GE,hit,0,10.147692,0,10.147692,0,0
14930,used GE,hit,0,12.397438,0,12.397438,0,0
14930,used GE,hit,0,9.970888,0,9.970888,0,0
14930,used GE,hit,0,24.347001,0,24.347001,0,0
14930,used GE,hit,0,10.479171,0,10.479171,0,0
14930,used GE,hit,0,20.755481,0,20.755481,0,0
14930,used GE,hit,0,9.086037,0,9.086037,0,0
14930,used GE,hit,0,13.787657,0,13.787657,0,0
14930,used GE,hit,0,7.316179,0,7.316179,0,0
14930,used GE,hit,0,6.810156,0,6.810156,0,0
14930,used GE,hit,0,25.932072,0,25.932072,0,0
14930,used GE,hit,0,6.523889,0,6.523889,0,0
14930,used GE,hit,0,6.240986,0,6.240986,0,0
14930,used GE,hit,0,10.857617,0,10.857617,0,0
14930,used GE,hit,0,26.063612,0,26.063612,0,0
14930,used GE,hit,0,7.798756,0,7.798756,0,0
14930,used GE,hit,0,11.157725,0,11.157725,0,0
14930,used GE,hit,0,6.896213,0,6.896213,0,0
14930,used GE,hit,0,8.492518,0,8.492518,0,0
14930,used GE,hit,0,8.37403,0,8.37403,0,0
14930,used GE,hit,0,26.1065,0,26.1065,0,0
14930,used GE,hit,0,8.826163,0,8.826163,0,0
14930,used GE,hit,0,8.657545,0,8.657545,0,0
14930,used GE,hit,0,9.814616,0,9.814616,0,0
14930,used GE,hit,0,9.902425,0,9.902425,0,0
14930,used GE,hit,0,23.737113,0,23.737113,0,0
14930,used GE,hit,0,33.801857,0,33.801857,0,0
14930,used GE,hit,0,10.167962,0,10.167962,0,0
14930,used GE,hit,0,22.357133,0,22.357133,0,0
14930,used GE,hit,0,10.898425,0,10.898425,0,0
35470,20,miss,204.239673,24.758442,143.567809,0,372.565924,0
35470,20,soft-hit,198.010384,11.167812,138.43184,347.610036,0,0
35470,20,soft-hit,196.657017,15.822713,138.001215,350.480945,0,0
35470,20,soft-hit,197.538103,11.107971,137.58816,346.234234,0,0
35470,20,soft-hit,198.327693,30.534799,138.138237,367.000729,0,0
35470,20,soft-hit,196.18569,11.269759,137.467947,344.923396,0,0
35470,20,soft-hit,195.458889,12.146385,138.90557,346.510844,0,0
35470,20,soft-hit,222.888725,19.893323,163.185895,405.967943,0,0
35470,20,soft-hit,198.718327,11.315612,138.42502,348.45895899999994,0,0
35470,20,soft-hit,197.892921,11.250809,139.124545,348.268275,0,0
35470,20,soft-hit,198.897975,25.17261,139.010767,363.081352,0,0
35470,20,soft-hit,197.082455,19.207601,138.170523,354.46057900000005,0,0
35470,20,soft-hit,199.507265,11.566879,140.159836,351.23398,0,0
35470,20,soft-hit,198.384251,11.352813,138.255286,347.99235,0,0
35470,20,soft-hit,198.536315,29.81962,138.720524,367.076459,0,0
35470,20,soft-hit,194.418641,11.27419,138.513289,344.20612,0,0
35470,20,soft-hit,199.222246,11.060875,139.742765,350.025886,0,0
35470,20,soft-hit,199.255848,19.6403,138.574967,357.47111499999994,0,0
35470,20,soft-hit,199.076177,26.196319,138.663725,363.936221,0,0
35470,20,soft-hit,176.983595,8.871989,140.829881,326.685465,0,0
35470,20,soft-hit,203.561137,21.537845,144.588943,369.687925,0,0
35470,20,soft-hit,199.027073,12.908802,140.208183,352.144058,0,0
35470,20,soft-hit,250.27646,24.214412,191.338376,465.829248,0,0
35470,20,soft-hit,201.630438,12.141402,140.600561,354.37240099999997,0,0
35470,20,soft-hit,206.381887,14.408994,146.206366,366.997247,0,0
35470,20,soft-hit,198.343225,23.277102,140.05259,361.672917,0,0
35470,20,soft-hit,200.290973,18.138804,139.62397,358.05374700000004,0,0
35470,20,soft-hit,204.183522,17.523851,145.38137,367.088743,0,0
35470,20,soft-hit,199.491955,11.320854,142.430198,353.243007,0,0
35470,20,soft-hit,203.697542,13.193188,141.918479,358.809209,0,0
35470,20,soft-hit,202.272275,12.365562,139.242187,353.88002400000005,0,0
35470,20,soft-hit,202.058109,21.237199,141.805954,365.101262,0,0
35470,20,soft-hit,205.659899,13.253159,145.783152,364.69621,0,0
35470,20,soft-hit,209.288851,25.819197,139.594473,374.702521,0,0
35470,20,soft-hit,197.166358,25.571827,138.931168,361.669353,0,0
35470,20,soft-hit,197.745708,25.62087,139.15836,362.524938,0,0
35470,20,soft-hit,198.443772,11.741895,139.726897,349.912564,0,0
35470,20,soft-hit,198.377729,15.352856,139.20159,352.93217500000003,0,0
35470,20,soft-hit,200.653727,11.241615,141.499532,353.39487399999996,0,0
35470,20,soft-hit,206.541097,25.275006,146.822958,378.63906099999997,0,0
35470,20,soft-hit,201.488134,20.749566,141.988001,364.225701,0,0
35470,20,soft-hit,208.493689,22.776863,148.348185,379.618737,0,0
35470,20,soft-hit,198.40226,24.076519,139.680631,362.15941,0,0
35470,21,soft-hit,210.028819,22.660022,148.396382,381.085223,0,0
35470,used GE,hit,0,25.51604,0,25.51604,0,0
35470,used GE,hit,0,10.369682,0,10.369682,0,0
35470,used GE,hit,0,22.441318,0,22.441318,0,0
35470,used GE,hit,0,15.782775,0,15.782775,0,0
35470,21,soft-hit,208.376605,19.574831,147.110716,375.06215199999997,0,0
35470,21,soft-hit,208.862802,11.35712,146.911428,367.13135,0,0
35470,21,soft-hit,219.127458,22.180156,146.734089,388.041703,0,0
35470,21,soft-hit,179.033235,15.991397,145.071635,340.096267,0,0
35470,21,soft-hit,206.495495,11.459541,145.688073,363.643109,0,0
35470,21,soft-hit,218.511269,20.210678,156.638946,395.36089300000003,0,0
35470,21,soft-hit,206.854643,25.246505,145.716579,377.817727,0,0
35470,21,soft-hit,206.865077,11.779327,145.648303,364.292707,0,0
35470,21,soft-hit,209.666383,11.744222,147.254567,368.665172,0,0
35470,21,soft-hit,204.23713,10.963515,145.997685,361.19833,0,0
35470,21,soft-hit,206.899594,19.758041,145.739338,372.396973,0,0
35470,21,soft-hit,207.108767,15.364157,146.125945,368.59886900000004,0,0
1455,19,miss,191.088737,10.958141,134.289899,0,336.336777,0
1455,used GE,hit,0,9.755462,0,9.755462,0,0
1455,used GE,hit,0,16.868773,0,16.868773,0,0
1455,used GE,hit,0,13.523115,0,13.523115,0,0
1455,used GE,hit,0,20.987223,0,20.987223,0,0
1455,used GE,hit,0,29.777885,0,29.777885,0,0
1455,used GE,hit,0,24.932913,0,24.932913,0,0
1455,used GE,hit,0,25.134303,0,25.134303,0,0
1455,used GE,hit,0,23.586454,0,23.586454,0,0
1455,used GE,hit,0,9.884459,0,9.884459,0,0
1455,used GE,hit,0,9.44192,0,9.44192,0,0
1455,used GE,hit,0,9.061934,0,9.061934,0,0
1455,used GE,hit,0,14.755658,0,14.755658,0,0
1455,used GE,hit,0,9.597606,0,9.597606,0,0
1455,used GE,hit,0,10.193718,0,10.193718,0,0
1455,used GE,hit,0,9.384014,0,9.384014,0,0
1455,used GE,hit,0,9.09118,0,9.09118,0,0
1455,used GE,hit,0,13.318655,0,13.318655,0,0
1455,used GE,hit,0,27.088185,0,27.088185,0,0
1455,used GE,hit,0,17.525151,0,17.525151,0,0
1455,used GE,hit,0,19.015371,0,19.015371,0,0
1455,used GE,hit,0,19.12519,0,19.12519,0,0
1455,used GE,hit,0,20.24532,0,20.24532,0,0
1455,used GE,hit,0,10.281765,0,10.281765,0,0
1455,used GE,hit,0,9.938814,0,9.938814,0,0
1455,used GE,hit,0,10.102539,0,10.102539,0,0
1455,used GE,hit,0,9.777777,0,9.777777,0,0
1455,used GE,hit,0,9.701336,0,9.701336,0,0
1455,used GE,hit,0,22.711379,0,22.711379,0,0
1455,used GE,hit,0,10.44626,0,10.44626,0,0
1455,used GE,hit,0,9.675079,0,9.675079,0,0
1455,used GE,hit,0,9.612712,0,9.612712,0,0
1455,used GE,hit,0,15.263922,0,15.263922,0,0
1455,used GE,hit,0,15.951067,0,15.951067,0,0
1455,used GE,hit,0,19.440515,0,19.440515,0,0
1455,used GE,hit,0,10.15395,0,10.15395,0,0
1455,used GE,hit,0,10.382533,0,10.382533,0,0
1455,used GE,hit,0,9.870213,0,9.870213,0,0
1455,used GE,hit,0,24.105623,0,24.105623,0,0
1455,used GE,hit,0,11.70906,0,11.70906,0,0
1455,used GE,hit,0,10.851827,0,10.851827,0,0
1455,used GE,hit,0,19.852262,0,19.852262,0,0
1455,used GE,hit,0,10.207931,0,10.207931,0,0
1455,used GE,hit,0,9.989549,0,9.989549,0,0
1455,used GE,hit,0,15.792721,0,15.792721,0,0
1455,used GE,hit,0,9.511891,0,9.511891,0,0
1455,used GE,hit,0,9.718737,0,9.718737,0,0
1455,used GE,hit,0,9.4287,0,9.4287,0,0
1455,used GE,hit,0,23.736032,0,23.736032,0,0
1455,used GE,hit,0,36.566518,0,36.566518,0,0
1455,used GE,hit,0,16.518134,0,16.518134,0,0
1455,used GE,hit,0,19.263496,0,19.263496,0,0
1455,used GE,hit,0,9.755011,0,9.755011,0,0
1455,used GE,hit,0,25.141337,0,25.141337,0,0
1455,used GE,hit,0,23.121009,0,23.121009,0,0
1455,used GE,hit,0,20.629746,0,20.629746,0,0
1455,used GE,hit,0,21.708655,0,21.708655,0,0
1455,used GE,hit,0,8.904214,0,8.904214,0,0
1455,used GE,hit,0,10.552282,0,10.552282,0,0
16622,18,miss,186.821653,12.257707,131.519658,0,330.599018,0
16622,18,soft-hit,191.565775,11.224629,135.059579,337.849983,0,0
16622,18,soft-hit,188.877336,16.802247,133.311654,338.991237,0,0
16622,18,soft-hit,187.0976,23.409892,132.151537,342.659029,0,0
16622,18,soft-hit,188.158553,10.797144,132.903846,331.85954300000003,0,0
16622,18,soft-hit,187.761076,41.233631,132.704849,361.69955600000003,0,0
16622,18,soft-hit,264.156472,12.840302,209.471326,486.46810000000005,0,0
16622,18,soft-hit,187.831765,11.518255,134.044549,333.394569,0,0
16622,18,soft-hit,186.884869,11.898041,132.981071,331.763981,0,0
16622,18,soft-hit,186.387484,11.690879,132.793479,330.871842,0,0
16622,18,soft-hit,190.349269,18.738775,136.209915,345.297959,0,0
16622,18,soft-hit,185.74534,18.99617,131.557448,336.29895799999997,0,0
16622,18,soft-hit,215.298599,23.915827,151.608464,390.82289000000003,0,0
16622,18,soft-hit,185.265588,12.621104,131.682273,329.56896500000005,0,0
16622,18,soft-hit,185.271013,12.951225,131.179616,329.401854,0,0
16622,18,soft-hit,185.606802,24.885096,130.839237,341.331135,0,0
16622,18,soft-hit,271.369792,12.824083,136.667967,420.861842,0,0
16622,18,soft-hit,185.9073,26.095509,132.710919,344.71372799999995,0,0
16622,18,soft-hit,186.539513,11.782952,132.383044,330.705509,0,0
16622,18,soft-hit,186.990702,12.300941,132.979832,332.271475,0,0
16622,18,soft-hit,183.573369,11.41839,131.986909,326.97866799999997,0,0
16622,18,soft-hit,203.201806,11.732852,148.90016,363.83481800000004,0,0
16622,18,soft-hit,185.121957,11.752604,131.62497,328.499531,0,0
16622,18,soft-hit,185.718786,14.615887,131.775501,332.11017400000003,0,0
16622,18,soft-hit,186.038607,11.334137,131.728983,329.101727,0,0
16622,18,soft-hit,186.603233,11.630474,132.774451,331.008158,0,0
16622,18,soft-hit,198.03396,23.153733,144.381477,365.56917,0,0
16622,18,soft-hit,165.803488,8.45437,133.347749,307.60560699999996,0,0
16622,18,soft-hit,184.730651,12.015417,132.264273,329.01034100000004,0,0
16622,18,soft-hit,187.439889,11.713845,133.335066,332.48879999999997,0,0
16622,18,soft-hit,188.334636,17.811542,134.007691,340.153869,0,0
16622,18,soft-hit,185.972937,24.447864,132.402668,342.82346900000005,0,0
16622,18,soft-hit,186.070509,11.806838,132.184933,330.06228,0,0
16622,18,soft-hit,185.028036,11.260172,131.611312,327.89952,0,0
16622,18,soft-hit,185.206163,18.209444,131.691362,335.106969,0,0
16622,18,soft-hit,186.199584,18.296578,131.898914,336.395076,0,0
16622,18,soft-hit,188.534097,24.300446,133.982797,346.81734,0,0
16622,18,soft-hit,186.937079,11.322247,132.491894,330.75122,0,0
16622,18,soft-hit,187.324827,20.556922,133.34237,341.224119,0,0
16622,18,soft-hit,186.400284,11.424206,132.430705,330.25519499999996,0,0
16622,18,soft-hit,191.741565,11.199826,137.186691,340.128082,0,0
16622,18,soft-hit,186.952256,17.286417,132.827153,337.065826,0,0
16622,18,soft-hit,196.85147,11.500329,132.83906,341.190859,0,0
16622,18,soft-hit,187.645239,11.233243,133.182396,332.060878,0,0
16622,18,soft-hit,187.561616,19.433613,132.904645,339.89987399999995,0,0
16622,18,soft-hit,186.888387,14.736107,132.337849,333.96234300000003,0,0
16622,18,soft-hit,187.035431,20.142839,132.753266,339.931536,0,0
16622,18,soft-hit,190.002414,17.683807,136.758417,344.444638,0,0
16622,18,soft-hit,187.643676,13.360867,133.427253,334.431796,0,0
16622,18,soft-hit,189.322367,11.846912,134.76854,335.937819,0,0
16622,18,soft-hit,189.971601,19.81644,134.905599,344.69363999999996,0,0
16622,18,soft-hit,190.152023,20.269507,134.985652,345.40718200000003,0,0
16622,18,soft-hit,188.039731,25.122877,134.66495,347.82755799999995,0,0
16622,18,soft-hit,188.061,19.419534,132.985147,340.465681,0,0
16622,18,soft-hit,186.536075,25.383211,132.683752,344.60303799999997,0,0
16622,18,soft-hit,187.461003,11.061145,132.918615,331.440763,0,0
16622,18,soft-hit,188.638648,22.880871,133.879697,345.39921599999997,0,0
16622,18,soft-hit,166.36101,10.494875,133.12961,309.985495,0,0
20006,20,miss,198.892489,13.357471,144.885461,0,357.135421,0
20006,20,soft-hit,207.368225,16.286798,149.491597,373.14662,0,0
20006,20,soft-hit,203.859815,19.470146,146.077054,369.407015,0,0
20006,20,soft-hit,202.712991,18.071611,145.553722,366.33832399999994,0,0
20006,20,soft-hit,203.002218,12.139074,145.325925,360.467217,0,0
20006,20,soft-hit,208.410555,12.297636,154.128075,374.836266,0,0
20006,20,soft-hit,204.491708,16.95335,147.100724,368.54578200000003,0,0
20006,20,soft-hit,213.896799,10.349473,155.673833,379.920105,0,0
20006,20,soft-hit,204.108184,10.181731,146.672534,360.962449,0,0
20006,20,soft-hit,203.559011,12.202454,145.853046,361.614511,0,0
20006,20,soft-hit,202.808431,14.33789,145.253119,362.39944,0,0
20006,20,soft-hit,202.69246,12.047989,145.887231,360.62768000000005,0,0
20006,20,soft-hit,204.447675,12.630897,145.569392,362.647964,0,0
20006,20,soft-hit,203.975706,12.243189,145.609919,361.82881399999997,0,0
20006,20,soft-hit,213.649077,22.493893,146.776755,382.91972499999997,0,0
20006,20,soft-hit,204.7943,31.862914,147.814865,384.472079,0,0
20006,20,soft-hit,203.197127,18.494207,145.659321,367.35065499999996,0,0
20006,20,soft-hit,204.128949,10.540925,146.712375,361.382249,0,0
20006,20,soft-hit,204.711922,28.189705,146.193234,379.094861,0,0
20006,20,soft-hit,203.233646,27.611072,145.601783,376.446501,0,0
20006,20,soft-hit,202.854738,17.848369,145.837528,366.54063499999995,0,0
20006,20,soft-hit,203.409983,10.074739,146.198331,359.683053,0,0
20006,20,soft-hit,218.49606,10.00498,162.442892,390.943932,0,0
20006,20,soft-hit,202.370967,10.011811,145.761883,358.14466100000004,0,0
20006,20,soft-hit,203.460528,10.549034,145.993487,360.00304900000003,0,0
20006,20,soft-hit,203.503241,10.642487,146.097075,360.242803,0,0
20006,20,soft-hit,212.281073,10.342887,154.681858,377.305818,0,0
20006,20,soft-hit,214.416625,22.068431,146.508325,382.993381,0,0
20006,20,soft-hit,178.460813,13.562143,145.821494,337.84445,0,0
20006,20,soft-hit,205.407575,11.109467,146.07459,362.591632,0,0
20006,20,soft-hit,204.035166,24.402541,145.84754,374.285247,0,0
20006,20,soft-hit,206.473523,39.543311,147.231845,393.248679,0,0
20006,20,soft-hit,205.762674,26.198392,147.071105,379.032171,0,0
20006,20,soft-hit,205.614944,10.434327,147.060323,363.109594,0,0
20006,20,soft-hit,203.822969,10.404834,146.45238,360.680183,0,0
20006,20,soft-hit,221.490028,12.869841,164.131279,398.491148,0,0
20006,20,soft-hit,204.437862,11.313894,146.998565,362.750321,0,0
20006,20,soft-hit,205.900553,15.477757,146.943554,368.321864,0,0
20006,20,soft-hit,209.141052,27.560245,151.626466,388.327763,0,0
20006,20,soft-hit,217.898906,10.307497,160.751523,388.95792600000004,0,0
20006,20,soft-hit,204.553829,12.246152,147.22877,364.028751,0,0
20006,21,soft-hit,212.132656,14.349936,152.877721,379.360313,0,0
20006,21,soft-hit,218.184926,22.462676,152.877949,393.52555099999995,0,0
20006,21,soft-hit,211.760244,10.552844,153.221844,375.534932,0,0
20006,21,soft-hit,221.184,10.928087,161.056444,393.16853100000003,0,0
20006,21,soft-hit,215.518611,22.808642,155.769506,394.096759,0,0
20006,21,soft-hit,214.705687,10.464084,153.497729,378.6675,0,0
20006,21,soft-hit,215.540138,27.713289,155.02306,398.276487,0,0
20006,21,soft-hit,214.916797,14.671501,158.072232,387.66053,0,0
20006,21,soft-hit,215.962245,10.814029,154.546974,381.32324800000004,0,0
20006,21,soft-hit,216.378151,16.680166,156.0435,389.101817,0,0
20006,21,soft-hit,215.064511,26.706495,154.497925,396.268931,0,0
20006,21,soft-hit,227.34033,10.481294,167.966491,405.78811499999995,0,0
20006,21,soft-hit,248.010983,36.532542,188.653572,473.197097,0,0
20006,21,soft-hit,213.634966,10.294716,153.585505,377.51518699999997,0,0
20006,21,soft-hit,214.260281,16.409882,154.060687,384.73085000000003,0,0
20006,21,soft-hit,225.507388,28.827744,154.001453,408.336585,0,0
20006,21,soft-hit,185.035352,9.721466,153.769905,348.52672299999995,0,0
36401,29,miss,283.661593,13.412111,205.051149,0,502.12485300000003,0
36401,used GE,hit,0,11.017947,0,11.017947,0,0
36401,used GE,hit,0,32.170228,0,32.170228,0,0
36401,used GE,hit,0,30.228821,0,30.228821,0,0
36401,used GE,hit,0,12.128947,0,12.128947,0,0
36401,used GE,hit,0,11.789972,0,11.789972,0,0
36401,used GE,hit,0,11.272306,0,11.272306,0,0
36401,used GE,hit,0,517.643073,0,517.643073,0,0
36401,used GE,hit,0,34.104357,0,34.104357,0,0
36401,used GE,hit,0,13.305585,0,13.305585,0,0
36401,used GE,hit,0,12.61028,0,12.61028,0,0
36401,used GE,hit,0,11.760984,0,11.760984,0,0
36401,used GE,hit,0,11.572703,0,11.572703,0,0
36401,used GE,hit,0,30.267225,0,30.267225,0,0
36401,used GE,hit,0,12.429947,0,12.429947,0,0
36401,used GE,hit,0,11.906583,0,11.906583,0,0
36401,used GE,hit,0,11.395704,0,11.395704,0,0
36401,used GE,hit,0,27.050175,0,27.050175,0,0
36401,30,soft-hit,293.078036,12.626976,212.497458,518.20247,0,0
36401,used GE,hit,0,25.062553,0,25.062553,0,0
36401,used GE,hit,0,11.057986,0,11.057986,0,0
36401,used GE,hit,0,10.998754,0,10.998754,0,0
36401,used GE,hit,0,10.731264,0,10.731264,0,0
36401,used GE,hit,0,23.218178,0,23.218178,0,0
36401,used GE,hit,0,21.046059,0,21.046059,0,0
36401,used GE,hit,0,12.660509,0,12.660509,0,0
36401,used GE,hit,0,19.770263,0,19.770263,0,0
36401,used GE,hit,0,10.214415,0,10.214415,0,0
36401,used GE,hit,0,11.157269,0,11.157269,0,0
36401,used GE,hit,0,11.00425,0,11.00425,0,0
36401,used GE,hit,0,30.58098,0,30.58098,0,0
36401,used GE,hit,0,30.72699,0,30.72699,0,0
36401,used GE,hit,0,11.808035,0,11.808035,0,0
36401,used GE,hit,0,14.970587,0,14.970587,0,0
36401,used GE,hit,0,11.333203,0,11.333203,0,0
36401,used GE,hit,0,21.650159,0,21.650159,0,0
36401,used GE,hit,0,11.818311,0,11.818311,0,0
36401,used GE,hit,0,11.126479,0,11.126479,0,0
36401,used GE,hit,0,11.585169,0,11.585169,0,0
36401,used GE,hit,0,23.989637,0,23.989637,0,0
36401,used GE,hit,0,21.645982,0,21.645982,0,0
36401,used GE,hit,0,11.990413,0,11.990413,0,0
36401,used GE,hit,0,11.210879,0,11.210879,0,0
36401,used GE,hit,0,11.489738,0,11.489738,0,0
36401,used GE,hit,0,11.02751,0,11.02751,0,0
36401,used GE,hit,0,11.105932,0,11.105932,0,0
36401,used GE,hit,0,32.290992,0,32.290992,0,0
36401,used GE,hit,0,11.782578,0,11.782578,0,0
36401,used GE,hit,0,17.192802,0,17.192802,0,0
36401,used GE,hit,0,25.803516,0,25.803516,0,0
36401,used GE,hit,0,11.701987,0,11.701987,0,0
36401,used GE,hit,0,11.484263,0,11.484263,0,0
36401,used GE,hit,0,11.479115,0,11.479115,0,0
36401,used GE,hit,0,25.362886,0,25.362886,0,0
36401,used GE,hit,0,12.212955,0,12.212955,0,0
36401,used GE,hit,0,11.419433,0,11.419433,0,0
36401,used GE,hit,0,12.270219,0,12.270219,0,0
2561,30,miss,293.348627,12.930158,213.910801,0,520.189586,0
2561,used GE,hit,0,23.446803,0,23.446803,0,0
2561,used GE,hit,0,32.147913,0,32.147913,0,0
2561,used GE,hit,0,12.98989,0,12.98989,0,0
2561,used GE,hit,0,14.894282,0,14.894282,0,0
2561,used GE,hit,0,12.113821,0,12.113821,0,0
2561,used GE,hit,0,21.261965,0,21.261965,0,0
2561,used GE,hit,0,31.025616,0,31.025616,0,0
2561,used GE,hit,0,26.62137,0,26.62137,0,0
2561,used GE,hit,0,21.312721,0,21.312721,0,0
2561,used GE,hit,0,9.657492,0,9.657492,0,0
2561,used GE,hit,0,20.894203,0,20.894203,0,0
2561,used GE,hit,0,10.66476,0,10.66476,0,0
2561,used GE,hit,0,8.892887,0,8.892887,0,0
2561,used GE,hit,0,30.089182,0,30.089182,0,0
2561,used GE,hit,0,9.32264,0,9.32264,0,0
2561,used GE,hit,0,12.13393,0,12.13393,0,0
2561,used GE,hit,0,8.821069,0,8.821069,0,0
2561,used GE,hit,0,8.496269,0,8.496269,0,0
2561,used GE,hit,0,9.043715,0,9.043715,0,0
2561,used GE,hit,0,9.001026,0,9.001026,0,0
2561,used GE,hit,0,11.580297,0,11.580297,0,0
2561,used GE,hit,0,10.29508,0,10.29508,0,0
2561,used GE,hit,0,11.127657,0,11.127657,0,0
2561,used GE,hit,0,17.919791,0,17.919791,0,0
2561,used GE,hit,0,29.481939,0,29.481939,0,0
2561,used GE,hit,0,16.596517,0,16.596517,0,0
2561,used GE,hit,0,14.254157,0,14.254157,0,0
2561,used GE,hit,0,35.422215,0,35.422215,0,0
2561,used GE,hit,0,14.94966,0,14.94966,0,0
2561,used GE,hit,0,35.494701,0,35.494701,0,0
2561,used GE,hit,0,34.747475,0,34.747475,0,0
2561,used GE,hit,0,14.458785,0,14.458785,0,0
2561,used GE,hit,0,18.133795,0,18.133795,0,0
2561,used GE,hit,0,26.410216,0,26.410216,0,0
2561,used GE,hit,0,34.938628,0,34.938628,0,0
2561,used GE,hit,0,14.555747,0,14.555747,0,0
2561,used GE,hit,0,13.792715,0,13.792715,0,0
2561,used GE,hit,0,12.824996,0,12.824996,0,0
2561,used GE,hit,0,12.530348,0,12.530348,0,0
2561,used GE,hit,0,12.284084,0,12.284084,0,0
2561,used GE,hit,0,13.638356,0,13.638356,0,0
2561,used GE,hit,0,13.00554,0,13.00554,0,0
2561,used GE,hit,0,21.136755,0,21.136755,0,0
2561,used GE,hit,0,12.107994,0,12.107994,0,0
2561,used GE,hit,0,19.977986,0,19.977986,0,0
2561,used GE,hit,0,14.032462,0,14.032462,0,0
2561,used GE,hit,0,48.194352,0,48.194352,0,0
2561,used GE,hit,0,34.311611,0,34.311611,0,0
2561,used GE,hit,0,13.786369,0,13.786369,0,0
2561,used GE,hit,0,12.737783,0,12.737783,0,0
2561,used GE,hit,0,14.091903,0,14.091903,0,0
2561,used GE,hit,0,13.681504,0,13.681504,0,0
2561,used GE,hit,0,15.854911,0,15.854911,0,0
2561,used GE,hit,0,13.392952,0,13.392952,0,0
2561,used GE,hit,0,17.958298,0,17.958298,0,0
2561,used GE,hit,0,14.709518,0,14.709518,0,0
21672,28,miss,292.862414,20.902071,204.621083,0,518.385568,0
21672,used GE,hit,0,10.660527,0,10.660527,0,0
21672,used GE,hit,0,10.141184,0,10.141184,0,0
21672,used GE,hit,0,9.951497,0,9.951497,0,0
21672,used GE,hit,0,29.059383,0,29.059383,0,0
21672,used GE,hit,0,29.045938,0,29.045938,0,0
21672,used GE,hit,0,15.871134,0,15.871134,0,0
21672,used GE,hit,0,28.761121,0,28.761121,0,0
21672,used GE,hit,0,10.951824,0,10.951824,0,0
21672,used GE,hit,0,11.714276,0,11.714276,0,0
21672,used GE,hit,0,16.088511,0,16.088511,0,0
21672,used GE,hit,0,31.023387,0,31.023387,0,0
21672,used GE,hit,0,21.000596,0,21.000596,0,0
21672,used GE,hit,0,11.316756,0,11.316756,0,0
21672,used GE,hit,0,12.836336,0,12.836336,0,0
21672,used GE,hit,0,10.978765,0,10.978765,0,0
21672,used GE,hit,0,10.051707,0,10.051707,0,0
21672,used GE,hit,0,20.327931,0,20.327931,0,0
21672,used GE,hit,0,24.256585,0,24.256585,0,0
21672,used GE,hit,0,20.035374,0,20.035374,0,0
21672,used GE,hit,0,27.366157,0,27.366157,0,0
21672,used GE,hit,0,10.335422,0,10.335422,0,0
21672,used GE,hit,0,28.330731,0,28.330731,0,0
21672,used GE,hit,0,9.776898,0,9.776898,0,0
21672,used GE,hit,0,10.134415,0,10.134415,0,0
21672,used GE,hit,0,9.669481,0,9.669481,0,0
21672,used GE,hit,0,9.489631,0,9.489631,0,0
21672,used GE,hit,0,9.411169,0,9.411169,0,0
21672,used GE,hit,0,9.311572,0,9.311572,0,0
21672,used GE,hit,0,28.704826,0,28.704826,0,0
21672,used GE,hit,0,21.257251,0,21.257251,0,0
21672,used GE,hit,0,10.230389,0,10.230389,0,0
21672,used GE,hit,0,9.668492,0,9.668492,0,0
21672,used GE,hit,0,12.392562,0,12.392562,0,0
21672,used GE,hit,0,20.586578,0,20.586578,0,0
21672,used GE,hit,0,33.251372,0,33.251372,0,0
21672,used GE,hit,0,10.364547,0,10.364547,0,0
21672,used GE,hit,0,10.001719,0,10.001719,0,0
21672,used GE,hit,0,12.461311,0,12.461311,0,0
21672,used GE,hit,0,13.056064,0,13.056064,0,0
21672,used GE,hit,0,10.421242,0,10.421242,0,0
21672,used GE,hit,0,10.155792,0,10.155792,0,0
21672,used GE,hit,0,26.135681,0,26.135681,0,0
21672,used GE,hit,0,28.823738,0,28.823738,0,0
21672,used GE,hit,0,12.370039,0,12.370039,0,0
21672,used GE,hit,0,10.768499,0,10.768499,0,0
21672,used GE,hit,0,15.171119,0,15.171119,0,0
21672,used GE,hit,0,24.343362,0,24.343362,0,0
21672,used GE,hit,0,10.210183,0,10.210183,0,0
21672,used GE,hit,0,10.666555,0,10.666555,0,0
21672,used GE,hit,0,10.117381,0,10.117381,0,0
21672,used GE,hit,0,15.405317,0,15.405317,0,0
21672,used GE,hit,0,28.947625,0,28.947625,0,0
21672,used GE,hit,0,27.651754,0,27.651754,0,0
21672,used GE,hit,0,10.269377,0,10.269377,0,0
21672,used GE,hit,0,11.676811,0,11.676811,0,0
5997,31,miss,308.075709,14.035188,227.396352,0,549.507249,0
5997,used GE,hit,0,12.041605,0,12.041605,0,0
5997,used GE,hit,0,12.243403,0,12.243403,0,0
5997,used GE,hit,0,29.004286,0,29.004286,0,0
5997,used GE,hit,0,20.610975,0,20.610975,0,0
5997,used GE,hit,0,32.275996,0,32.275996,0,0
5997,used GE,hit,0,13.106458,0,13.106458,0,0
5997,used GE,hit,0,12.658767,0,12.658767,0,0
5997,used GE,hit,0,13.220897,0,13.220897,0,0
5997,used GE,hit,0,54.958906,0,54.958906,0,0
5997,used GE,hit,0,14.055277,0,14.055277,0,0
5997,used GE,hit,0,12.989145,0,12.989145,0,0
5997,used GE,hit,0,17.755499,0,17.755499,0,0
5997,used GE,hit,0,12.913412,0,12.913412,0,0
5997,used GE,hit,0,12.401284,0,12.401284,0,0
5997,used GE,hit,0,12.781188,0,12.781188,0,0
5997,used GE,hit,0,12.447188,0,12.447188,0,0
5997,used GE,hit,0,12.837008,0,12.837008,0,0
5997,used GE,hit,0,13.1507,0,13.1507,0,0
5997,used GE,hit,0,13.628463,0,13.628463,0,0
5997,used GE,hit,0,12.360491,0,12.360491,0,0
5997,used GE,hit,0,12.578199,0,12.578199,0,0
5997,used GE,hit,0,22.693508,0,22.693508,0,0
5997,used GE,hit,0,13.933149,0,13.933149,0,0
5997,used GE,hit,0,13.736217,0,13.736217,0,0
5997,used GE,hit,0,13.01514,0,13.01514,0,0
5997,used GE,hit,0,22.560222,0,22.560222,0,0
5997,used GE,hit,0,12.050304,0,12.050304,0,0
5997,used GE,hit,0,26.063756,0,26.063756,0,0
5997,used GE,hit,0,34.059851,0,34.059851,0,0
5997,used GE,hit,0,32.900419,0,32.900419,0,0
5997,used GE,hit,0,28.888246,0,28.888246,0,0
5997,used GE,hit,0,13.004936,0,13.004936,0,0
5997,used GE,hit,0,27.387851,0,27.387851,0,0
5997,used GE,hit,0,13.539009,0,13.539009,0,0
5997,used GE,hit,0,62.247219,0,62.247219,0,0
5997,used GE,hit,0,14.125861,0,14.125861,0,0
5997,used GE,hit,0,13.069177,0,13.069177,0,0
5997,used GE,hit,0,33.311941,0,33.311941,0,0
5997,used GE,hit,0,32.658984,0,32.658984,0,0
5997,used GE,hit,0,29.895336,0,29.895336,0,0
5997,used GE,hit,0,12.847729,0,12.847729,0,0
5997,used GE,hit,0,12.644305,0,12.644305,0,0
5997,used GE,hit,0,13.42107,0,13.42107,0,0
5997,used GE,hit,0,21.519586,0,21.519586,0,0
5997,used GE,hit,0,12.954771,0,12.954771,0,0
5997,used GE,hit,0,51.457406,0,51.457406,0,0
5997,used GE,hit,0,14.575094,0,14.575094,0,0
5997,used GE,hit,0,13.905491,0,13.905491,0,0
5997,used GE,hit,0,32.692,0,32.692,0,0
5997,used GE,hit,0,23.401888,0,23.401888,0,0
5997,used GE,hit,0,13.643293,0,13.643293,0,0
5997,used GE,hit,0,15.569519,0,15.569519,0,0
5997,used GE,hit,0,18.493181,0,18.493181,0,0
5997,used GE,hit,0,13.039126,0,13.039126,0,0
5997,used GE,hit,0,12.83603,0,12.83603,0,0
21741,33,miss,331.124218,32.183059,245.707644,0,609.014921,0
21741,used GE,hit,0,30.873608,0,30.873608,0,0
21741,used GE,hit,0,26.990603,0,26.990603,0,0
21741,used GE,hit,0,29.995914,0,29.995914,0,0
21741,used GE,hit,0,9.560098,0,9.560098,0,0
21741,used GE,hit,0,11.934893,0,11.934893,0,0
21741,used GE,hit,0,28.31474,0,28.31474,0,0
21741,used GE,hit,0,9.033161,0,9.033161,0,0
21741,used GE,hit,0,21.945617,0,21.945617,0,0
21741,used GE,hit,0,13.052326,0,13.052326,0,0
21741,used GE,hit,0,20.848213,0,20.848213,0,0
21741,used GE,hit,0,9.169158,0,9.169158,0,0
21741,used GE,hit,0,12.374126,0,12.374126,0,0
21741,used GE,hit,0,10.293752,0,10.293752,0,0
21741,used GE,hit,0,10.954049,0,10.954049,0,0
21741,used GE,hit,0,10.140488,0,10.140488,0,0
21741,used GE,hit,0,10.436469,0,10.436469,0,0
21741,used GE,hit,0,12.792355,0,12.792355,0,0
21741,used GE,hit,0,11.738003,0,11.738003,0,0
21741,used GE,hit,0,13.955471,0,13.955471,0,0
21741,used GE,hit,0,15.139989,0,15.139989,0,0
21741,used GE,hit,0,11.167507,0,11.167507,0,0
21741,used GE,hit,0,12.636909,0,12.636909,0,0
21741,used GE,hit,0,11.90312,0,11.90312,0,0
21741,used GE,hit,0,24.932126,0,24.932126,0,0
21741,used GE,hit,0,25.614021,0,25.614021,0,0
21741,used GE,hit,0,12.660627,0,12.660627,0,0
21741,used GE,hit,0,36.888806,0,36.888806,0,0
21741,used GE,hit,0,16.234799,0,16.234799,0,0
21741,used GE,hit,0,20.416724,0,20.416724,0,0
21741,used GE,hit,0,12.046089,0,12.046089,0,0
21741,used GE,hit,0,14.445534,0,14.445534,0,0
21741,used GE,hit,0,12.487928,0,12.487928,0,0
21741,used GE,hit,0,28.455118,0,28.455118,0,0
21741,used GE,hit,0,17.594016,0,17.594016,0,0
21741,used GE,hit,0,43.706547,0,43.706547,0,0
21741,used GE,hit,0,21.813216,0,21.813216,0,0
21741,34,soft-hit,341.441655,14.11567,252.891251,608.448576,0,0
21741,used GE,hit,0,11.772804,0,11.772804,0,0
21741,used GE,hit,0,12.279927,0,12.279927,0,0
21741,used GE,hit,0,11.940963,0,11.940963,0,0
21741,used GE,hit,0,11.490034,0,11.490034,0,0
21741,used GE,hit,0,37.352604,0,37.352604,0,0
21741,used GE,hit,0,13.763375,0,13.763375,0,0
21741,used GE,hit,0,44.868444,0,44.868444,0,0
21741,used GE,hit,0,13.655524,0,13.655524,0,0
21741,used GE,hit,0,24.55141,0,24.55141,0,0
21741,used GE,hit,0,26.48166,0,26.48166,0,0
21741,used GE,hit,0,27.317638,0,27.317638,0,0
21741,used GE,hit,0,19.147588,0,19.147588,0,0
21741,used GE,hit,0,12.887015,0,12.887015,0,0
21741,used GE,hit,0,13.962743,0,13.962743,0,0
21741,used GE,hit,0,30.188113,0,30.188113,0,0
21741,used GE,hit,0,40.615016,0,40.615016,0,0
21741,used GE,hit,0,29.06583,0,29.06583,0,0
21741,used GE,hit,0,39.204577,0,39.204577,0,0
7327,25,miss,262.691393,11.586615,192.951529,0,467.229537,0
7327,used GE,hit,0,22.880477,0,22.880477,0,0
7327,used GE,hit,0,10.871897,0,10.871897,0,0
7327,used GE,hit,0,23.494357,0,23.494357,0,0
7327,used GE,hit,0,36.083955,0,36.083955,0,0
7327,used GE,hit,0,15.783779,0,15.783779,0,0
7327,used GE,hit,0,21.23461,0,21.23461,0,0
7327,used GE,hit,0,26.193073,0,26.193073,0,0
7327,used GE,hit,0,17.815404,0,17.815404,0,0
7327,used GE,hit,0,20.731677,0,20.731677,0,0
7327,used GE,hit,0,9.67794,0,9.67794,0,0
7327,used GE,hit,0,18.463081,0,18.463081,0,0
7327,used GE,hit,0,21.682415,0,21.682415,0,0
7327,used GE,hit,0,7.666842,0,7.666842,0,0
7327,used GE,hit,0,7.003257,0,7.003257,0,0
7327,used GE,hit,0,6.848616,0,6.848616,0,0
7327,used GE,hit,0,7.94159,0,7.94159,0,0
7327,used GE,hit,0,18.829781,0,18.829781,0,0
7327,used GE,hit,0,16.622689,0,16.622689,0,0
7327,used GE,hit,0,22.711758,0,22.711758,0,0
7327,used GE,hit,0,17.517365,0,17.517365,0,0
7327,used GE,hit,0,21.067998,0,21.067998,0,0
7327,used GE,hit,0,15.559448,0,15.559448,0,0
7327,used GE,hit,0,9.208974,0,9.208974,0,0
7327,used GE,hit,0,23.808156,0,23.808156,0,0
7327,used GE,hit,0,21.371809,0,21.371809,0,0
7327,used GE,hit,0,10.915727,0,10.915727,0,0
7327,used GE,hit,0,27.405842,0,27.405842,0,0
7327,used GE,hit,0,15.180983,0,15.180983,0,0
7327,used GE,hit,0,19.470506,0,19.470506,0,0
7327,used GE,hit,0,22.424294,0,22.424294,0,0
7327,used GE,hit,0,10.879923,0,10.879923,0,0
7327,used GE,hit,0,23.312583,0,23.312583,0,0
7327,used GE,hit,0,11.138201,0,11.138201,0,0
7327,used GE,hit,0,10.404917,0,10.404917,0,0
7327,used GE,hit,0,15.040469,0,15.040469,0,0
7327,26,soft-hit,278.005155,16.48079,204.851084,499.337029,0,0
7327,used GE,hit,0,21.001979,0,21.001979,0,0
7327,used GE,hit,0,10.574057,0,10.574057,0,0
7327,used GE,hit,0,27.353848,0,27.353848,0,0
7327,used GE,hit,0,25.605278,0,25.605278,0,0
7327,used GE,hit,0,22.837343,0,22.837343,0,0
7327,used GE,hit,0,29.76592,0,29.76592,0,0
7327,used GE,hit,0,10.906158,0,10.906158,0,0
7327,used GE,hit,0,10.436706,0,10.436706,0,0
7327,used GE,hit,0,24.868509,0,24.868509,0,0
7327,used GE,hit,0,11.657434,0,11.657434,0,0
7327,used GE,hit,0,11.104968,0,11.104968,0,0
7327,used GE,hit,0,22.643202,0,22.643202,0,0
7327,used GE,hit,0,9.819734,0,9.819734,0,0
7327,used GE,hit,0,9.005559,0,9.005559,0,0
7327,used GE,hit,0,15.417239,0,15.417239,0,0
7327,used GE,hit,0,28.173257,0,28.173257,0,0
7327,used GE,hit,0,11.29582,0,11.29582,0,0
7327,used GE,hit,0,19.739897,0,19.739897,0,0
22549,31,miss,328.145153,50.203333,241.256,0,619.604486,0
22549,used GE,hit,0,13.481984,0,13.481984,0,0
22549,used GE,hit,0,14.280368,0,14.280368,0,0
22549,used GE,hit,0,23.417935,0,23.417935,0,0
22549,used GE,hit,0,12.946495,0,12.946495,0,0
22549,used GE,hit,0,12.025504,0,12.025504,0,0
22549,used GE,hit,0,15.147689,0,15.147689,0,0
22549,used GE,hit,0,12.100777,0,12.100777,0,0
22549,used GE,hit,0,24.773418,0,24.773418,0,0
22549,used GE,hit,0,12.396578,0,12.396578,0,0
22549,used GE,hit,0,16.846961,0,16.846961,0,0
22549,used GE,hit,0,12.771291,0,12.771291,0,0
22549,used GE,hit,0,32.423087,0,32.423087,0,0
22549,used GE,hit,0,13.298268,0,13.298268,0,0
22549,used GE,hit,0,30.025024,0,30.025024,0,0
22549,used GE,hit,0,13.319293,0,13.319293,0,0
22549,used GE,hit,0,20.973129,0,20.973129,0,0
22549,used GE,hit,0,12.93313,0,12.93313,0,0
22549,used GE,hit,0,23.559755,0,23.559755,0,0
22549,used GE,hit,0,30.033265,0,30.033265,0,0
22549,used GE,hit,0,20.443676,0,20.443676,0,0
22549,used GE,hit,0,9.302174,0,9.302174,0,0
22549,used GE,hit,0,8.710205,0,8.710205,0,0
22549,used GE,hit,0,32.589496,0,32.589496,0,0
22549,used GE,hit,0,17.543176,0,17.543176,0,0
22549,used GE,hit,0,16.276214,0,16.276214,0,0
22549,used GE,hit,0,11.392461,0,11.392461,0,0
22549,used GE,hit,0,24.374293,0,24.374293,0,0
22549,used GE,hit,0,13.645317,0,13.645317,0,0
22549,used GE,hit,0,27.729416,0,27.729416,0,0
22549,used GE,hit,0,13.505624,0,13.505624,0,0
22549,used GE,hit,0,20.223425,0,20.223425,0,0
22549,used GE,hit,0,33.263982,0,33.263982,0,0
22549,used GE,hit,0,18.5075,0,18.5075,0,0
22549,used GE,hit,0,13.018014,0,13.018014,0,0
22549,used GE,hit,0,25.414711,0,25.414711,0,0
22549,used GE,hit,0,12.587111,0,12.587111,0,0
22549,used GE,hit,0,32.086973,0,32.086973,0,0
22549,used GE,hit,0,46.545852,0,46.545852,0,0
22549,used GE,hit,0,20.743012,0,20.743012,0,0
22549,used GE,hit,0,23.271814,0,23.271814,0,0
22549,used GE,hit,0,13.102361,0,13.102361,0,0
22549,used GE,hit,0,12.249787,0,12.249787,0,0
22549,used GE,hit,0,12.006429,0,12.006429,0,0
22549,used GE,hit,0,12.021378,0,12.021378,0,0
22549,used GE,hit,0,19.590694,0,19.590694,0,0
22549,used GE,hit,0,15.190002,0,15.190002,0,0
22549,used GE,hit,0,12.008002,0,12.008002,0,0
22549,used GE,hit,0,12.197828,0,12.197828,0,0
22549,used GE,hit,0,11.66385,0,11.66385,0,0
22549,used GE,hit,0,12.311203,0,12.311203,0,0
22549,used GE,hit,0,26.463492,0,26.463492,0,0
22549,used GE,hit,0,30.906369,0,30.906369,0,0
22549,used GE,hit,0,21.314185,0,21.314185,0,0
22549,used GE,hit,0,11.537215,0,11.537215,0,0
7432,20,miss,222.85116,35.000774,164.510532,0,422.36246600000004,0
7432,used GE,hit,0,10.177139,0,10.177139,0,0
7432,used GE,hit,0,9.49789,0,9.49789,0,0
7432,used GE,hit,0,13.387656,0,13.387656,0,0
7432,used GE,hit,0,11.255439,0,11.255439,0,0
7432,used GE,hit,0,9.431201,0,9.431201,0,0
7432,used GE,hit,0,9.506227,0,9.506227,0,0
7432,used GE,hit,0,15.473661,0,15.473661,0,0
7432,used GE,hit,0,19.206759,0,19.206759,0,0
7432,used GE,hit,0,9.514027,0,9.514027,0,0
7432,used GE,hit,0,9.43042,0,9.43042,0,0
7432,used GE,hit,0,13.869068,0,13.869068,0,0
7432,used GE,hit,0,9.712212,0,9.712212,0,0
7432,used GE,hit,0,9.397194,0,9.397194,0,0
7432,used GE,hit,0,15.240997,0,15.240997,0,0
7432,used GE,hit,0,22.687747,0,22.687747,0,0
7432,used GE,hit,0,15.37473,0,15.37473,0,0
7432,used GE,hit,0,9.202979,0,9.202979,0,0
7432,used GE,hit,0,11.154431,0,11.154431,0,0
7432,used GE,hit,0,22.739346,0,22.739346,0,0
7432,used GE,hit,0,16.771826,0,16.771826,0,0
7432,used GE,hit,0,17.497894,0,17.497894,0,0
7432,used GE,hit,0,24.198774,0,24.198774,0,0
7432,used GE,hit,0,13.631565,0,13.631565,0,0
7432,used GE,hit,0,15.333934,0,15.333934,0,0
7432,used GE,hit,0,23.915695,0,23.915695,0,0
7432,used GE,hit,0,20.47418,0,20.47418,0,0
7432,used GE,hit,0,21.359886,0,21.359886,0,0
7432,used GE,hit,0,24.240993,0,24.240993,0,0
7432,used GE,hit,0,9.716913,0,9.716913,0,0
7432,used GE,hit,0,22.55551,0,22.55551,0,0
7432,21,soft-hit,204.940103,8.146844,171.967472,385.05441899999994,0,0
7432,used GE,hit,0,23.276059,0,23.276059,0,0
7432,used GE,hit,0,8.019849,0,8.019849,0,0
7432,used GE,hit,0,9.271143,0,9.271143,0,0
7432,used GE,hit,0,7.416802,0,7.416802,0,0
7432,22,soft-hit,243.715411,11.199865,179.738605,434.65388099999996,0,0
7432,used GE,hit,0,17.01174,0,17.01174,0,0
7432,used GE,hit,0,9.815147,0,9.815147,0,0
7432,used GE,hit,0,9.625919,0,9.625919,0,0
7432,used GE,hit,0,9.472846,0,9.472846,0,0
7432,used GE,hit,0,13.912433,0,13.912433,0,0
7432,used GE,hit,0,10.317149,0,10.317149,0,0
7432,used GE,hit,0,20.215028,0,20.215028,0,0
7432,used GE,hit,0,21.753379,0,21.753379,0,0
7432,used GE,hit,0,9.941648,0,9.941648,0,0
7432,used GE,hit,0,10.191562,0,10.191562,0,0
7432,used GE,hit,0,10.089634,0,10.089634,0,0
7432,used GE,hit,0,23.659573,0,23.659573,0,0
7432,used GE,hit,0,10.341166,0,10.341166,0,0
7432,used GE,hit,0,10.171384,0,10.171384,0,0
7432,used GE,hit,0,10.14994,0,10.14994,0,0
7432,used GE,hit,0,19.214043,0,19.214043,0,0
7432,used GE,hit,0,10.554304,0,10.554304,0,0
22979,25,miss,270.089108,36.504046,201.44997,0,508.04312400000003,0
22979,used GE,hit,0,10.470009,0,10.470009,0,0
22979,used GE,hit,0,16.390231,0,16.390231,0,0
22979,used GE,hit,0,10.242391,0,10.242391,0,0
22979,used GE,hit,0,22.024646,0,22.024646,0,0
22979,used GE,hit,0,9.700095,0,9.700095,0,0
22979,used GE,hit,0,22.559332,0,22.559332,0,0
22979,26,soft-hit,279.975822,18.277628,208.559908,506.813358,0,0
22979,used GE,hit,0,10.003141,0,10.003141,0,0
22979,used GE,hit,0,9.649071,0,9.649071,0,0
22979,used GE,hit,0,9.468335,0,9.468335,0,0
22979,used GE,hit,0,9.037375,0,9.037375,0,0
22979,used GE,hit,0,22.291106,0,22.291106,0,0
22979,used GE,hit,0,10.436688,0,10.436688,0,0
22979,used GE,hit,0,26.411459,0,26.411459,0,0
22979,used GE,hit,0,10.208492,0,10.208492,0,0
22979,used GE,hit,0,23.686789,0,23.686789,0,0
22979,used GE,hit,0,11.166819,0,11.166819,0,0
22979,used GE,hit,0,10.509675,0,10.509675,0,0
22979,used GE,hit,0,19.801719,0,19.801719,0,0
22979,used GE,hit,0,11.399923,0,11.399923,0,0
22979,used GE,hit,0,23.519202,0,23.519202,0,0
22979,used GE,hit,0,19.613689,0,19.613689,0,0
22979,used GE,hit,0,20.468008,0,20.468008,0,0
22979,used GE,hit,0,10.157741,0,10.157741,0,0
22979,used GE,hit,0,27.15358,0,27.15358,0,0
22979,used GE,hit,0,14.395715,0,14.395715,0,0
22979,used GE,hit,0,10.48362,0,10.48362,0,0
22979,used GE,hit,0,10.410974,0,10.410974,0,0
22979,used GE,hit,0,10.940056,0,10.940056,0,0
22979,used GE,hit,0,10.628323,0,10.628323,0,0
22979,used GE,hit,0,9.865173,0,9.865173,0,0
22979,used GE,hit,0,13.559438,0,13.559438,0,0
22979,used GE,hit,0,10.737794,0,10.737794,0,0
22979,used GE,hit,0,19.417254,0,19.417254,0,0
22979,used GE,hit,0,9.862355,0,9.862355,0,0
22979,used GE,hit,0,11.117773,0,11.117773,0,0
22979,used GE,hit,0,8.627755,0,8.627755,0,0
22979,used GE,hit,0,7.826586,0,7.826586,0,0
22979,used GE,hit,0,16.801243,0,16.801243,0,0
22979,used GE,hit,0,16.00196,0,16.00196,0,0
22979,used GE,hit,0,8.989614,0,8.989614,0,0
22979,used GE,hit,0,17.035246,0,17.035246,0,0
22979,used GE,hit,0,6.845572,0,6.845572,0,0
22979,used GE,hit,0,6.692013,0,6.692013,0,0
22979,used GE,hit,0,18.525265,0,18.525265,0,0
22979,used GE,hit,0,7.090955,0,7.090955,0,0
22979,used GE,hit,0,8.195792,0,8.195792,0,0
22979,used GE,hit,0,14.050061,0,14.050061,0,0
22979,used GE,hit,0,12.122378,0,12.122378,0,0
22979,used GE,hit,0,7.845561,0,7.845561,0,0
22979,used GE,hit,0,21.770207,0,21.770207,0,0
22979,used GE,hit,0,9.160796,0,9.160796,0,0
22979,used GE,hit,0,9.019225,0,9.019225,0,0
8620,25,miss,274.147374,12.444928,205.740175,0,492.33247700000004,0
8620,used GE,hit,0,19.608146,0,19.608146,0,0
8620,used GE,hit,0,10.269009,0,10.269009,0,0
8620,used GE,hit,0,11.424659,0,11.424659,0,0
8620,used GE,hit,0,11.499723,0,11.499723,0,0
8620,used GE,hit,0,10.132724,0,10.132724,0,0
8620,used GE,hit,0,11.148037,0,11.148037,0,0
8620,used GE,hit,0,12.290871,0,12.290871,0,0
8620,used GE,hit,0,11.465982,0,11.465982,0,0
8620,used GE,hit,0,10.904663,0,10.904663,0,0
8620,used GE,hit,0,35.918333,0,35.918333,0,0
8620,used GE,hit,0,11.031767,0,11.031767,0,0
8620,used GE,hit,0,17.0246,0,17.0246,0,0
8620,used GE,hit,0,22.945353,0,22.945353,0,0
8620,used GE,hit,0,11.163528,0,11.163528,0,0
8620,used GE,hit,0,10.518636,0,10.518636,0,0
8620,used GE,hit,0,10.529094,0,10.529094,0,0
8620,used GE,hit,0,18.919425,0,18.919425,0,0
8620,26,soft-hit,283.411378,24.671285,212.066899,520.1495620000001,0,0
8620,used GE,hit,0,15.23213,0,15.23213,0,0
8620,used GE,hit,0,14.659235,0,14.659235,0,0
8620,used GE,hit,0,17.046009,0,17.046009,0,0
8620,used GE,hit,0,10.177675,0,10.177675,0,0
8620,used GE,hit,0,10.941762,0,10.941762,0,0
8620,used GE,hit,0,10.232816,0,10.232816,0,0
8620,used GE,hit,0,25.806427,0,25.806427,0,0
8620,used GE,hit,0,10.465604,0,10.465604,0,0
8620,used GE,hit,0,10.767941,0,10.767941,0,0
8620,used GE,hit,0,11.159771,0,11.159771,0,0
8620,used GE,hit,0,11.036465,0,11.036465,0,0
8620,used GE,hit,0,23.663433,0,23.663433,0,0
8620,used GE,hit,0,11.610621,0,11.610621,0,0
8620,used GE,hit,0,15.392503,0,15.392503,0,0
8620,used GE,hit,0,30.83136,0,30.83136,0,0
8620,used GE,hit,0,18.664253,0,18.664253,0,0
8620,used GE,hit,0,11.665139,0,11.665139,0,0
8620,used GE,hit,0,28.271779,0,28.271779,0,0
8620,used GE,hit,0,11.673198,0,11.673198,0,0
8620,used GE,hit,0,13.168214,0,13.168214,0,0
8620,used GE,hit,0,11.77638,0,11.77638,0,0
8620,used GE,hit,0,27.911885,0,27.911885,0,0
8620,used GE,hit,0,12.196516,0,12.196516,0,0
8620,used GE,hit,0,11.292336,0,11.292336,0,0
8620,used GE,hit,0,13.924727,0,13.924727,0,0
8620,used GE,hit,0,11.432883,0,11.432883,0,0
8620,used GE,hit,0,18.761755,0,18.761755,0,0
8620,used GE,hit,0,20.340633,0,20.340633,0,0
8620,used GE,hit,0,15.809689,0,15.809689,0,0
8620,used GE,hit,0,15.32421,0,15.32421,0,0
8620,used GE,hit,0,8.239448,0,8.239448,0,0
8620,used GE,hit,0,8.693398,0,8.693398,0,0
8620,used GE,hit,0,8.941749,0,8.941749,0,0
8620,used GE,hit,0,7.973966,0,7.973966,0,0
8620,used GE,hit,0,17.308162,0,17.308162,0,0
26265,23,miss,256.314381,23.718766,193.228417,0,473.261564,0
26265,used GE,hit,0,11.301702,0,11.301702,0,0
26265,used GE,hit,0,22.857842,0,22.857842,0,0
26265,used GE,hit,0,9.398774,0,9.398774,0,0
26265,used GE,hit,0,26.095953,0,26.095953,0,0
26265,used GE,hit,0,13.197344,0,13.197344,0,0
26265,used GE,hit,0,11.187767,0,11.187767,0,0
26265,used GE,hit,0,10.77327,0,10.77327,0,0
26265,used GE,hit,0,10.55984,0,10.55984,0,0
26265,used GE,hit,0,10.641438,0,10.641438,0,0
26265,used GE,hit,0,18.735284,0,18.735284,0,0
26265,used GE,hit,0,16.06935,0,16.06935,0,0
26265,used GE,hit,0,16.277552,0,16.277552,0,0
26265,used GE,hit,0,9.526088,0,9.526088,0,0
26265,used GE,hit,0,10.306681,0,10.306681,0,0
26265,used GE,hit,0,9.70792,0,9.70792,0,0
26265,used GE,hit,0,9.482914,0,9.482914,0,0
26265,used GE,hit,0,9.24435,0,9.24435,0,0
26265,used GE,hit,0,24.111451,0,24.111451,0,0
26265,used GE,hit,0,26.192413,0,26.192413,0,0
26265,used GE,hit,0,25.565235,0,25.565235,0,0
26265,used GE,hit,0,19.791814,0,19.791814,0,0
26265,used GE,hit,0,18.77776,0,18.77776,0,0
26265,used GE,hit,0,8.922055,0,8.922055,0,0
26265,24,soft-hit,275.586207,11.408474,207.582625,494.577306,0,0
26265,used GE,hit,0,9.874189,0,9.874189,0,0
26265,used GE,hit,0,20.813101,0,20.813101,0,0
26265,used GE,hit,0,9.374002,0,9.374002,0,0
26265,used GE,hit,0,26.608197,0,26.608197,0,0
26265,used GE,hit,0,14.563133,0,14.563133,0,0
26265,used GE,hit,0,10.839106,0,10.839106,0,0
26265,used GE,hit,0,9.915199,0,9.915199,0,0
26265,used GE,hit,0,22.986207,0,22.986207,0,0
26265,used GE,hit,0,10.729666,0,10.729666,0,0
26265,used GE,hit,0,10.676511,0,10.676511,0,0
26265,used GE,hit,0,10.23488,0,10.23488,0,0
26265,used GE,hit,0,23.432782,0,23.432782,0,0
26265,used GE,hit,0,8.476984,0,8.476984,0,0
26265,used GE,hit,0,23.078361,0,23.078361,0,0
26265,used GE,hit,0,24.800439,0,24.800439,0,0
26265,used GE,hit,0,6.847379,0,6.847379,0,0
26265,used GE,hit,0,8.76653,0,8.76653,0,0
26265,used GE,hit,0,6.463081,0,6.463081,0,0
26265,used GE,hit,0,6.491511,0,6.491511,0,0
26265,used GE,hit,0,8.583645,0,8.583645,0,0
26265,used GE,hit,0,8.007325,0,8.007325,0,0
26265,used GE,hit,0,7.510294,0,7.510294,0,0
26265,used GE,hit,0,7.610139,0,7.610139,0,0
26265,used GE,hit,0,21.114544,0,21.114544,0,0
26265,used GE,hit,0,15.369861,0,15.369861,0,0
26265,used GE,hit,0,23.68826,0,23.68826,0,0
26265,used GE,hit,0,9.972541,0,9.972541,0,0
26265,used GE,hit,0,9.247893,0,9.247893,0,0
9726,26,miss,296.482423,28.754253,223.911572,0,549.148248,0
9726,26,soft-hit,292.448819,12.75279,228.931394,534.133003,0,0
9726,26,soft-hit,285.925776,26.831507,217.899969,530.657252,0,0
9726,26,soft-hit,288.707225,13.015329,217.169989,518.8925429999999,0,0
9726,26,soft-hit,289.311609,22.05464,216.972152,528.338401,0,0
9726,26,soft-hit,284.413018,12.534094,217.030854,513.977966,0,0
9726,26,soft-hit,291.072927,12.675286,218.486057,522.2342699999999,0,0
9726,26,soft-hit,289.934988,26.721917,217.591541,534.248446,0,0
9726,26,soft-hit,291.525801,35.901681,220.201451,547.628933,0,0
9726,26,soft-hit,290.973988,12.506291,220.029779,523.5100580000001,0,0
9726,26,soft-hit,288.25997,12.349665,217.578613,518.1882479999999,0,0
9726,26,soft-hit,289.243631,12.864765,217.196128,519.304524,0,0
9726,26,soft-hit,294.92871,12.474668,226.249022,533.6524000000001,0,0
9726,26,soft-hit,293.389631,24.056529,221.694283,539.140443,0,0
9726,26,soft-hit,289.863722,13.389008,217.601071,520.853801,0,0
9726,26,soft-hit,300.383081,12.167778,231.600313,544.151172,0,0
9726,26,soft-hit,288.996348,31.214159,217.127764,537.3382710000001,0,0
9726,26,soft-hit,289.619428,29.429335,217.034049,536.0828120000001,0,0
9726,26,soft-hit,289.317371,23.569332,217.145259,530.031962,0,0
9726,26,soft-hit,288.788403,12.392333,217.539282,518.720018,0,0
9726,26,soft-hit,289.654643,12.372411,217.396268,519.423322,0,0
9726,26,soft-hit,300.330126,27.8307,232.130276,560.291102,0,0
9726,26,soft-hit,288.931675,13.052085,217.868398,519.852158,0,0
9726,26,soft-hit,293.960945,23.802163,218.420224,536.183332,0,0
9726,26,soft-hit,290.244461,13.352949,218.516626,522.1140359999999,0,0
9726,26,soft-hit,291.52863,12.648233,218.518206,522.695069,0,0
9726,26,soft-hit,293.003955,13.651664,220.725448,527.381067,0,0
9726,26,soft-hit,300.645478,13.220915,228.608963,542.475356,0,0
9726,26,soft-hit,293.983056,19.700238,223.110388,536.793682,0,0
9726,26,soft-hit,290.578959,13.131287,218.998004,522.70825,0,0
9726,26,soft-hit,291.854322,12.373876,219.069526,523.297724,0,0
9726,26,soft-hit,291.257144,21.614808,219.058152,531.930104,0,0
9726,26,soft-hit,297.084696,12.61088,225.738236,535.433812,0,0
9726,26,soft-hit,293.059674,12.620953,222.042418,527.723045,0,0
9726,26,soft-hit,297.253731,14.600767,219.469155,531.323653,0,0
9726,26,soft-hit,291.356532,17.286633,219.270727,527.913892,0,0
9726,26,soft-hit,292.62934,23.991529,222.158156,538.779025,0,0
9726,26,soft-hit,305.895809,12.555521,233.817933,552.269263,0,0
9726,26,soft-hit,291.896996,14.878915,220.190568,526.966479,0,0
9726,26,soft-hit,293.510184,12.726111,222.064727,528.301022,0,0
9726,26,soft-hit,292.591386,12.814507,221.27789,526.683783,0,0
9726,26,soft-hit,291.39973,13.406962,220.091968,524.89866,0,0
9726,26,soft-hit,291.359958,12.506702,219.558599,523.425259,0,0
9726,26,soft-hit,290.478403,17.029522,219.387789,526.895714,0,0
9726,26,soft-hit,300.129672,11.917787,221.801418,533.848877,0,0
9726,26,soft-hit,286.436918,12.860855,219.003348,518.301121,0,0
9726,26,soft-hit,301.6061,12.36598,232.286139,546.258219,0,0
9726,26,soft-hit,290.694146,14.343701,219.090645,524.128492,0,0
9726,26,soft-hit,290.257822,12.263268,218.819332,521.340422,0,0
9726,26,soft-hit,289.804026,18.567297,218.795235,527.166558,0,0
9726,26,soft-hit,291.105051,12.435308,219.557302,523.097661,0,0
9726,26,soft-hit,289.998192,14.636088,219.187339,523.821619,0,0
9726,26,soft-hit,293.293594,19.752549,220.576857,533.6229999999999,0,0
30350,21,miss,244.569165,30.570563,185.156913,0,460.296641,0
30350,21,soft-hit,244.973752,19.302063,185.132776,449.408591,0,0
30350,21,soft-hit,257.921754,10.670335,190.465773,459.057862,0,0
30350,21,soft-hit,242.066003,10.395191,182.179082,434.640276,0,0
30350,21,soft-hit,243.322815,19.49961,182.550528,445.372953,0,0
30350,21,soft-hit,241.913199,23.074034,182.791735,447.77896799999996,0,0
30350,21,soft-hit,243.879762,24.405968,182.870981,451.156711,0,0
30350,21,soft-hit,244.930811,25.283946,184.314421,454.529178,0,0
30350,21,soft-hit,248.052447,10.340998,186.957028,445.350473,0,0
30350,21,soft-hit,246.744212,22.911743,186.121275,455.77723000000003,0,0
30350,21,soft-hit,244.863496,33.322413,184.606294,462.792203,0,0
30350,21,soft-hit,240.282828,10.46028,183.122288,433.86539600000003,0,0
30350,21,soft-hit,243.922838,10.517987,183.187614,437.628439,0,0
30350,21,soft-hit,231.054915,8.359359,193.411164,432.825438,0,0
30350,21,soft-hit,213.991515,7.745057,183.360475,405.097047,0,0
30350,21,soft-hit,216.056497,16.030158,186.082129,418.168784,0,0
30350,21,soft-hit,216.941438,8.135802,185.454475,410.531715,0,0
30350,21,soft-hit,245.139794,20.253648,184.02262,449.416062,0,0
30350,21,soft-hit,240.570816,10.099003,184.721494,435.391313,0,0
30350,21,soft-hit,244.464747,14.43044,183.886848,442.78203499999995,0,0
30350,21,soft-hit,285.019228,10.734265,227.907141,523.660634,0,0
30350,21,soft-hit,243.166277,10.4519,183.017171,436.635348,0,0
30350,21,soft-hit,241.875012,12.332246,183.218381,437.425639,0,0
30350,21,soft-hit,243.599206,12.612762,183.679013,439.890981,0,0
30350,21,soft-hit,243.638001,18.554978,183.387989,445.580968,0,0
30350,21,soft-hit,247.636448,14.494466,187.306819,449.437733,0,0
30350,21,soft-hit,257.461676,10.185392,196.660427,464.307495,0,0
30350,21,soft-hit,250.610875,10.290934,183.550053,444.451862,0,0
30350,21,soft-hit,242.504956,18.842439,183.174176,444.521571,0,0
30350,21,soft-hit,247.398124,16.296177,186.656909,450.35121000000004,0,0
30350,21,soft-hit,245.81203,22.399683,183.938834,452.150547,0,0
30350,21,soft-hit,247.667013,12.422858,186.753305,446.84317599999997,0,0
30350,21,soft-hit,246.473875,38.750487,185.212427,470.436789,0,0
30350,21,soft-hit,245.971435,10.390644,185.525608,441.887687,0,0
30350,21,soft-hit,240.487099,13.109137,183.853284,437.44952,0,0
30350,21,soft-hit,244.48225,10.653601,183.99741,439.133261,0,0
30350,21,soft-hit,247.314493,10.516575,186.491365,444.322433,0,0
30350,21,soft-hit,244.856506,25.181282,183.952607,453.99039500000003,0,0
30350,21,soft-hit,249.133988,20.973087,188.388796,458.49587099999997,0,0
30350,21,soft-hit,246.464776,19.368405,185.466226,451.299407,0,0
30350,21,soft-hit,219.281458,7.631714,188.633365,415.54653699999994,0,0
30350,21,soft-hit,262.845051,10.936813,204.160658,477.94252200000005,0,0
30350,21,soft-hit,246.35207,25.465479,185.89693,457.714479,0,0
30350,21,soft-hit,248.196619,10.722243,188.207169,447.126031,0,0
30350,21,soft-hit,249.256734,10.959299,191.513906,451.72993899999994,0,0
30350,21,soft-hit,244.861,17.596195,184.290121,446.74731599999996,0,0
30350,21,soft-hit,247.117526,32.330851,186.637411,466.085788,0,0
30350,21,soft-hit,254.115775,15.152079,193.02697,462.29482400000006,0,0
30350,21,soft-hit,247.09359,10.352666,186.636415,444.082671,0,0
30350,21,soft-hit,253.810771,9.743436,185.152574,448.706781,0,0
30350,21,soft-hit,245.12609,29.863761,184.776996,459.766847,0,0
30350,21,soft-hit,248.711034,29.101248,187.920162,465.732444,0,0
30350,21,soft-hit,254.156464,15.205665,185.0452,454.407329,0,0
12141,18,miss,218.338667,18.601012,165.53146,0,402.471139,0
12141,used GE,hit,0,9.020935,0,9.020935,0,0
12141,used GE,hit,0,25.222443,0,25.222443,0,0
12141,used GE,hit,0,8.980146,0,8.980146,0,0
12141,used GE,hit,0,14.347845,0,14.347845,0,0
12141,used GE,hit,0,10.162324,0,10.162324,0,0
12141,used GE,hit,0,18.761933,0,18.761933,0,0
12141,used GE,hit,0,9.430447,0,9.430447,0,0
12141,used GE,hit,0,22.928626,0,22.928626,0,0
12141,used GE,hit,0,8.9421,0,8.9421,0,0
12141,used GE,hit,0,9.891262,0,9.891262,0,0
12141,used GE,hit,0,9.297856,0,9.297856,0,0
12141,used GE,hit,0,9.70258,0,9.70258,0,0
12141,used GE,hit,0,30.939249,0,30.939249,0,0
12141,used GE,hit,0,57.917558,0,57.917558,0,0
12141,19,soft-hit,225.948851,23.239396,170.756521,419.94476799999995,0,0
12141,used GE,hit,0,26.351755,0,26.351755,0,0
12141,used GE,hit,0,9.168058,0,9.168058,0,0
12141,used GE,hit,0,8.792484,0,8.792484,0,0
12141,used GE,hit,0,8.779673,0,8.779673,0,0
12141,used GE,hit,0,28.808671,0,28.808671,0,0
12141,used GE,hit,0,28.697422,0,28.697422,0,0
12141,used GE,hit,0,9.719037,0,9.719037,0,0
12141,used GE,hit,0,13.132497,0,13.132497,0,0
12141,used GE,hit,0,8.857199,0,8.857199,0,0
12141,used GE,hit,0,20.181395,0,20.181395,0,0
12141,used GE,hit,0,10.17565,0,10.17565,0,0
12141,used GE,hit,0,9.006219,0,9.006219,0,0
12141,used GE,hit,0,21.983317,0,21.983317,0,0
12141,used GE,hit,0,10.855369,0,10.855369,0,0
12141,used GE,hit,0,15.718956,0,15.718956,0,0
12141,used GE,hit,0,9.309155,0,9.309155,0,0
12141,used GE,hit,0,20.843227,0,20.843227,0,0
12141,used GE,hit,0,9.276819,0,9.276819,0,0
12141,used GE,hit,0,8.840347,0,8.840347,0,0
12141,used GE,hit,0,9.386714,0,9.386714,0,0
12141,used GE,hit,0,9.101237,0,9.101237,0,0
12141,used GE,hit,0,16.992454,0,16.992454,0,0
12141,used GE,hit,0,22.442861,0,22.442861,0,0
12141,used GE,hit,0,29.952394,0,29.952394,0,0
12141,used GE,hit,0,8.031967,0,8.031967,0,0
12141,used GE,hit,0,19.812954,0,19.812954,0,0
12141,used GE,hit,0,17.265857,0,17.265857,0,0
12141,used GE,hit,0,28.106042,0,28.106042,0,0
12141,used GE,hit,0,22.778638,0,22.778638,0,0
12141,used GE,hit,0,15.41169,0,15.41169,0,0
12141,used GE,hit,0,12.532398,0,12.532398,0,0
12141,used GE,hit,0,23.329753,0,23.329753,0,0
12141,used GE,hit,0,23.554133,0,23.554133,0,0
12141,used GE,hit,0,18.080785,0,18.080785,0,0
12141,used GE,hit,0,8.217401,0,8.217401,0,0
12141,used GE,hit,0,18.02276,0,18.02276,0,0
30736,30,miss,335.222601,28.499942,256.140098,0,619.8626409999999,0
30736,used GE,hit,0,30.558179,0,30.558179,0,0
30736,used GE,hit,0,58.496676,0,58.496676,0,0
30736,used GE,hit,0,12.971243,0,12.971243,0,0
30736,used GE,hit,0,29.995792,0,29.995792,0,0
30736,used GE,hit,0,12.249548,0,12.249548,0,0
30736,used GE,hit,0,29.776096,0,29.776096,0,0
30736,used GE,hit,0,12.605767,0,12.605767,0,0
30736,used GE,hit,0,12.209774,0,12.209774,0,0
30736,used GE,hit,0,13.697221,0,13.697221,0,0
30736,used GE,hit,0,10.947552,0,10.947552,0,0
30736,used GE,hit,0,11.35533,0,11.35533,0,0
30736,used GE,hit,0,11.256576,0,11.256576,0,0
30736,used GE,hit,0,11.143632,0,11.143632,0,0
30736,used GE,hit,0,10.91973,0,10.91973,0,0
30736,used GE,hit,0,49.760417,0,49.760417,0,0
30736,used GE,hit,0,31.622936,0,31.622936,0,0
30736,used GE,hit,0,22.593903,0,22.593903,0,0
30736,31,soft-hit,346.394873,33.868785,264.939385,645.203043,0,0
30736,used GE,hit,0,12.581216,0,12.581216,0,0
30736,used GE,hit,0,12.18092,0,12.18092,0,0
30736,used GE,hit,0,11.271275,0,11.271275,0,0
30736,used GE,hit,0,11.263377,0,11.263377,0,0
30736,used GE,hit,0,12.847839,0,12.847839,0,0
30736,used GE,hit,0,11.613405,0,11.613405,0,0
30736,used GE,hit,0,21.696066,0,21.696066,0,0
30736,used GE,hit,0,34.198508,0,34.198508,0,0
30736,used GE,hit,0,17.186484,0,17.186484,0,0
30736,used GE,hit,0,41.483398,0,41.483398,0,0
30736,used GE,hit,0,12.528993,0,12.528993,0,0
30736,used GE,hit,0,11.610821,0,11.610821,0,0
30736,used GE,hit,0,27.811651,0,27.811651,0,0
30736,used GE,hit,0,17.253392,0,17.253392,0,0
30736,used GE,hit,0,12.646564,0,12.646564,0,0
30736,used GE,hit,0,11.658881,0,11.658881,0,0
30736,used GE,hit,0,11.328813,0,11.328813,0,0
30736,used GE,hit,0,41.339637,0,41.339637,0,0
30736,used GE,hit,0,12.782991,0,12.782991,0,0
30736,used GE,hit,0,12.181458,0,12.181458,0,0
30736,used GE,hit,0,11.60611,0,11.60611,0,0
30736,used GE,hit,0,14.223294,0,14.223294,0,0
30736,used GE,hit,0,10.934008,0,10.934008,0,0
30736,used GE,hit,0,10.918762,0,10.918762,0,0
30736,used GE,hit,0,11.865676,0,11.865676,0,0
30736,used GE,hit,0,22.674859,0,22.674859,0,0
30736,used GE,hit,0,64.694469,0,64.694469,0,0
30736,used GE,hit,0,13.345298,0,13.345298,0,0
30736,used GE,hit,0,12.372961,0,12.372961,0,0
30736,used GE,hit,0,25.813995,0,25.813995,0,0
30736,used GE,hit,0,24.870391,0,24.870391,0,0
30736,used GE,hit,0,12.666019,0,12.666019,0,0
30736,used GE,hit,0,12.205694,0,12.205694,0,0
13073,22,miss,261.63535,11.221262,197.443545,0,470.300157,0
13073,23,soft-hit,272.516244,20.216453,207.6034,500.336097,0,0
13073,used GE,hit,0,22.904445,0,22.904445,0,0
13073,used GE,hit,0,15.809031,0,15.809031,0,0
13073,used GE,hit,0,9.828924,0,9.828924,0,0
13073,used GE,hit,0,9.847422,0,9.847422,0,0
13073,used GE,hit,0,10.633469,0,10.633469,0,0
13073,used GE,hit,0,9.912024,0,9.912024,0,0
13073,used GE,hit,0,9.928176,0,9.928176,0,0
13073,used GE,hit,0,18.688183,0,18.688183,0,0
13073,used GE,hit,0,9.796399,0,9.796399,0,0
13073,used GE,hit,0,19.614672,0,19.614672,0,0
13073,used GE,hit,0,11.238523,0,11.238523,0,0
13073,used GE,hit,0,10.999376,0,10.999376,0,0
13073,used GE,hit,0,19.512998,0,19.512998,0,0
13073,used GE,hit,0,21.555456,0,21.555456,0,0
13073,used GE,hit,0,12.925499,0,12.925499,0,0
13073,used GE,hit,0,10.95586,0,10.95586,0,0
13073,used GE,hit,0,16.953393,0,16.953393,0,0
13073,used GE,hit,0,20.865982,0,20.865982,0,0
13073,used GE,hit,0,18.220619,0,18.220619,0,0
13073,used GE,hit,0,28.514668,0,28.514668,0,0
13073,used GE,hit,0,11.20125,0,11.20125,0,0
13073,used GE,hit,0,10.986111,0,10.986111,0,0
13073,used GE,hit,0,11.19017,0,11.19017,0,0
13073,used GE,hit,0,10.421603,0,10.421603,0,0
13073,used GE,hit,0,11.791922,0,11.791922,0,0
13073,used GE,hit,0,10.502741,0,10.502741,0,0
13073,used GE,hit,0,10.557419,0,10.557419,0,0
13073,used GE,hit,0,14.597515,0,14.597515,0,0
13073,used GE,hit,0,10.405213,0,10.405213,0,0
13073,used GE,hit,0,26.614555,0,26.614555,0,0
13073,used GE,hit,0,15.247596,0,15.247596,0,0
13073,used GE,hit,0,26.074747,0,26.074747,0,0
13073,used GE,hit,0,25.314891,0,25.314891,0,0
13073,used GE,hit,0,37.837803,0,37.837803,0,0
13073,used GE,hit,0,18.198121,0,18.198121,0,0
13073,used GE,hit,0,16.07327,0,16.07327,0,0
13073,used GE,hit,0,7.859914,0,7.859914,0,0
13073,used GE,hit,0,29.641556,0,29.641556,0,0
13073,used GE,hit,0,7.307191,0,7.307191,0,0
13073,used GE,hit,0,20.130292,0,20.130292,0,0
13073,used GE,hit,0,7.401541,0,7.401541,0,0
13073,used GE,hit,0,10.850068,0,10.850068,0,0
13073,used GE,hit,0,7.03446,0,7.03446,0,0
13073,used GE,hit,0,16.572828,0,16.572828,0,0
13073,used GE,hit,0,25.745365,0,25.745365,0,0
13073,used GE,hit,0,26.288477,0,26.288477,0,0
13073,used GE,hit,0,25.342113,0,25.342113,0,0
13073,used GE,hit,0,11.678287,0,11.678287,0,0
13073,used GE,hit,0,9.929661,0,9.929661,0,0
13073,used GE,hit,0,21.019496,0,21.019496,0,0
32779,24,miss,291.483684,11.653651,223.047055,0,526.18439,0
32779,used GE,hit,0,10.608997,0,10.608997,0,0
32779,used GE,hit,0,13.027119,0,13.027119,0,0
32779,used GE,hit,0,10.415778,0,10.415778,0,0
32779,used GE,hit,0,20.984759,0,20.984759,0,0
32779,used GE,hit,0,11.384266,0,11.384266,0,0
32779,used GE,hit,0,15.024652,0,15.024652,0,0
32779,used GE,hit,0,10.63356,0,10.63356,0,0
32779,used GE,hit,0,26.653581,0,26.653581,0,0
32779,used GE,hit,0,11.568466,0,11.568466,0,0
32779,used GE,hit,0,11.387842,0,11.387842,0,0
32779,used GE,hit,0,24.974044,0,24.974044,0,0
32779,used GE,hit,0,12.088823,0,12.088823,0,0
32779,used GE,hit,0,11.174464,0,11.174464,0,0
32779,used GE,hit,0,32.367348,0,32.367348,0,0
32779,used GE,hit,0,12.52353,0,12.52353,0,0
32779,used GE,hit,0,12.096356,0,12.096356,0,0
32779,used GE,hit,0,10.595787,0,10.595787,0,0
32779,used GE,hit,0,10.352847,0,10.352847,0,0
32779,used GE,hit,0,10.723865,0,10.723865,0,0
32779,used GE,hit,0,10.508096,0,10.508096,0,0
32779,used GE,hit,0,10.183585,0,10.183585,0,0
32779,used GE,hit,0,10.243605,0,10.243605,0,0
32779,used GE,hit,0,10.4622,0,10.4622,0,0
32779,used GE,hit,0,11.254382,0,11.254382,0,0
32779,used GE,hit,0,10.917268,0,10.917268,0,0
32779,used GE,hit,0,24.464451,0,24.464451,0,0
32779,used GE,hit,0,11.051547,0,11.051547,0,0
32779,used GE,hit,0,10.86675,0,10.86675,0,0
32779,used GE,hit,0,11.54414,0,11.54414,0,0
32779,used GE,hit,0,17.831289,0,17.831289,0,0
32779,used GE,hit,0,26.747865,0,26.747865,0,0
32779,used GE,hit,0,15.500011,0,15.500011,0,0
32779,used GE,hit,0,11.113183,0,11.113183,0,0
32779,used GE,hit,0,11.490271,0,11.490271,0,0
32779,used GE,hit,0,24.641253,0,24.641253,0,0
32779,used GE,hit,0,21.046342,0,21.046342,0,0
32779,used GE,hit,0,15.534504,0,15.534504,0,0
32779,used GE,hit,0,10.647696,0,10.647696,0,0
32779,used GE,hit,0,24.711242,0,24.711242,0,0
32779,used GE,hit,0,11.847884,0,11.847884,0,0
32779,used GE,hit,0,21.015566,0,21.015566,0,0
32779,used GE,hit,0,11.067295,0,11.067295,0,0
32779,used GE,hit,0,16.91447,0,16.91447,0,0
32779,used GE,hit,0,12.700624,0,12.700624,0,0
32779,used GE,hit,0,17.461185,0,17.461185,0,0
32779,used GE,hit,0,20.798998,0,20.798998,0,0
32779,used GE,hit,0,10.259939,0,10.259939,0,0
32779,used GE,hit,0,8.324401,0,8.324401,0,0
32779,used GE,hit,0,8.72919,0,8.72919,0,0
32779,used GE,hit,0,10.513876,0,10.513876,0,0
32779,used GE,hit,0,8.038698,0,8.038698,0,0
580,21,miss,256.197189,18.062027,195.301744,0,469.56096,0
580,21,soft-hit,256.720777,20.858768,194.586628,472.16617299999996,0,0
580,21,soft-hit,256.268035,17.455854,194.681267,468.405156,0,0
580,21,soft-hit,257.507969,19.44477,195.685414,472.638153,0,0
580,21,soft-hit,269.440278,38.75749,208.155717,516.353485,0,0
580,21,soft-hit,251.379941,10.231042,194.719767,456.33074999999997,0,0
580,21,soft-hit,253.00975,27.694695,193.643641,474.34808599999997,0,0
580,21,soft-hit,257.051659,17.483501,195.783723,470.31888299999997,0,0
580,21,soft-hit,254.86326,22.107341,194.670876,471.641477,0,0
580,21,soft-hit,266.270885,13.142814,194.611866,474.02556500000003,0,0
580,21,soft-hit,255.009579,23.079295,193.865866,471.95474,0,0
580,21,soft-hit,260.477431,12.346177,199.376278,472.19988600000005,0,0
580,21,soft-hit,255.145234,11.638195,193.935715,460.719144,0,0
580,21,soft-hit,260.888927,11.043641,197.223025,469.15559300000007,0,0
580,21,soft-hit,267.049099,29.898828,204.101251,501.049178,0,0
580,21,soft-hit,252.119956,12.751,196.47196,461.342916,0,0
580,21,soft-hit,257.114973,30.033164,196.007157,483.155294,0,0
580,21,soft-hit,255.679475,17.106087,194.125536,466.91109800000004,0,0
580,21,soft-hit,256.297027,23.892614,195.089645,475.279286,0,0
580,21,soft-hit,254.838473,10.995463,194.489451,460.323387,0,0
580,21,soft-hit,255.491028,30.5279,194.311158,480.330086,0,0
580,21,soft-hit,227.026335,27.312673,195.229378,449.568386,0,0
580,21,soft-hit,256.94206,12.125428,194.931878,463.999366,0,0
580,21,soft-hit,255.903839,29.26995,195.054952,480.228741,0,0
580,21,soft-hit,258.545038,33.809339,196.167637,488.522014,0,0
580,21,soft-hit,257.036784,41.063276,195.08862,493.18868,0,0
580,21,soft-hit,256.034259,12.101799,194.654417,462.790475,0,0
580,21,soft-hit,257.087934,11.090468,195.39804,463.57644200000004,0,0
580,21,soft-hit,260.256198,12.336475,198.534353,471.127026,0,0
580,21,soft-hit,258.636904,25.384567,196.176555,480.198026,0,0
580,21,soft-hit,257.752045,12.344464,196.365512,466.462021,0,0
580,21,soft-hit,257.064309,12.18692,195.987352,465.23858099999995,0,0
580,21,soft-hit,264.748913,19.459888,195.246726,479.455527,0,0
580,21,soft-hit,257.022828,11.411459,194.844735,463.279022,0,0
580,21,soft-hit,256.696103,11.405815,195.279612,463.38153,0,0
580,21,soft-hit,255.83126,18.911101,197.164167,471.906528,0,0
580,21,soft-hit,256.468377,11.476156,195.702203,463.646736,0,0
580,21,soft-hit,258.669725,11.123575,196.495451,466.28875100000005,0,0
580,21,soft-hit,256.918327,27.016391,195.956014,479.89073199999996,0,0
580,21,soft-hit,257.483683,11.185908,196.285858,464.955449,0,0
580,21,soft-hit,261.69274,10.098556,202.186426,473.977722,0,0
580,21,soft-hit,256.818085,11.153057,196.923554,464.89469599999995,0,0
580,21,soft-hit,261.756682,11.182039,203.123253,476.061974,0,0
580,21,soft-hit,265.313061,18.042338,198.473486,481.828885,0,0
580,21,soft-hit,227.364446,9.912457,196.59549,433.872393,0,0
580,21,soft-hit,259.598294,26.681709,196.356086,482.636089,0,0
580,21,soft-hit,265.518696,12.467306,205.050892,483.03689399999996,0,0
580,21,soft-hit,257.70249,11.109748,196.254909,465.067147,0,0
580,21,soft-hit,257.594982,11.198279,196.518759,465.31202,0,0
580,21,soft-hit,260.782446,20.532929,197.85545,479.170825,0,0
580,21,soft-hit,258.005537,20.607309,196.772477,475.385323,0,0
13409,24,miss,287.484826,12.145751,220.046314,0,519.676891,0
13409,used GE,hit,0,25.228814,0,25.228814,0,0
13409,used GE,hit,0,32.024299,0,32.024299,0,0
13409,used GE,hit,0,21.935511,0,21.935511,0,0
13409,used GE,hit,0,13.353137,0,13.353137,0,0
13409,used GE,hit,0,12.228733,0,12.228733,0,0
13409,used GE,hit,0,11.77038,0,11.77038,0,0
13409,used GE,hit,0,35.367522,0,35.367522,0,0
13409,used GE,hit,0,29.599558,0,29.599558,0,0
13409,used GE,hit,0,21.300798,0,21.300798,0,0
13409,used GE,hit,0,22.897868,0,22.897868,0,0
13409,used GE,hit,0,11.677799,0,11.677799,0,0
13409,used GE,hit,0,11.561841,0,11.561841,0,0
13409,used GE,hit,0,11.785371,0,11.785371,0,0
13409,used GE,hit,0,22.441974,0,22.441974,0,0
13409,used GE,hit,0,20.291887,0,20.291887,0,0
13409,used GE,hit,0,14.29832,0,14.29832,0,0
13409,used GE,hit,0,11.554207,0,11.554207,0,0
13409,used GE,hit,0,11.134696,0,11.134696,0,0
13409,used GE,hit,0,29.972261,0,29.972261,0,0
13409,used GE,hit,0,12.036461,0,12.036461,0,0
13409,used GE,hit,0,11.879049,0,11.879049,0,0
13409,used GE,hit,0,11.597311,0,11.597311,0,0
13409,used GE,hit,0,11.156537,0,11.156537,0,0
13409,used GE,hit,0,11.096046,0,11.096046,0,0
13409,used GE,hit,0,11.170075,0,11.170075,0,0
13409,used GE,hit,0,11.963916,0,11.963916,0,0
13409,used GE,hit,0,11.508602,0,11.508602,0,0
13409,used GE,hit,0,11.674069,0,11.674069,0,0
13409,used GE,hit,0,12.350166,0,12.350166,0,0
13409,used GE,hit,0,28.815689,0,28.815689,0,0
13409,used GE,hit,0,12.554024,0,12.554024,0,0
13409,used GE,hit,0,11.601281,0,11.601281,0,0
13409,used GE,hit,0,18.23029,0,18.23029,0,0
13409,used GE,hit,0,12.036841,0,12.036841,0,0
13409,used GE,hit,0,30.255284,0,30.255284,0,0
13409,used GE,hit,0,26.359054,0,26.359054,0,0
13409,used GE,hit,0,11.675437,0,11.675437,0,0
13409,used GE,hit,0,24.623248,0,24.623248,0,0
13409,used GE,hit,0,12.409678,0,12.409678,0,0
13409,used GE,hit,0,27.897812,0,27.897812,0,0
13409,used GE,hit,0,16.337031,0,16.337031,0,0
13409,used GE,hit,0,12.487824,0,12.487824,0,0
13409,used GE,hit,0,15.899675,0,15.899675,0,0
13409,used GE,hit,0,18.350503,0,18.350503,0,0
13409,used GE,hit,0,14.173423,0,14.173423,0,0
13409,used GE,hit,0,14.862605,0,14.862605,0,0
13409,used GE,hit,0,11.511608,0,11.511608,0,0
13409,used GE,hit,0,11.264617,0,11.264617,0,0
13409,used GE,hit,0,28.261846,0,28.261846,0,0
13409,used GE,hit,0,12.534863,0,12.534863,0,0
32816,27,miss,334.430126,11.763577,248.32654,0,594.5202429999999,0
32816,used GE,hit,0,22.202917,0,22.202917,0,0
32816,used GE,hit,0,10.890194,0,10.890194,0,0
32816,used GE,hit,0,20.004402,0,20.004402,0,0
32816,used GE,hit,0,10.380326,0,10.380326,0,0
32816,used GE,hit,0,13.462378,0,13.462378,0,0
32816,used GE,hit,0,15.505872,0,15.505872,0,0
32816,used GE,hit,0,10.801022,0,10.801022,0,0
32816,used GE,hit,0,10.799536,0,10.799536,0,0
32816,used GE,hit,0,23.911937,0,23.911937,0,0
32816,used GE,hit,0,11.682127,0,11.682127,0,0
32816,used GE,hit,0,21.669889,0,21.669889,0,0
32816,used GE,hit,0,13.115873,0,13.115873,0,0
32816,used GE,hit,0,10.958916,0,10.958916,0,0
32816,used GE,hit,0,10.959251,0,10.959251,0,0
32816,used GE,hit,0,11.437528,0,11.437528,0,0
32816,used GE,hit,0,12.922996,0,12.922996,0,0
32816,used GE,hit,0,26.222096,0,26.222096,0,0
32816,used GE,hit,0,19.293303,0,19.293303,0,0
32816,used GE,hit,0,10.968294,0,10.968294,0,0
32816,used GE,hit,0,12.169273,0,12.169273,0,0
32816,used GE,hit,0,15.485164,0,15.485164,0,0
32816,used GE,hit,0,11.58396,0,11.58396,0,0
32816,used GE,hit,0,11.378475,0,11.378475,0,0
32816,used GE,hit,0,10.44574,0,10.44574,0,0
32816,used GE,hit,0,11.621142,0,11.621142,0,0
32816,used GE,hit,0,11.295689,0,11.295689,0,0
32816,used GE,hit,0,28.135235,0,28.135235,0,0
32816,used GE,hit,0,12.257095,0,12.257095,0,0
32816,used GE,hit,0,25.619264,0,25.619264,0,0
32816,used GE,hit,0,22.315267,0,22.315267,0,0
32816,used GE,hit,0,12.003873,0,12.003873,0,0
32816,used GE,hit,0,10.713625,0,10.713625,0,0
32816,used GE,hit,0,16.439341,0,16.439341,0,0
32816,used GE,hit,0,11.224066,0,11.224066,0,0
32816,used GE,hit,0,9.400545,0,9.400545,0,0
32816,used GE,hit,0,17.926037,0,17.926037,0,0
32816,used GE,hit,0,7.207785,0,7.207785,0,0
32816,used GE,hit,0,11.74628,0,11.74628,0,0
32816,used GE,hit,0,6.97298,0,6.97298,0,0
32816,used GE,hit,0,8.013842,0,8.013842,0,0
32816,used GE,hit,0,7.621669,0,7.621669,0,0
32816,used GE,hit,0,8.716143,0,8.716143,0,0
32816,used GE,hit,0,8.070092,0,8.070092,0,0
32816,used GE,hit,0,19.963204,0,19.963204,0,0
32816,used GE,hit,0,26.467533,0,26.467533,0,0
32816,used GE,hit,0,40.49097,0,40.49097,0,0
32816,used GE,hit,0,10.852431,0,10.852431,0,0
32816,used GE,hit,0,10.55443,0,10.55443,0,0
32816,used GE,hit,0,10.42792,0,10.42792,0,0
32816,used GE,hit,0,11.28391,0,11.28391,0,0
1040,20,miss,253.981821,10.740909,192.140282,0,456.863012,0
1040,used GE,hit,0,9.775217,0,9.775217,0,0
1040,used GE,hit,0,9.018588,0,9.018588,0,0
1040,used GE,hit,0,22.411032,0,22.411032,0,0
1040,used GE,hit,0,11.156242,0,11.156242,0,0
1040,used GE,hit,0,10.047555,0,10.047555,0,0
1040,used GE,hit,0,24.861125,0,24.861125,0,0
1040,used GE,hit,0,19.28834,0,19.28834,0,0
1040,used GE,hit,0,9.997459,0,9.997459,0,0
1040,used GE,hit,0,18.313793,0,18.313793,0,0
1040,used GE,hit,0,20.990377,0,20.990377,0,0
1040,used GE,hit,0,15.676577,0,15.676577,0,0
1040,used GE,hit,0,10.200872,0,10.200872,0,0
1040,used GE,hit,0,18.238191,0,18.238191,0,0
1040,used GE,hit,0,12.078481,0,12.078481,0,0
1040,used GE,hit,0,9.974931,0,9.974931,0,0
1040,used GE,hit,0,23.471559,0,23.471559,0,0
1040,used GE,hit,0,21.315735,0,21.315735,0,0
1040,used GE,hit,0,9.74492,0,9.74492,0,0
1040,used GE,hit,0,13.638824,0,13.638824,0,0
1040,used GE,hit,0,9.823156,0,9.823156,0,0
1040,used GE,hit,0,9.401554,0,9.401554,0,0
1040,used GE,hit,0,11.45206,0,11.45206,0,0
1040,used GE,hit,0,13.102075,0,13.102075,0,0
1040,used GE,hit,0,9.477785,0,9.477785,0,0
1040,used GE,hit,0,9.342335,0,9.342335,0,0
1040,used GE,hit,0,16.581275,0,16.581275,0,0
1040,used GE,hit,0,9.551288,0,9.551288,0,0
1040,used GE,hit,0,16.123707,0,16.123707,0,0
1040,used GE,hit,0,10.19989,0,10.19989,0,0
1040,used GE,hit,0,11.371769,0,11.371769,0,0
1040,used GE,hit,0,9.484896,0,9.484896,0,0
1040,used GE,hit,0,9.444537,0,9.444537,0,0
1040,used GE,hit,0,23.093929,0,23.093929,0,0
1040,used GE,hit,0,9.92046,0,9.92046,0,0
1040,used GE,hit,0,15.344511,0,15.344511,0,0
1040,used GE,hit,0,21.937954,0,21.937954,0,0
1040,used GE,hit,0,10.505972,0,10.505972,0,0
1040,used GE,hit,0,18.867627,0,18.867627,0,0
1040,used GE,hit,0,11.078137,0,11.078137,0,0
1040,used GE,hit,0,23.015919,0,23.015919,0,0
1040,used GE,hit,0,11.036595,0,11.036595,0,0
1040,used GE,hit,0,17.242633,0,17.242633,0,0
1040,used GE,hit,0,21.012305,0,21.012305,0,0
1040,used GE,hit,0,9.653663,0,9.653663,0,0
1040,used GE,hit,0,9.310097,0,9.310097,0,0
1040,used GE,hit,0,9.116302,0,9.116302,0,0
1040,used GE,hit,0,20.37538,0,20.37538,0,0
1040,used GE,hit,0,26.631621,0,26.631621,0,0
1040,used GE,hit,0,10.009688,0,10.009688,0,0
1040,used GE,hit,0,13.522104,0,13.522104,0,0
14246,31,miss,365.481795,27.746107,287.669559,0,680.897461,0
14246,31,soft-hit,372.038794,13.603813,289.704654,675.347261,0,0
14246,31,soft-hit,377.118254,13.573564,294.983344,685.675162,0,0
14246,31,soft-hit,367.494259,13.462934,285.034962,665.992155,0,0
14246,31,soft-hit,372.855032,63.816729,290.39957,727.071331,0,0
14246,31,soft-hit,392.567635,33.173117,309.738361,735.479113,0,0
14246,31,soft-hit,352.996092,35.561687,288.775723,677.333502,0,0
14246,31,soft-hit,387.505257,19.719394,304.630116,711.854767,0,0
14246,31,soft-hit,376.514397,57.595642,294.487112,728.5971509999999,0,0
14246,31,soft-hit,383.906253,39.772596,296.198409,719.877258,0,0
14246,31,soft-hit,373.211661,22.438293,290.771312,686.4212660000001,0,0
14246,31,soft-hit,373.949456,14.086584,291.895788,679.931828,0,0
14246,31,soft-hit,369.108306,13.999973,285.744549,668.852828,0,0
14246,31,soft-hit,371.37377,13.989001,287.674786,673.0375569999999,0,0
14246,31,soft-hit,382.569066,13.755154,290.847741,687.171961,0,0
14246,31,soft-hit,373.357778,13.720085,291.524629,678.602492,0,0
14246,31,soft-hit,371.559706,31.836073,288.017965,691.413744,0,0
14246,31,soft-hit,372.58945,16.481054,289.88687,678.9573740000001,0,0
14246,31,soft-hit,369.785685,13.729309,288.249512,671.764506,0,0
14246,31,soft-hit,369.589022,14.751113,287.28773,671.6278649999999,0,0
14246,31,soft-hit,369.662862,13.853206,287.614999,671.131067,0,0
14246,31,soft-hit,368.629524,32.473334,287.046797,688.149655,0,0
14246,31,soft-hit,370.657675,27.238518,287.494835,685.391028,0,0
14246,31,soft-hit,369.101672,14.40093,287.042084,670.544686,0,0
14246,31,soft-hit,370.393102,30.735597,286.825115,687.953814,0,0
14246,31,soft-hit,369.789377,13.657211,287.226098,670.672686,0,0
14246,31,soft-hit,368.904279,13.627861,286.76361,669.29575,0,0
14246,31,soft-hit,368.497518,13.783352,286.169622,668.4504919999999,0,0
14246,32,soft-hit,378.300782,13.599531,294.907275,686.8075880000001,0,0
14246,32,soft-hit,385.445856,13.587277,300.307224,699.340357,0,0
14246,32,soft-hit,338.888082,11.007756,294.381309,644.277147,0,0
14246,32,soft-hit,386.711961,59.848885,294.775462,741.3363079999999,0,0
14246,32,soft-hit,378.875906,27.05475,296.362325,702.292981,0,0
14246,32,soft-hit,379.39657,13.835709,296.101303,689.333582,0,0
14246,32,soft-hit,394.452396,37.517435,309.056898,741.0267289999999,0,0
14246,32,soft-hit,380.945878,14.222924,296.928545,692.0973469999999,0,0
14246,32,soft-hit,383.221627,21.577589,299.347601,704.146817,0,0
14246,32,soft-hit,374.665197,13.312298,295.312726,683.290221,0,0
14246,32,soft-hit,380.706265,13.669045,295.592159,689.9674689999999,0,0
14246,32,soft-hit,388.375959,28.404869,296.108493,712.8893210000001,0,0
14246,32,soft-hit,384.468854,14.631547,301.651517,700.751918,0,0
14246,32,soft-hit,386.544382,36.25469,302.415078,725.21415,0,0
14246,32,soft-hit,381.992664,18.605086,301.466201,702.063951,0,0
14246,32,soft-hit,381.731657,13.703281,297.560673,692.995611,0,0
14246,32,soft-hit,380.46769,35.726351,296.7,712.894041,0,0
14246,32,soft-hit,379.454205,34.806975,296.358857,710.620037,0,0
14246,32,soft-hit,385.978385,24.457479,302.20488,712.640744,0,0
14246,32,soft-hit,379.572501,33.510446,296.288829,709.371776,0,0
14246,32,soft-hit,380.953984,16.630524,297.421069,695.0055769999999,0,0
14246,32,soft-hit,379.365578,13.753492,296.017963,689.137033,0,0
33850,23,miss,285.860179,36.380195,221.028577,0,543.268951,0
33850,used GE,hit,0,10.72846,0,10.72846,0,0
33850,used GE,hit,0,8.950403,0,8.950403,0,0
33850,24,soft-hit,296.421303,10.259188,231.016825,537.697316,0,0
33850,used GE,hit,0,38.148561,0,38.148561,0,0
33850,used GE,hit,0,38.420077,0,38.420077,0,0
33850,used GE,hit,0,10.034862,0,10.034862,0,0
33850,used GE,hit,0,9.302815,0,9.302815,0,0
33850,used GE,hit,0,9.692055,0,9.692055,0,0
33850,used GE,hit,0,9.369144,0,9.369144,0,0
33850,used GE,hit,0,17.857682,0,17.857682,0,0
33850,used GE,hit,0,9.160458,0,9.160458,0,0
33850,used GE,hit,0,9.808704,0,9.808704,0,0
33850,used GE,hit,0,9.64359,0,9.64359,0,0
33850,used GE,hit,0,22.64539,0,22.64539,0,0
33850,used GE,hit,0,9.733182,0,9.733182,0,0
33850,used GE,hit,0,22.866318,0,22.866318,0,0
33850,used GE,hit,0,9.473255,0,9.473255,0,0
33850,used GE,hit,0,9.7637,0,9.7637,0,0
33850,used GE,hit,0,9.675127,0,9.675127,0,0
33850,used GE,hit,0,9.336275,0,9.336275,0,0
33850,used GE,hit,0,18.087796,0,18.087796,0,0
33850,used GE,hit,0,9.770227,0,9.770227,0,0
33850,used GE,hit,0,9.565148,0,9.565148,0,0
33850,used GE,hit,0,9.425482,0,9.425482,0,0
33850,used GE,hit,0,11.382407,0,11.382407,0,0
33850,used GE,hit,0,36.504987,0,36.504987,0,0
33850,used GE,hit,0,8.883508,0,8.883508,0,0
33850,used GE,hit,0,11.069655,0,11.069655,0,0
33850,used GE,hit,0,18.610541,0,18.610541,0,0
33850,used GE,hit,0,9.087968,0,9.087968,0,0
33850,used GE,hit,0,8.891044,0,8.891044,0,0
33850,used GE,hit,0,8.858477,0,8.858477,0,0
33850,used GE,hit,0,24.412183,0,24.412183,0,0
33850,used GE,hit,0,22.507648,0,22.507648,0,0
33850,used GE,hit,0,9.543184,0,9.543184,0,0
33850,used GE,hit,0,8.824395,0,8.824395,0,0
33850,used GE,hit,0,11.321469,0,11.321469,0,0
33850,used GE,hit,0,18.378817,0,18.378817,0,0
33850,used GE,hit,0,9.860726,0,9.860726,0,0
33850,used GE,hit,0,13.30279,0,13.30279,0,0
33850,used GE,hit,0,9.652675,0,9.652675,0,0
33850,used GE,hit,0,9.19349,0,9.19349,0,0
33850,used GE,hit,0,9.667622,0,9.667622,0,0
33850,used GE,hit,0,23.248868,0,23.248868,0,0
33850,used GE,hit,0,9.732492,0,9.732492,0,0
33850,used GE,hit,0,9.137114,0,9.137114,0,0
33850,used GE,hit,0,43.353503,0,43.353503,0,0
33850,used GE,hit,0,20.782251,0,20.782251,0,0
33850,used GE,hit,0,9.701124,0,9.701124,0,0
1267,26,miss,300.582441,10.631622,248.111642,0,559.325705,0
1267,26,soft-hit,320.309536,26.119329,248.521399,594.9502640000001,0,0
1267,26,soft-hit,319.303381,30.01394,248.789306,598.106627,0,0
1267,26,soft-hit,320.072278,19.295052,248.833889,588.201219,0,0
1267,26,soft-hit,328.607789,11.808185,248.745589,589.161563,0,0
1267,26,soft-hit,313.982482,12.482918,249.345681,575.8110810000001,0,0
1267,26,soft-hit,321.619232,11.975495,248.900478,582.4952049999999,0,0
1267,26,soft-hit,320.60956,11.985716,248.850032,581.4453080000001,0,0
1267,26,soft-hit,321.178632,12.304715,249.277881,582.7612280000001,0,0
1267,26,soft-hit,320.289829,12.117763,249.793891,582.201483,0,0
1267,26,soft-hit,320.460617,12.078394,250.051706,582.590717,0,0
1267,26,soft-hit,320.066279,12.075507,248.03616,580.177946,0,0
1267,26,soft-hit,320.164697,11.991484,248.85838,581.014561,0,0
1267,26,soft-hit,332.073664,12.207727,249.700243,593.981634,0,0
1267,26,soft-hit,318.383043,11.948968,248.077473,578.409484,0,0
1267,26,soft-hit,319.980342,11.849103,248.170581,580.0000259999999,0,0
1267,26,soft-hit,320.754665,11.9085,249.057653,581.720818,0,0
1267,26,soft-hit,319.593023,11.920267,248.485878,579.999168,0,0
1267,26,soft-hit,320.453541,27.089926,249.060545,596.604012,0,0
1267,26,soft-hit,324.221993,12.601349,252.948567,589.771909,0,0
1267,26,soft-hit,322.307248,34.598164,251.965291,608.870703,0,0
1267,26,soft-hit,322.229016,14.509775,251.570123,588.308914,0,0
1267,26,soft-hit,321.261291,12.222981,250.288324,583.772596,0,0
1267,26,soft-hit,331.393342,11.865695,251.07917,594.338207,0,0
1267,26,soft-hit,318.800841,12.664968,251.152402,582.618211,0,0
1267,26,soft-hit,323.769759,23.055064,250.50007,597.324893,0,0
1267,26,soft-hit,324.231235,12.219041,250.70824,587.158516,0,0
1267,26,soft-hit,322.799094,12.75757,251.065644,586.622308,0,0
1267,26,soft-hit,322.830786,13.310699,250.546196,586.687681,0,0
1267,26,soft-hit,333.611474,13.568163,261.152703,608.3323399999999,0,0
1267,26,soft-hit,324.648702,11.998253,250.960565,587.60752,0,0
1267,26,soft-hit,321.879565,24.137552,250.68522,596.7023369999999,0,0
1267,26,soft-hit,321.854188,11.486285,250.648748,583.989221,0,0
1267,26,soft-hit,330.736266,32.30391,252.271681,615.311857,0,0
1267,26,soft-hit,321.937625,26.33277,251.314373,599.5847679999999,0,0
1267,26,soft-hit,320.921531,21.477624,250.529199,592.928354,0,0
1267,26,soft-hit,321.524929,28.992705,251.036389,601.5540229999999,0,0
1267,26,soft-hit,321.958312,18.831002,250.347675,591.136989,0,0
1267,26,soft-hit,321.080831,23.358834,250.50323,594.942895,0,0
1267,26,soft-hit,323.222318,12.493925,251.311504,587.027747,0,0
1267,26,soft-hit,321.416178,12.481892,250.591941,584.490011,0,0
1267,26,soft-hit,321.526179,16.73904,250.633684,588.898903,0,0
1267,26,soft-hit,322.20869,20.242602,251.580127,594.0314189999999,0,0
1267,26,soft-hit,334.152748,30.344765,251.274527,615.7720400000001,0,0
1267,26,soft-hit,324.58988,18.089072,251.862576,594.541528,0,0
1267,26,soft-hit,324.355785,11.900738,251.603427,587.85995,0,0
1267,26,soft-hit,323.313285,30.844635,251.373169,605.5310890000001,0,0
1267,26,soft-hit,322.100464,41.431494,251.654775,615.186733,0,0
1267,26,soft-hit,325.368828,11.867731,253.034898,590.271457,0,0
1267,26,soft-hit,322.060272,12.258869,251.614594,585.9337350000001,0,0
15011,28,miss,344.885743,31.965771,269.813164,0,646.664678,0
15011,used GE,hit,0,11.795175,0,11.795175,0,0
15011,used GE,hit,0,10.973847,0,10.973847,0,0
15011,used GE,hit,0,13.604977,0,13.604977,0,0
15011,used GE,hit,0,24.28151,0,24.28151,0,0
15011,used GE,hit,0,14.797178,0,14.797178,0,0
15011,used GE,hit,0,34.851647,0,34.851647,0,0
15011,used GE,hit,0,24.129914,0,24.129914,0,0
15011,used GE,hit,0,12.669445,0,12.669445,0,0
15011,used GE,hit,0,26.691896,0,26.691896,0,0
15011,used GE,hit,0,21.875184,0,21.875184,0,0
15011,used GE,hit,0,10.848807,0,10.848807,0,0
15011,used GE,hit,0,10.458317,0,10.458317,0,0
15011,used GE,hit,0,21.036144,0,21.036144,0,0
15011,used GE,hit,0,37.864304,0,37.864304,0,0
15011,used GE,hit,0,11.692293,0,11.692293,0,0
15011,used GE,hit,0,11.576116,0,11.576116,0,0
15011,used GE,hit,0,10.959809,0,10.959809,0,0
15011,used GE,hit,0,11.28362,0,11.28362,0,0
15011,used GE,hit,0,22.058598,0,22.058598,0,0
15011,used GE,hit,0,10.969501,0,10.969501,0,0
15011,used GE,hit,0,15.63593,0,15.63593,0,0
15011,used GE,hit,0,15.83187,0,15.83187,0,0
15011,used GE,hit,0,39.387339,0,39.387339,0,0
15011,used GE,hit,0,12.25671,0,12.25671,0,0
15011,used GE,hit,0,11.478737,0,11.478737,0,0
15011,used GE,hit,0,10.906739,0,10.906739,0,0
15011,used GE,hit,0,56.653238,0,56.653238,0,0
15011,used GE,hit,0,12.246887,0,12.246887,0,0
15011,used GE,hit,0,12.133762,0,12.133762,0,0
15011,used GE,hit,0,11.228946,0,11.228946,0,0
15011,used GE,hit,0,10.86483,0,10.86483,0,0
15011,used GE,hit,0,28.258126,0,28.258126,0,0
15011,used GE,hit,0,11.772299,0,11.772299,0,0
15011,used GE,hit,0,11.769873,0,11.769873,0,0
15011,used GE,hit,0,11.132221,0,11.132221,0,0
15011,used GE,hit,0,11.30778,0,11.30778,0,0
15011,used GE,hit,0,29.671653,0,29.671653,0,0
15011,used GE,hit,0,11.873265,0,11.873265,0,0
15011,used GE,hit,0,11.322647,0,11.322647,0,0
15011,used GE,hit,0,28.864347,0,28.864347,0,0
15011,used GE,hit,0,11.35229,0,11.35229,0,0
15011,used GE,hit,0,10.699555,0,10.699555,0,0
15011,used GE,hit,0,37.774125,0,37.774125,0,0
15011,used GE,hit,0,26.17717,0,26.17717,0,0
15011,used GE,hit,0,16.938016,0,16.938016,0,0
15011,used GE,hit,0,11.90662,0,11.90662,0,0
15011,used GE,hit,0,10.667492,0,10.667492,0,0
15011,used GE,hit,0,10.963608,0,10.963608,0,0
15011,used GE,hit,0,10.615697,0,10.615697,0,0
34280,30,miss,382.473692,11.650322,290.714142,0,684.838156,0
34280,30,soft-hit,375.726544,13.19685,295.840361,684.763755,0,0
34280,30,soft-hit,379.952244,45.927624,299.862165,725.742033,0,0
34280,30,soft-hit,372.10872,52.606488,292.188398,716.9036060000001,0,0
34280,30,soft-hit,368.632653,12.532863,289.131158,670.296674,0,0
34280,30,soft-hit,376.374578,12.643816,296.72502,685.743414,0,0
34280,30,soft-hit,370.127684,12.535689,291.070001,673.7333739999999,0,0
34280,30,soft-hit,368.066966,23.951262,288.748719,680.766947,0,0
34280,30,soft-hit,383.342215,23.73824,304.549245,711.6297,0,0
34280,30,soft-hit,379.554794,18.917505,292.177939,690.650238,0,0
34280,30,soft-hit,369.51282,22.749187,289.689762,681.951769,0,0
34280,30,soft-hit,364.050965,12.58607,289.376421,666.013456,0,0
34280,30,soft-hit,370.133256,13.754863,289.831567,673.719686,0,0
34280,30,soft-hit,370.952984,27.352077,290.904402,689.209463,0,0
34280,30,soft-hit,366.953663,15.881743,289.779055,672.614461,0,0
34280,30,soft-hit,368.404146,29.953385,289.01175,687.369281,0,0
34280,30,soft-hit,368.797816,12.758173,289.833605,671.389594,0,0
34280,30,soft-hit,373.789808,22.556739,294.682657,691.0292039999999,0,0
34280,30,soft-hit,373.00517,13.354616,294.939235,681.299021,0,0
34280,30,soft-hit,371.081519,13.729125,291.033113,675.8437570000001,0,0
34280,30,soft-hit,369.964202,29.442491,290.667993,690.074686,0,0
34280,30,soft-hit,371.567933,13.123749,292.797688,677.48937,0,0
34280,30,soft-hit,371.091935,32.954473,291.474088,695.520496,0,0
34280,30,soft-hit,374.484869,37.491513,295.162094,707.1384760000001,0,0
34280,30,soft-hit,373.863153,32.918409,294.185587,700.9671490000001,0,0
34280,30,soft-hit,371.754424,22.189599,292.304087,686.24811,0,0
34280,30,soft-hit,380.154545,19.329535,292.17264,691.65672,0,0
34280,30,soft-hit,376.796597,26.772767,297.75233,701.321694,0,0
34280,30,soft-hit,372.413735,12.305373,292.343193,677.0623009999999,0,0
34280,30,soft-hit,371.363729,17.408882,291.469132,680.241743,0,0
34280,30,soft-hit,371.629934,12.453573,291.439841,675.5233479999999,0,0
34280,30,soft-hit,369.253098,14.00874,290.585358,673.8471959999999,0,0
34280,30,soft-hit,370.826903,12.336053,291.616143,674.7790990000001,0,0
34280,30,soft-hit,370.518672,23.328261,291.422881,685.269814,0,0
34280,30,soft-hit,378.952063,32.439389,290.707822,702.099274,0,0
34280,30,soft-hit,374.431829,20.377649,296.401055,691.2105329999999,0,0
34280,30,soft-hit,372.483155,12.708247,292.61359,677.804992,0,0
34280,30,soft-hit,373.173475,23.385869,293.367412,689.9267560000001,0,0
34280,30,soft-hit,372.800163,12.938944,292.453579,678.192686,0,0
34280,30,soft-hit,372.820541,25.961564,293.354078,692.1361830000001,0,0
34280,30,soft-hit,373.276075,23.41,295.36948,692.055555,0,0
34280,30,soft-hit,377.157577,12.743068,297.875177,687.7758220000001,0,0
34280,30,soft-hit,376.222903,12.635514,296.147408,685.005825,0,0
34280,30,soft-hit,372.232402,12.693902,293.555176,678.4814799999999,0,0
34280,30,soft-hit,371.730113,12.420005,293.051798,677.201916,0,0
34280,30,soft-hit,371.416143,12.713224,291.898991,676.028358,0,0
34280,30,soft-hit,372.413486,12.22124,292.041768,676.676494,0,0
34280,30,soft-hit,370.729325,12.462439,291.412074,674.603838,0,0
34280,30,soft-hit,371.553062,23.276127,292.454464,687.283653,0,0
34280,30,soft-hit,370.727675,12.163446,291.285046,674.1761670000001,0,0
1581,25,miss,317.998078,33.047204,247.429923,0,598.475205,0
1581,25,soft-hit,317.281244,13.810828,249.077452,580.169524,0,0
1581,25,soft-hit,316.841617,21.373709,247.928758,586.144084,0,0
1581,25,soft-hit,318.438084,11.453437,249.804727,579.696248,0,0
1581,25,soft-hit,320.638863,11.497273,249.963941,582.100077,0,0
1581,25,soft-hit,321.065859,11.837032,251.001158,583.904049,0,0
1581,25,soft-hit,319.930891,27.786849,249.894923,597.612663,0,0
1581,25,soft-hit,322.675584,20.26452,252.489941,595.4300450000001,0,0
1581,25,soft-hit,319.293614,24.953312,249.626609,593.873535,0,0
1581,25,soft-hit,324.880852,11.570491,255.8802,592.331543,0,0
1581,25,soft-hit,325.964616,29.114045,247.025471,602.1041319999999,0,0
1581,25,soft-hit,322.812073,28.929142,257.949027,609.690242,0,0
1581,25,soft-hit,330.849059,24.080337,261.742744,616.67214,0,0
1581,25,soft-hit,319.933655,20.854277,250.993844,591.781776,0,0
1581,25,soft-hit,317.890584,11.402624,249.445722,578.73893,0,0
1581,25,soft-hit,318.64266,33.373959,249.23624,601.252859,0,0
1581,25,soft-hit,317.881481,11.553265,248.713289,578.1480349999999,0,0
1581,25,soft-hit,318.990996,11.338164,249.877968,580.207128,0,0
1581,25,soft-hit,331.469005,11.479926,261.898855,604.847786,0,0
1581,25,soft-hit,321.256288,11.518844,251.72846,584.503592,0,0
1581,25,soft-hit,332.003229,17.760437,254.632499,604.396165,0,0
1581,25,soft-hit,323.482665,21.017162,254.51274,599.012567,0,0
1581,25,soft-hit,320.453729,29.03196,250.967455,600.4531440000001,0,0
1581,25,soft-hit,328.799617,11.98746,258.824907,599.611984,0,0
1581,25,soft-hit,318.592767,18.310174,249.333577,586.2365179999999,0,0
1581,25,soft-hit,318.09704,17.634622,248.918843,584.6505050000001,0,0
1581,25,soft-hit,328.155628,11.523715,258.659972,598.3393149999999,0,0
1581,25,soft-hit,317.817125,28.438498,249.182029,595.437652,0,0
1581,25,soft-hit,324.78556,12.165317,255.22097,592.171847,0,0
1581,25,soft-hit,328.89931,26.839371,257.769544,613.508225,0,0
1581,25,soft-hit,296.852183,10.701327,248.652318,556.2058280000001,0,0
1581,25,soft-hit,330.897842,13.990526,262.534562,607.42293,0,0
1581,25,soft-hit,341.074217,11.744444,271.703301,624.521962,0,0
1581,25,soft-hit,319.545103,18.512183,249.846696,587.903982,0,0
1581,25,soft-hit,319.482657,12.016251,250.400126,581.899034,0,0
1581,25,soft-hit,320.754757,11.696937,251.767392,584.2190860000001,0,0
1581,25,soft-hit,320.168045,11.880268,250.662279,582.710592,0,0
1581,25,soft-hit,319.697358,21.33248,250.862735,591.892573,0,0
1581,25,soft-hit,323.15691,11.68368,253.161002,588.001592,0,0
1581,25,soft-hit,328.263008,11.352029,250.252746,589.867783,0,0
1581,25,soft-hit,321.65969,22.003231,252.740969,596.40389,0,0
1581,25,soft-hit,318.67324,11.41333,249.844021,579.930591,0,0
1581,25,soft-hit,318.502287,11.441892,249.491843,579.4360220000001,0,0
1581,25,soft-hit,318.083763,23.286199,250.197934,591.567896,0,0
1581,25,soft-hit,318.211818,27.004667,250.178124,595.394609,0,0
1581,25,soft-hit,319.531972,11.394483,250.1408,581.0672549999999,0,0
1581,25,soft-hit,318.658965,16.052517,249.719091,584.4305730000001,0,0
1581,25,soft-hit,320.314766,13.601566,250.326555,584.2428870000001,0,0
1581,25,soft-hit,317.442665,21.109895,248.945903,587.4984629999999,0,0
16142,29,miss,362.761037,14.092732,287.713871,0,664.56764,0
16142,29,soft-hit,366.053164,13.631214,287.121926,666.806304,0,0
16142,29,soft-hit,363.885143,13.351427,285.484636,662.721206,0,0
16142,29,soft-hit,363.36557,13.371332,285.786229,662.5231309999999,0,0
16142,29,soft-hit,366.220747,25.85941,286.833997,678.914154,0,0
16142,29,soft-hit,371.202968,15.93251,292.620429,679.755907,0,0
16142,29,soft-hit,364.671876,32.355589,285.836723,682.864188,0,0
16142,29,soft-hit,363.150598,16.001305,285.782198,664.934101,0,0
16142,29,soft-hit,378.370026,13.665101,291.31666,683.3517870000001,0,0
16142,29,soft-hit,377.294366,18.180513,298.886015,694.360894,0,0
16142,29,soft-hit,364.269297,13.42386,289.036717,666.729874,0,0
16142,29,soft-hit,366.328987,13.623566,286.990416,666.942969,0,0
16142,29,soft-hit,366.79102,24.972011,286.114135,677.877166,0,0
16142,29,soft-hit,365.758836,13.482223,286.985506,666.2265649999999,0,0
16142,29,soft-hit,373.261502,14.493995,294.925574,682.681071,0,0
16142,29,soft-hit,374.412208,46.493799,295.376249,716.282256,0,0
16142,29,soft-hit,365.080814,30.007346,286.378689,681.4668489999999,0,0
16142,29,soft-hit,364.438764,17.02572,287.733263,669.1977469999999,0,0
16142,29,soft-hit,367.999327,31.828504,288.959853,688.787684,0,0
16142,29,soft-hit,364.728273,24.030822,286.227014,674.9861089999999,0,0
16142,29,soft-hit,365.07411,13.327951,287.497747,665.899808,0,0
16142,29,soft-hit,364.285855,27.35247,286.334382,677.972707,0,0
16142,29,soft-hit,366.221739,13.650837,287.248142,667.120718,0,0
16142,29,soft-hit,366.689161,13.429091,287.71921,667.837462,0,0
16142,29,soft-hit,365.030901,35.501999,287.132501,687.665401,0,0
16142,29,soft-hit,365.410777,15.721825,287.999668,669.1322700000001,0,0
16142,29,soft-hit,364.483771,27.688598,286.883155,679.055524,0,0
16142,29,soft-hit,364.848305,29.750843,287.448107,682.047255,0,0
16142,29,soft-hit,365.799032,21.222594,286.987478,674.009104,0,0
16142,29,soft-hit,365.245879,13.171317,287.361904,665.7791,0,0
16142,29,soft-hit,367.995296,13.225761,289.47849,670.6995469999999,0,0
16142,29,soft-hit,367.256752,13.54717,287.833273,668.637195,0,0
16142,29,soft-hit,365.320735,23.707976,290.320997,679.349708,0,0
16142,29,soft-hit,368.933552,45.721598,291.37823,706.0333800000001,0,0
16142,29,soft-hit,368.900159,33.261999,291.201746,693.363904,0,0
16142,29,soft-hit,368.729469,32.684692,290.596399,692.0105599999999,0,0
16142,29,soft-hit,366.508867,18.676816,288.376469,673.562152,0,0
16142,29,soft-hit,366.473425,13.494847,288.020386,667.988658,0,0
16142,29,soft-hit,369.48592,14.085232,291.078403,674.649555,0,0
16142,29,soft-hit,367.972516,29.715749,289.507916,687.196181,0,0
16142,29,soft-hit,366.339815,28.185822,288.023271,682.548908,0,0
16142,29,soft-hit,364.495684,34.170901,288.961161,687.627746,0,0
16142,29,soft-hit,368.109376,13.355493,287.770324,669.235193,0,0
16142,29,soft-hit,367.46515,14.302303,288.707647,670.4751,0,0
16142,30,soft-hit,377.639026,19.013029,298.654365,695.30642,0,0
16142,used GE,hit,0,24.203198,0,24.203198,0,0
16142,used GE,hit,0,13.750304,0,13.750304,0,0
16142,used GE,hit,0,15.843376,0,15.843376,0,0
16142,used GE,hit,0,12.990654,0,12.990654,0,0
34618,31,miss,388.79336,13.871545,307.491627,0,710.156532,0
34618,used GE,hit,0,12.70627,0,12.70627,0,0
34618,used GE,hit,0,12.297665,0,12.297665,0,0
34618,used GE,hit,0,23.577253,0,23.577253,0,0
34618,used GE,hit,0,35.063935,0,35.063935,0,0
34618,used GE,hit,0,14.08281,0,14.08281,0,0
34618,used GE,hit,0,30.567152,0,30.567152,0,0
34618,used GE,hit,0,14.265351,0,14.265351,0,0
34618,used GE,hit,0,15.968849,0,15.968849,0,0
34618,used GE,hit,0,12.947785,0,12.947785,0,0
34618,32,soft-hit,409.93858,13.289906,315.436076,738.6645619999999,0,0
34618,used GE,hit,0,12.836306,0,12.836306,0,0
34618,used GE,hit,0,36.372451,0,36.372451,0,0
34618,used GE,hit,0,23.612945,0,23.612945,0,0
34618,used GE,hit,0,18.32796,0,18.32796,0,0
34618,used GE,hit,0,13.765177,0,13.765177,0,0
34618,used GE,hit,0,23.662175,0,23.662175,0,0
34618,used GE,hit,0,21.752767,0,21.752767,0,0
34618,used GE,hit,0,13.642078,0,13.642078,0,0
34618,used GE,hit,0,33.131307,0,33.131307,0,0
34618,used GE,hit,0,14.465821,0,14.465821,0,0
34618,used GE,hit,0,13.703682,0,13.703682,0,0
34618,used GE,hit,0,13.165824,0,13.165824,0,0
34618,used GE,hit,0,13.197142,0,13.197142,0,0
34618,used GE,hit,0,13.128522,0,13.128522,0,0
34618,used GE,hit,0,28.964719,0,28.964719,0,0
34618,used GE,hit,0,17.373098,0,17.373098,0,0
34618,used GE,hit,0,14.253965,0,14.253965,0,0
34618,used GE,hit,0,18.450517,0,18.450517,0,0
34618,used GE,hit,0,12.891624,0,12.891624,0,0
34618,used GE,hit,0,13.318432,0,13.318432,0,0
34618,used GE,hit,0,15.518776,0,15.518776,0,0
34618,used GE,hit,0,30.362567,0,30.362567,0,0
34618,used GE,hit,0,36.125278,0,36.125278,0,0
34618,used GE,hit,0,13.894326,0,13.894326,0,0
34618,used GE,hit,0,14.794281,0,14.794281,0,0
34618,used GE,hit,0,36.987186,0,36.987186,0,0
34618,used GE,hit,0,14.482906,0,14.482906,0,0
34618,used GE,hit,0,13.656287,0,13.656287,0,0
34618,used GE,hit,0,25.172386,0,25.172386,0,0
34618,used GE,hit,0,35.727086,0,35.727086,0,0
34618,used GE,hit,0,17.415864,0,17.415864,0,0
34618,used GE,hit,0,14.582453,0,14.582453,0,0
34618,used GE,hit,0,13.712627,0,13.712627,0,0
34618,used GE,hit,0,21.661823,0,21.661823,0,0
34618,used GE,hit,0,14.623004,0,14.623004,0,0
34618,used GE,hit,0,14.206429,0,14.206429,0,0
34618,used GE,hit,0,39.057945,0,39.057945,0,0
34618,used GE,hit,0,14.288429,0,14.288429,0,0
1995,33,miss,420.733668,12.833531,336.536047,0,770.103246,0
1995,used GE,hit,0,11.891271,0,11.891271,0,0
1995,used GE,hit,0,11.324774,0,11.324774,0,0
1995,used GE,hit,0,32.843961,0,32.843961,0,0
1995,used GE,hit,0,11.938589,0,11.938589,0,0
1995,used GE,hit,0,11.38377,0,11.38377,0,0
1995,used GE,hit,0,11.886002,0,11.886002,0,0
1995,used GE,hit,0,26.042662,0,26.042662,0,0
1995,used GE,hit,0,12.138635,0,12.138635,0,0
1995,used GE,hit,0,11.348241,0,11.348241,0,0
1995,used GE,hit,0,11.279528,0,11.279528,0,0
1995,used GE,hit,0,42.03575,0,42.03575,0,0
1995,used GE,hit,0,13.652101,0,13.652101,0,0
1995,used GE,hit,0,30.002068,0,30.002068,0,0
1995,used GE,hit,0,23.669093,0,23.669093,0,0
1995,used GE,hit,0,12.536095,0,12.536095,0,0
1995,used GE,hit,0,13.107781,0,13.107781,0,0
1995,used GE,hit,0,12.218001,0,12.218001,0,0
1995,used GE,hit,0,11.795158,0,11.795158,0,0
1995,used GE,hit,0,38.549989,0,38.549989,0,0
1995,used GE,hit,0,13.081325,0,13.081325,0,0
1995,used GE,hit,0,32.692118,0,32.692118,0,0
1995,used GE,hit,0,17.301806,0,17.301806,0,0
1995,used GE,hit,0,11.901518,0,11.901518,0,0
1995,used GE,hit,0,11.693783,0,11.693783,0,0
1995,used GE,hit,0,30.144882,0,30.144882,0,0
1995,used GE,hit,0,12.955324,0,12.955324,0,0
1995,used GE,hit,0,12.543991,0,12.543991,0,0
1995,used GE,hit,0,11.714984,0,11.714984,0,0
1995,used GE,hit,0,14.235244,0,14.235244,0,0
1995,used GE,hit,0,33.063389,0,33.063389,0,0
1995,used GE,hit,0,12.208497,0,12.208497,0,0
1995,used GE,hit,0,12.055948,0,12.055948,0,0
1995,used GE,hit,0,29.775667,0,29.775667,0,0
1995,used GE,hit,0,12.552881,0,12.552881,0,0
1995,used GE,hit,0,11.831759,0,11.831759,0,0
1995,used GE,hit,0,30.538299,0,30.538299,0,0
1995,used GE,hit,0,35.284322,0,35.284322,0,0
1995,used GE,hit,0,42.073659,0,42.073659,0,0
1995,used GE,hit,0,12.683961,0,12.683961,0,0
1995,used GE,hit,0,43.582639,0,43.582639,0,0
1995,used GE,hit,0,14.654812,0,14.654812,0,0
1995,used GE,hit,0,30.058916,0,30.058916,0,0
1995,used GE,hit,0,28.983024,0,28.983024,0,0
1995,used GE,hit,0,13.093218,0,13.093218,0,0
1995,used GE,hit,0,27.60164,0,27.60164,0,0
1995,used GE,hit,0,29.830596,0,29.830596,0,0
1995,used GE,hit,0,12.659688,0,12.659688,0,0
1995,used GE,hit,0,12.037265,0,12.037265,0,0
16143,34,miss,428.623814,15.52482,340.29971,0,784.4483439999999,0
16143,used GE,hit,0,99.992725,0,99.992725,0,0
16143,used GE,hit,0,70.674494,0,70.674494,0,0
16143,used GE,hit,0,22.39794,0,22.39794,0,0
16143,used GE,hit,0,13.624444,0,13.624444,0,0
16143,used GE,hit,0,13.199378,0,13.199378,0,0
16143,used GE,hit,0,38.711814,0,38.711814,0,0
16143,used GE,hit,0,13.378651,0,13.378651,0,0
16143,used GE,hit,0,15.559178,0,15.559178,0,0
16143,used GE,hit,0,12.751585,0,12.751585,0,0
16143,used GE,hit,0,11.963169,0,11.963169,0,0
16143,used GE,hit,0,30.124054,0,30.124054,0,0
16143,35,soft-hit,451.492669,36.060437,353.116046,840.6691519999999,0,0
16143,used GE,hit,0,9.857528,0,9.857528,0,0
16143,used GE,hit,0,9.070513,0,9.070513,0,0
16143,used GE,hit,0,8.71733,0,8.71733,0,0
16143,used GE,hit,0,8.266956,0,8.266956,0,0
16143,used GE,hit,0,9.08956,0,9.08956,0,0
16143,used GE,hit,0,8.735147,0,8.735147,0,0
16143,used GE,hit,0,8.483017,0,8.483017,0,0
16143,used GE,hit,0,11.159409,0,11.159409,0,0
16143,used GE,hit,0,8.383775,0,8.383775,0,0
16143,used GE,hit,0,22.586376,0,22.586376,0,0
16143,used GE,hit,0,29.982006,0,29.982006,0,0
16143,used GE,hit,0,9.959867,0,9.959867,0,0
16143,used GE,hit,0,20.227512,0,20.227512,0,0
16143,used GE,hit,0,9.329766,0,9.329766,0,0
16143,used GE,hit,0,10.845214,0,10.845214,0,0
16143,used GE,hit,0,10.613371,0,10.613371,0,0
16143,used GE,hit,0,10.73219,0,10.73219,0,0
16143,used GE,hit,0,31.631456,0,31.631456,0,0
16143,used GE,hit,0,11.489242,0,11.489242,0,0
16143,used GE,hit,0,12.222524,0,12.222524,0,0
16143,used GE,hit,0,11.940619,0,11.940619,0,0
16143,used GE,hit,0,11.962191,0,11.962191,0,0
16143,used GE,hit,0,11.642837,0,11.642837,0,0
16143,used GE,hit,0,11.650138,0,11.650138,0,0
16143,used GE,hit,0,12.046822,0,12.046822,0,0
16143,used GE,hit,0,21.100347,0,21.100347,0,0
16143,used GE,hit,0,11.813865,0,11.813865,0,0
16143,used GE,hit,0,11.682147,0,11.682147,0,0
16143,used GE,hit,0,37.112714,0,37.112714,0,0
16143,used GE,hit,0,12.938445,0,12.938445,0,0
16143,used GE,hit,0,18.446402,0,18.446402,0,0
16143,used GE,hit,0,77.104991,0,77.104991,0,0
16143,used GE,hit,0,14.512399,0,14.512399,0,0
16143,used GE,hit,0,16.079782,0,16.079782,0,0
16143,used GE,hit,0,13.464098,0,13.464098,0,0
16143,used GE,hit,0,27.653226,0,27.653226,0,0
35756,29,miss,377.308478,23.607354,297.121885,0,698.0377169999999,0
35756,29,soft-hit,376.16746,23.12283,297.378422,696.668712,0,0
35756,29,soft-hit,375.680925,12.705199,296.522856,684.9089799999999,0,0
35756,29,soft-hit,376.362182,12.632779,297.507886,686.502847,0,0
35756,29,soft-hit,381.16772,12.995194,303.254961,697.417875,0,0
35756,29,soft-hit,380.834381,25.765624,302.942867,709.542872,0,0
35756,29,soft-hit,382.342621,36.947644,305.203361,724.493626,0,0
35756,29,soft-hit,375.203941,15.077005,297.227901,687.508847,0,0
35756,29,soft-hit,382.796203,12.858384,304.671833,700.32642,0,0
35756,29,soft-hit,378.736661,12.790254,299.734337,691.261252,0,0
35756,29,soft-hit,381.487512,12.755569,307.075984,701.3190649999999,0,0
35756,29,soft-hit,378.292109,33.653112,300.481687,712.426908,0,0
35756,29,soft-hit,383.314994,15.297758,297.80582,696.418572,0,0
35756,29,soft-hit,380.960335,12.573507,303.833039,697.3668809999999,0,0
35756,29,soft-hit,379.550738,33.349664,300.919139,713.8195410000001,0,0
35756,29,soft-hit,378.064646,13.116443,299.430024,690.6111129999999,0,0
35756,29,soft-hit,379.521101,13.137553,300.406991,693.065645,0,0
35756,29,soft-hit,377.504166,12.499271,299.496538,689.499975,0,0
35756,29,soft-hit,377.314934,20.099295,299.128615,696.5428440000001,0,0
35756,29,soft-hit,388.265774,22.683425,298.603469,709.552668,0,0
35756,29,soft-hit,376.446483,12.535579,298.494794,687.476856,0,0
35756,29,soft-hit,376.508543,12.817681,297.971925,687.298149,0,0
35756,29,soft-hit,377.628631,29.418465,298.75025,705.7973460000001,0,0
35756,29,soft-hit,376.165367,12.571183,297.633898,686.370448,0,0
35756,29,soft-hit,385.728276,29.304572,306.437335,721.470183,0,0
35756,29,soft-hit,376.144471,20.390626,298.100928,694.636025,0,0
35756,29,soft-hit,385.848708,12.177531,299.287372,697.313611,0,0
35756,29,soft-hit,372.459661,23.413157,298.57507,694.4478879999999,0,0
35756,29,soft-hit,379.080619,14.707954,300.051292,693.8398649999999,0,0
35756,29,soft-hit,377.346926,26.110858,298.068122,701.5259060000001,0,0
35756,29,soft-hit,376.509864,12.676267,299.22162,688.407751,0,0
35756,29,soft-hit,380.488979,13.04193,302.229369,695.760278,0,0
35756,29,soft-hit,383.150636,12.777329,305.741333,701.669298,0,0
35756,29,soft-hit,379.231989,33.249658,300.382659,712.8643059999999,0,0
35756,29,soft-hit,383.789027,33.619612,299.374444,716.783083,0,0
35756,29,soft-hit,377.706447,13.386651,304.027849,695.120947,0,0
35756,29,soft-hit,378.560209,12.731632,299.827997,691.119838,0,0
35756,29,soft-hit,374.572795,12.331068,299.673212,686.5770749999999,0,0
35756,29,soft-hit,378.793513,12.681595,300.540509,692.015617,0,0
35756,29,soft-hit,378.058136,17.453279,299.373817,694.885232,0,0
35756,29,soft-hit,383.556692,12.961215,305.30806,701.825967,0,0
35756,29,soft-hit,387.320884,33.918306,300.286564,721.525754,0,0
35756,29,soft-hit,379.70779,26.450384,300.400731,706.558905,0,0
35756,29,soft-hit,381.024797,12.599032,300.598629,694.222458,0,0
35756,29,soft-hit,377.549932,12.736511,299.472861,689.759304,0,0
35756,29,soft-hit,378.983646,27.754184,300.470188,707.208018,0,0
35756,29,soft-hit,379.515109,20.473977,302.155205,702.1442910000001,0,0
35756,29,soft-hit,377.758027,12.782592,300.135926,690.676545,0,0
3718,29,miss,386.376383,19.798139,299.644046,0,705.8185679999999,0
3718,used GE,hit,0,10.801382,0,10.801382,0,0
3718,used GE,hit,0,10.353424,0,10.353424,0,0
3718,used GE,hit,0,26.836732,0,26.836732,0,0
3718,used GE,hit,0,41.862938,0,41.862938,0,0
3718,used GE,hit,0,12.665967,0,12.665967,0,0
3718,used GE,hit,0,12.564586,0,12.564586,0,0
3718,used GE,hit,0,22.487936,0,22.487936,0,0
3718,used GE,hit,0,17.880298,0,17.880298,0,0
3718,used GE,hit,0,39.824042,0,39.824042,0,0
3718,used GE,hit,0,13.218281,0,13.218281,0,0
3718,used GE,hit,0,11.828754,0,11.828754,0,0
3718,used GE,hit,0,11.551425,0,11.551425,0,0
3718,used GE,hit,0,31.656021,0,31.656021,0,0
3718,used GE,hit,0,12.150059,0,12.150059,0,0
3718,used GE,hit,0,11.961565,0,11.961565,0,0
3718,used GE,hit,0,11.524962,0,11.524962,0,0
3718,used GE,hit,0,11.431046,0,11.431046,0,0
3718,used GE,hit,0,16.217761,0,16.217761,0,0
3718,used GE,hit,0,30.26489,0,30.26489,0,0
3718,used GE,hit,0,12.44652,0,12.44652,0,0
3718,used GE,hit,0,12.354743,0,12.354743,0,0
3718,used GE,hit,0,12.165682,0,12.165682,0,0
3718,used GE,hit,0,24.264091,0,24.264091,0,0
3718,used GE,hit,0,26.974755,0,26.974755,0,0
3718,used GE,hit,0,13.095937,0,13.095937,0,0
3718,used GE,hit,0,12.634058,0,12.634058,0,0
3718,used GE,hit,0,11.919967,0,11.919967,0,0
3718,used GE,hit,0,12.097038,0,12.097038,0,0
3718,used GE,hit,0,20.834152,0,20.834152,0,0
3718,used GE,hit,0,32.188643,0,32.188643,0,0
3718,used GE,hit,0,9.444824,0,9.444824,0,0
3718,used GE,hit,0,8.152056,0,8.152056,0,0
3718,used GE,hit,0,24.642862,0,24.642862,0,0
3718,used GE,hit,0,14.97093,0,14.97093,0,0
3718,used GE,hit,0,29.969245,0,29.969245,0,0
3718,used GE,hit,0,17.792223,0,17.792223,0,0
3718,used GE,hit,0,24.249943,0,24.249943,0,0
3718,used GE,hit,0,18.746075,0,18.746075,0,0
3718,used GE,hit,0,8.108285,0,8.108285,0,0
3718,30,soft-hit,390.746987,12.634625,310.309912,713.691524,0,0
3718,used GE,hit,0,11.376405,0,11.376405,0,0
3718,used GE,hit,0,36.148765,0,36.148765,0,0
3718,used GE,hit,0,12.664692,0,12.664692,0,0
3718,used GE,hit,0,31.447882,0,31.447882,0,0
3718,used GE,hit,0,34.677,0,34.677,0,0
3718,used GE,hit,0,14.108285,0,14.108285,0,0
3718,used GE,hit,0,29.967833,0,29.967833,0,0
16771,29,miss,380.625249,23.754157,302.49331,0,706.8727160000001,0
16771,used GE,hit,0,36.263958,0,36.263958,0,0
16771,used GE,hit,0,10.985261,0,10.985261,0,0
16771,used GE,hit,0,10.868679,0,10.868679,0,0
16771,used GE,hit,0,29.472424,0,29.472424,0,0
16771,used GE,hit,0,28.396471,0,28.396471,0,0
16771,used GE,hit,0,12.093083,0,12.093083,0,0
16771,used GE,hit,0,12.298021,0,12.298021,0,0
16771,used GE,hit,0,14.257521,0,14.257521,0,0
16771,used GE,hit,0,11.588167,0,11.588167,0,0
16771,used GE,hit,0,11.479771,0,11.479771,0,0
16771,used GE,hit,0,13.739914,0,13.739914,0,0
16771,used GE,hit,0,12.201788,0,12.201788,0,0
16771,used GE,hit,0,12.299668,0,12.299668,0,0
16771,used GE,hit,0,25.428737,0,25.428737,0,0
16771,used GE,hit,0,25.853103,0,25.853103,0,0
16771,used GE,hit,0,13.384607,0,13.384607,0,0
16771,used GE,hit,0,24.169339,0,24.169339,0,0
16771,used GE,hit,0,23.209606,0,23.209606,0,0
16771,used GE,hit,0,22.002067,0,22.002067,0,0
16771,used GE,hit,0,28.138162,0,28.138162,0,0
16771,used GE,hit,0,14.770696,0,14.770696,0,0
16771,used GE,hit,0,13.170255,0,13.170255,0,0
16771,used GE,hit,0,23.187557,0,23.187557,0,0
16771,used GE,hit,0,15.041564,0,15.041564,0,0
16771,used GE,hit,0,11.981705,0,11.981705,0,0
16771,used GE,hit,0,16.717468,0,16.717468,0,0
16771,used GE,hit,0,12.41165,0,12.41165,0,0
16771,used GE,hit,0,35.788398,0,35.788398,0,0
16771,used GE,hit,0,13.670324,0,13.670324,0,0
16771,used GE,hit,0,23.76437,0,23.76437,0,0
16771,used GE,hit,0,12.563658,0,12.563658,0,0
16771,used GE,hit,0,31.28867,0,31.28867,0,0
16771,used GE,hit,0,12.979089,0,12.979089,0,0
16771,used GE,hit,0,12.013366,0,12.013366,0,0
16771,used GE,hit,0,20.532591,0,20.532591,0,0
16771,used GE,hit,0,11.512868,0,11.512868,0,0
16771,used GE,hit,0,10.563507,0,10.563507,0,0
16771,used GE,hit,0,18.199152,0,18.199152,0,0
16771,used GE,hit,0,14.272021,0,14.272021,0,0
16771,used GE,hit,0,8.625359,0,8.625359,0,0
16771,used GE,hit,0,8.371231,0,8.371231,0,0
16771,used GE,hit,0,8.609348,0,8.609348,0,0
16771,used GE,hit,0,10.327906,0,10.327906,0,0
16771,used GE,hit,0,9.314309,0,9.314309,0,0
16771,used GE,hit,0,27.092495,0,27.092495,0,0
16771,used GE,hit,0,8.097006,0,8.097006,0,0
16771,used GE,hit,0,8.663323,0,8.663323,0,0
35796,23,miss,313.873359,23.325172,248.952199,0,586.1507300000001,0
35796,23,soft-hit,315.772153,27.20502,249.630564,592.607737,0,0
35796,23,soft-hit,314.870149,11.570045,248.929251,575.369445,0,0
35796,23,soft-hit,320.64723,23.226302,254.475102,598.348634,0,0
35796,23,soft-hit,324.384261,12.335238,250.017999,586.737498,0,0
35796,23,soft-hit,321.075626,11.799354,254.855502,587.7304819999999,0,0
35796,23,soft-hit,316.798102,28.056538,251.749151,596.603791,0,0
35796,23,soft-hit,318.053433,11.82533,252.552646,582.431409,0,0
35796,23,soft-hit,317.98972,11.997464,251.222548,581.209732,0,0
35796,23,soft-hit,314.791338,11.658683,249.885338,576.3353589999999,0,0
35796,23,soft-hit,317.397199,12.42899,249.310836,579.137025,0,0
35796,23,soft-hit,315.533044,11.905364,249.69287,577.1312780000001,0,0
35796,23,soft-hit,326.498548,18.322761,251.348662,596.169971,0,0
35796,23,soft-hit,300.326442,21.871219,248.79267,570.990331,0,0
35796,23,soft-hit,318.750052,14.366088,249.746344,582.862484,0,0
35796,23,soft-hit,321.01883,27.797628,253.161761,601.978219,0,0
35796,23,soft-hit,315.529508,11.697873,248.605967,575.833348,0,0
35796,23,soft-hit,314.797166,11.726541,248.306886,574.830593,0,0
35796,23,soft-hit,314.874753,11.682794,249.290954,575.8485009999999,0,0
35796,23,soft-hit,317.196166,11.67122,250.905685,579.7730710000001,0,0
35796,23,soft-hit,329.322273,12.920859,249.991726,592.234858,0,0
35796,23,soft-hit,319.811978,27.375211,252.065585,599.252774,0,0
35796,23,soft-hit,317.685633,21.309144,250.961849,589.9566259999999,0,0
35796,23,soft-hit,315.377139,11.775133,248.777629,575.929901,0,0
35796,23,soft-hit,316.776388,11.734268,250.270732,578.781388,0,0
35796,23,soft-hit,311.864817,13.324322,249.766167,574.9553060000001,0,0
35796,23,soft-hit,314.845286,11.731333,248.551786,575.1284049999999,0,0
35796,23,soft-hit,315.994515,17.669563,249.420636,583.084714,0,0
35796,23,soft-hit,325.772344,14.593096,248.596064,588.961504,0,0
35796,23,soft-hit,315.929906,12.415461,258.620339,586.965706,0,0
35796,23,soft-hit,320.320397,11.858704,253.453931,585.633032,0,0
35796,23,soft-hit,315.661156,11.772088,250.008188,577.4414320000001,0,0
35796,23,soft-hit,317.130989,27.419061,251.231512,595.781562,0,0
35796,23,soft-hit,318.700619,12.091471,252.42221,583.2143000000001,0,0
35796,23,soft-hit,316.220622,20.090059,250.581754,586.892435,0,0
35796,23,soft-hit,315.316537,20.883584,250.297897,586.498018,0,0
35796,23,soft-hit,329.328289,12.024501,256.564134,597.916924,0,0
35796,23,soft-hit,318.675563,22.023397,252.65603,593.35499,0,0
35796,23,soft-hit,320.142879,37.326016,252.624481,610.093376,0,0
35796,23,soft-hit,327.431899,20.223307,260.946462,608.601668,0,0
35796,23,soft-hit,338.277515,11.799685,271.919667,621.9968670000001,0,0
35796,23,soft-hit,317.398955,26.751019,251.087831,595.237805,0,0
35796,23,soft-hit,317.980928,13.839888,251.852757,583.673573,0,0
35796,23,soft-hit,319.723454,11.811088,253.324749,584.859291,0,0
35796,23,soft-hit,327.030052,11.427046,253.317999,591.775097,0,0
35796,23,soft-hit,284.349771,10.528127,250.589456,545.467354,0,0
35796,23,soft-hit,318.237585,14.50749,251.950005,584.69508,0,0
35796,23,soft-hit,321.0498,21.289659,254.676402,597.015861,0,0
3914,40,miss,508.287079,28.710111,409.849525,0,946.846715,0
3914,41,soft-hit,522.464325,24.22887,421.438004,968.131199,0,0
3914,used GE,hit,0,58.466599,0,58.466599,0,0
3914,used GE,hit,0,16.703864,0,16.703864,0,0
3914,used GE,hit,0,32.470406,0,32.470406,0,0
3914,used GE,hit,0,16.145289,0,16.145289,0,0
3914,41,soft-hit,533.473052,44.85808,423.115795,1001.4469270000001,0,0
3914,41,soft-hit,523.545053,40.336535,421.844567,985.7261550000001,0,0
3914,41,soft-hit,523.448644,15.266008,422.204782,960.9194339999999,0,0
3914,41,soft-hit,524.737536,15.137615,423.419473,963.2946239999999,0,0
3914,41,soft-hit,530.485425,15.451072,429.391968,975.328465,0,0
3914,41,soft-hit,535.954005,14.342909,426.726956,977.02387,0,0
3914,41,soft-hit,528.000082,16.360492,427.094471,971.455045,0,0
3914,41,soft-hit,524.299081,28.788931,423.506653,976.594665,0,0
3914,41,soft-hit,524.305315,30.843859,423.958997,979.108171,0,0
3914,41,soft-hit,529.354009,14.957329,429.137862,973.4492,0,0
3914,41,soft-hit,532.607712,15.193035,423.332256,971.1330029999999,0,0
3914,41,soft-hit,523.469364,15.466301,422.579814,961.515479,0,0
3914,41,soft-hit,525.696985,14.986476,424.075356,964.758817,0,0
3914,41,soft-hit,523.843253,15.334925,423.358485,962.536663,0,0
3914,41,soft-hit,524.248542,14.87009,423.015187,962.1338190000001,0,0
3914,41,soft-hit,530.308217,23.139314,420.885758,974.333289,0,0
3914,41,soft-hit,522.845448,15.560911,421.532202,959.9385609999999,0,0
3914,41,soft-hit,522.928297,16.040444,421.234794,960.2035350000001,0,0
3914,41,soft-hit,522.041184,28.944043,420.611774,971.5970010000001,0,0
3914,41,soft-hit,525.563361,32.48182,423.330209,981.37539,0,0
3914,41,soft-hit,532.625976,15.905155,423.135381,971.666512,0,0
3914,41,soft-hit,524.506641,14.869505,423.229397,962.6055429999999,0,0
3914,41,soft-hit,526.012464,14.670223,423.170219,963.8529060000001,0,0
3914,41,soft-hit,524.33727,31.295182,422.985408,978.6178600000001,0,0
3914,41,soft-hit,531.174092,15.065238,431.016444,977.255774,0,0
3914,41,soft-hit,535.684438,28.705038,429.712392,994.101868,0,0
3914,41,soft-hit,530.010257,16.523027,429.617118,976.150402,0,0
3914,41,soft-hit,535.723721,44.420229,429.366491,1009.5104409999999,0,0
3914,41,soft-hit,539.818957,15.878494,439.500276,995.197727,0,0
3914,41,soft-hit,544.995991,15.694645,447.492627,1008.183263,0,0
3914,41,soft-hit,539.166048,15.808259,431.966523,986.94083,0,0
3914,41,soft-hit,549.898163,15.743819,448.212589,1013.8545709999999,0,0
3914,41,soft-hit,540.872906,27.229929,440.089546,1008.192381,0,0
3914,41,soft-hit,529.023379,15.123211,428.158869,972.3054589999999,0,0
3914,41,soft-hit,537.10557,15.949491,434.896488,987.9515489999999,0,0
3914,41,soft-hit,529.714407,13.506331,423.366634,966.587372,0,0
3914,41,soft-hit,523.417694,37.095933,422.728368,983.241995,0,0
3914,41,soft-hit,524.828105,44.651618,422.445236,991.9249590000001,0,0
3914,41,soft-hit,535.975601,25.835674,434.872097,996.683372,0,0
3914,41,soft-hit,527.956474,16.844851,426.263381,971.0647059999999,0,0
3914,41,soft-hit,533.925474,24.947372,426.955492,985.828338,0,0
3914,41,soft-hit,529.883446,15.147533,428.674064,973.705043,0,0
16920,42,miss,540.257069,49.757907,436.95037,0,1026.965346,0
16920,used GE,hit,0,53.600734,0,53.600734,0,0
16920,used GE,hit,0,42.380014,0,42.380014,0,0
16920,used GE,hit,0,17.511168,0,17.511168,0,0
16920,used GE,hit,0,53.757548,0,53.757548,0,0
16920,used GE,hit,0,33.145354,0,33.145354,0,0
16920,used GE,hit,0,17.693363,0,17.693363,0,0
16920,used GE,hit,0,22.962457,0,22.962457,0,0
16920,used GE,hit,0,17.077299,0,17.077299,0,0
16920,used GE,hit,0,17.421262,0,17.421262,0,0
16920,used GE,hit,0,32.849342,0,32.849342,0,0
16920,used GE,hit,0,16.466071,0,16.466071,0,0
16920,used GE,hit,0,16.167571,0,16.167571,0,0
16920,used GE,hit,0,48.565938,0,48.565938,0,0
16920,used GE,hit,0,18.044932,0,18.044932,0,0
16920,used GE,hit,0,27.912915,0,27.912915,0,0
16920,used GE,hit,0,45.142302,0,45.142302,0,0
16920,used GE,hit,0,60.108291,0,60.108291,0,0
16920,used GE,hit,0,11.900787,0,11.900787,0,0
16920,used GE,hit,0,11.004207,0,11.004207,0,0
16920,used GE,hit,0,11.06457,0,11.06457,0,0
16920,used GE,hit,0,10.741189,0,10.741189,0,0
16920,used GE,hit,0,10.712666,0,10.712666,0,0
16920,used GE,hit,0,30.147043,0,30.147043,0,0
16920,used GE,hit,0,11.171597,0,11.171597,0,0
16920,used GE,hit,0,11.337823,0,11.337823,0,0
16920,used GE,hit,0,14.146588,0,14.146588,0,0
16920,used GE,hit,0,17.249451,0,17.249451,0,0
16920,used GE,hit,0,13.495847,0,13.495847,0,0
16920,used GE,hit,0,13.371844,0,13.371844,0,0
16920,used GE,hit,0,13.499644,0,13.499644,0,0
16920,used GE,hit,0,13.859457,0,13.859457,0,0
16920,used GE,hit,0,13.712733,0,13.712733,0,0
16920,used GE,hit,0,15.535955,0,15.535955,0,0
16920,used GE,hit,0,17.251143,0,17.251143,0,0
16920,used GE,hit,0,15.088102,0,15.088102,0,0
16920,used GE,hit,0,27.84324,0,27.84324,0,0
16920,used GE,hit,0,29.63802,0,29.63802,0,0
16920,used GE,hit,0,16.418281,0,16.418281,0,0
16920,used GE,hit,0,16.495145,0,16.495145,0,0
16920,used GE,hit,0,40.820816,0,40.820816,0,0
16920,used GE,hit,0,26.215112,0,26.215112,0,0
16920,used GE,hit,0,16.445903,0,16.445903,0,0
16920,used GE,hit,0,33.886381,0,33.886381,0,0
16920,used GE,hit,0,41.023833,0,41.023833,0,0
16920,used GE,hit,0,15.566435,0,15.566435,0,0
16920,used GE,hit,0,36.318869,0,36.318869,0,0
16920,used GE,hit,0,16.208126,0,16.208126,0,0
18784,33,miss,437.644382,20.773528,351.846798,0,810.2647079999999,0
18784,used GE,hit,0,33.394684,0,33.394684,0,0
18784,used GE,hit,0,17.722546,0,17.722546,0,0
18784,used GE,hit,0,19.809392,0,19.809392,0,0
18784,used GE,hit,0,12.00474,0,12.00474,0,0
18784,used GE,hit,0,25.625835,0,25.625835,0,0
18784,used GE,hit,0,30.140692,0,30.140692,0,0
18784,used GE,hit,0,21.287018,0,21.287018,0,0
18784,used GE,hit,0,13.895757,0,13.895757,0,0
18784,used GE,hit,0,12.339278,0,12.339278,0,0
18784,used GE,hit,0,12.879149,0,12.879149,0,0
18784,used GE,hit,0,12.317708,0,12.317708,0,0
18784,used GE,hit,0,34.705688,0,34.705688,0,0
18784,used GE,hit,0,13.134285,0,13.134285,0,0
18784,used GE,hit,0,12.676519,0,12.676519,0,0
18784,used GE,hit,0,12.30464,0,12.30464,0,0
18784,used GE,hit,0,12.322776,0,12.322776,0,0
18784,used GE,hit,0,12.042944,0,12.042944,0,0
18784,used GE,hit,0,39.746138,0,39.746138,0,0
18784,used GE,hit,0,20.872516,0,20.872516,0,0
18784,used GE,hit,0,13.15949,0,13.15949,0,0
18784,used GE,hit,0,12.85912,0,12.85912,0,0
18784,used GE,hit,0,12.317586,0,12.317586,0,0
18784,used GE,hit,0,12.226546,0,12.226546,0,0
18784,used GE,hit,0,12.08706,0,12.08706,0,0
18784,used GE,hit,0,23.616799,0,23.616799,0,0
18784,used GE,hit,0,15.145328,0,15.145328,0,0
18784,used GE,hit,0,12.53419,0,12.53419,0,0
18784,used GE,hit,0,34.782495,0,34.782495,0,0
18784,used GE,hit,0,12.81432,0,12.81432,0,0
18784,used GE,hit,0,12.802849,0,12.802849,0,0
18784,used GE,hit,0,23.614116,0,23.614116,0,0
18784,used GE,hit,0,11.680686,0,11.680686,0,0
18784,used GE,hit,0,10.801563,0,10.801563,0,0
18784,used GE,hit,0,9.776208,0,9.776208,0,0
18784,used GE,hit,0,9.364154,0,9.364154,0,0
18784,used GE,hit,0,8.624705,0,8.624705,0,0
18784,used GE,hit,0,31.263353,0,31.263353,0,0
18784,used GE,hit,0,11.222909,0,11.222909,0,0
18784,used GE,hit,0,10.670892,0,10.670892,0,0
18784,used GE,hit,0,30.607734,0,30.607734,0,0
18784,used GE,hit,0,8.620407,0,8.620407,0,0
18784,used GE,hit,0,24.16998,0,24.16998,0,0
18784,used GE,hit,0,8.549252,0,8.549252,0,0
18784,used GE,hit,0,8.712089,0,8.712089,0,0
18784,used GE,hit,0,8.93608,0,8.93608,0,0
18784,used GE,hit,0,26.985209,0,26.985209,0,0
5692,37,miss,512.300787,28.604422,420.269352,0,961.174561,0
5692,used GE,hit,0,13.881679,0,13.881679,0,0
5692,used GE,hit,0,19.190322,0,19.190322,0,0
5692,used GE,hit,0,14.058086,0,14.058086,0,0
5692,used GE,hit,0,19.008747,0,19.008747,0,0
5692,used GE,hit,0,19.221318,0,19.221318,0,0
5692,used GE,hit,0,37.708172,0,37.708172,0,0
5692,used GE,hit,0,36.582545,0,36.582545,0,0
5692,used GE,hit,0,23.950311,0,23.950311,0,0
5692,used GE,hit,0,19.455456,0,19.455456,0,0
5692,used GE,hit,0,12.243037,0,12.243037,0,0
5692,used GE,hit,0,11.838046,0,11.838046,0,0
5692,used GE,hit,0,11.66369,0,11.66369,0,0
5692,used GE,hit,0,25.477807,0,25.477807,0,0
5692,used GE,hit,0,13.546923,0,13.546923,0,0
5692,used GE,hit,0,53.621267,0,53.621267,0,0
5692,used GE,hit,0,15.496142,0,15.496142,0,0
5692,used GE,hit,0,14.083916,0,14.083916,0,0
5692,used GE,hit,0,14.06004,0,14.06004,0,0
5692,used GE,hit,0,40.119683,0,40.119683,0,0
5692,used GE,hit,0,21.075338,0,21.075338,0,0
5692,used GE,hit,0,37.382207,0,37.382207,0,0
5692,used GE,hit,0,23.91829,0,23.91829,0,0
5692,used GE,hit,0,34.382277,0,34.382277,0,0
5692,used GE,hit,0,38.641621,0,38.641621,0,0
5692,used GE,hit,0,14.211829,0,14.211829,0,0
5692,used GE,hit,0,39.090651,0,39.090651,0,0
5692,used GE,hit,0,14.531404,0,14.531404,0,0
5692,used GE,hit,0,14.247518,0,14.247518,0,0
5692,used GE,hit,0,13.645936,0,13.645936,0,0
5692,used GE,hit,0,13.642874,0,13.642874,0,0
5692,used GE,hit,0,12.860665,0,12.860665,0,0
5692,used GE,hit,0,12.68719,0,12.68719,0,0
5692,used GE,hit,0,13.101072,0,13.101072,0,0
5692,used GE,hit,0,24.935332,0,24.935332,0,0
5692,used GE,hit,0,28.877455,0,28.877455,0,0
5692,used GE,hit,0,19.050001,0,19.050001,0,0
5692,used GE,hit,0,33.32856,0,33.32856,0,0
5692,used GE,hit,0,12.51727,0,12.51727,0,0
5692,used GE,hit,0,10.996847,0,10.996847,0,0
5692,used GE,hit,0,10.409621,0,10.409621,0,0
5692,used GE,hit,0,32.309883,0,32.309883,0,0
5692,used GE,hit,0,9.893755,0,9.893755,0,0
5692,used GE,hit,0,23.536441,0,23.536441,0,0
5692,used GE,hit,0,9.288849,0,9.288849,0,0
5692,used GE,hit,0,8.95353,0,8.95353,0,0
5692,used GE,hit,0,9.069789,0,9.069789,0,0
21773,38,miss,502.15907,13.660746,409.908194,0,925.72801,0
21773,38,soft-hit,502.645258,13.986318,407.504068,924.135644,0,0
21773,38,soft-hit,505.778535,19.43683,410.734409,935.9497739999999,0,0
21773,38,soft-hit,514.495026,25.073726,410.697828,950.2665800000001,0,0
21773,38,soft-hit,508.213995,13.817854,412.850118,934.881967,0,0
21773,38,soft-hit,501.773553,13.403476,407.067099,922.244128,0,0
21773,38,soft-hit,500.621906,14.560223,406.273933,921.456062,0,0
21773,38,soft-hit,500.244891,13.745362,405.557791,919.548044,0,0
21773,38,soft-hit,509.385523,21.512231,408.102083,938.999837,0,0
21773,38,soft-hit,501.197408,19.647941,406.174173,927.019522,0,0
21773,38,soft-hit,505.435042,13.949271,409.514642,928.898955,0,0
21773,38,soft-hit,504.204428,13.808227,408.601913,926.614568,0,0
21773,38,soft-hit,502.153044,13.456861,408.061063,923.670968,0,0
21773,38,soft-hit,504.073233,20.565387,408.07325,932.71187,0,0
21773,38,soft-hit,503.929257,13.526877,408.663288,926.119422,0,0
21773,38,soft-hit,502.226152,33.809283,407.750343,943.7857779999999,0,0
21773,38,soft-hit,509.297747,13.771292,423.669832,946.738871,0,0
21773,38,soft-hit,503.304906,13.848453,407.849218,925.002577,0,0
21773,38,soft-hit,502.668516,13.654728,407.202003,923.525247,0,0
21773,38,soft-hit,502.434132,12.726968,407.858074,923.019174,0,0
21773,38,soft-hit,502.814015,50.736932,408.748097,962.299044,0,0
21773,38,soft-hit,505.883865,26.128444,409.003189,941.015498,0,0
21773,38,soft-hit,504.66202,13.673793,409.264416,927.6002289999999,0,0
21773,38,soft-hit,508.945503,16.965265,413.312683,939.223451,0,0
21773,38,soft-hit,511.255591,38.615573,408.618507,958.489671,0,0
21773,38,soft-hit,503.043507,15.961933,408.151249,927.1566889999999,0,0
21773,38,soft-hit,578.410036,13.576395,484.190008,1076.1764389999998,0,0
21773,38,soft-hit,510.933374,13.999201,416.418525,941.3511000000001,0,0
21773,38,soft-hit,509.674255,13.991252,414.932833,938.59834,0,0
21773,38,soft-hit,510.492488,12.768864,410.474987,933.736339,0,0
21773,38,soft-hit,505.521869,14.324971,409.948181,929.7950209999999,0,0
21773,38,soft-hit,506.563816,14.574682,409.415194,930.553692,0,0
21773,38,soft-hit,508.396308,13.949553,410.153648,932.499509,0,0
21773,38,soft-hit,500.167901,14.236535,409.07135,923.475786,0,0
21773,38,soft-hit,511.112033,13.365143,408.297322,932.774498,0,0
21773,38,soft-hit,502.508861,52.669263,407.346583,962.524707,0,0
21773,38,soft-hit,512.143409,13.787644,418.218262,944.149315,0,0
21773,38,soft-hit,506.213103,14.914109,409.483429,930.610641,0,0
21773,38,soft-hit,504.882982,14.613004,410.791413,930.287399,0,0
21773,38,soft-hit,509.715303,27.265757,414.990114,951.971174,0,0
21773,38,soft-hit,512.679866,35.28052,410.890246,958.8506319999999,0,0
21773,38,soft-hit,506.829366,14.287461,411.669358,932.7861849999999,0,0
21773,38,soft-hit,506.50292,13.779706,410.646311,930.928937,0,0
21773,38,soft-hit,509.049862,13.03346,414.097137,936.1804589999999,0,0
21773,38,soft-hit,505.85085,13.354561,411.71838,930.9237909999999,0,0
21773,38,soft-hit,505.973914,14.509606,411.293527,931.777047,0,0
21773,38,soft-hit,513.86798,352.359445,410.570214,1276.797639,0,0
6626,36,miss,479.749636,13.219782,388.786157,0,881.755575,0
6626,36,soft-hit,485.655264,18.951044,394.218959,898.8252669999999,0,0
6626,36,soft-hit,480.966692,27.786786,389.223364,897.976842,0,0
6626,36,soft-hit,481.719376,13.525436,390.592401,885.837213,0,0
6626,36,soft-hit,482.502829,14.530177,391.621941,888.654947,0,0
6626,36,soft-hit,492.706761,13.304221,392.357957,898.368939,0,0
6626,36,soft-hit,495.008023,17.769916,404.89293,917.670869,0,0
6626,36,soft-hit,482.799933,19.201223,390.809474,892.8106300000001,0,0
6626,36,soft-hit,483.519985,19.158452,391.820693,894.49913,0,0
6626,36,soft-hit,494.53245,31.702413,403.075585,929.310448,0,0
6626,36,soft-hit,483.621374,13.724738,392.653312,889.9994240000001,0,0
6626,36,soft-hit,495.195257,16.815724,393.918198,905.929179,0,0
6626,36,soft-hit,486.008246,33.8926,393.980678,913.881524,0,0
6626,36,soft-hit,487.528625,32.514564,396.171342,916.214531,0,0
6626,36,soft-hit,488.016725,13.752832,395.178175,896.9477320000001,0,0
6626,36,soft-hit,486.300971,29.853084,395.221986,911.376041,0,0
6626,36,soft-hit,484.056767,13.57479,392.808715,890.440272,0,0
6626,36,soft-hit,493.487257,49.900979,392.695549,936.083785,0,0
6626,36,soft-hit,483.688904,53.277359,393.002045,929.968308,0,0
6626,36,soft-hit,484.871405,37.329008,392.72168,914.9220929999999,0,0
6626,36,soft-hit,486.874748,32.060197,396.904215,915.83916,0,0
6626,36,soft-hit,487.042957,13.780431,396.703888,897.527276,0,0
6626,36,soft-hit,487.28053,14.936164,395.698287,897.914981,0,0
6626,36,soft-hit,492.425497,47.39014,393.045438,932.861075,0,0
6626,36,soft-hit,485.475131,13.813499,394.383501,893.672131,0,0
6626,36,soft-hit,488.902736,13.627519,397.052113,899.5823680000001,0,0
6626,36,soft-hit,482.873674,13.289885,391.871013,888.034572,0,0
6626,36,soft-hit,482.936407,13.21021,392.096899,888.243516,0,0
6626,36,soft-hit,486.497919,13.608627,396.076617,896.183163,0,0
6626,36,soft-hit,492.477041,13.841667,394.641592,900.9603,0,0
6626,36,soft-hit,482.517709,45.422887,395.955249,923.895845,0,0
6626,36,soft-hit,486.134005,16.375134,394.959174,897.4683130000001,0,0
6626,36,soft-hit,485.693222,22.708031,394.180394,902.581647,0,0
6626,36,soft-hit,490.252491,36.573199,398.569838,925.395528,0,0
6626,37,soft-hit,502.737506,15.285982,408.783643,926.807131,0,0
6626,37,soft-hit,495.902899,14.091477,403.819366,913.813742,0,0
6626,37,soft-hit,504.632033,65.332746,405.695528,975.660307,0,0
6626,37,soft-hit,495.703264,16.887859,402.854695,915.4458179999999,0,0
6626,37,soft-hit,493.870533,13.759134,400.878656,908.508323,0,0
6626,37,soft-hit,502.467183,14.223774,407.483855,924.174812,0,0
6626,37,soft-hit,502.980811,13.996033,408.953899,925.930743,0,0
6626,37,soft-hit,511.409656,22.404045,411.642391,945.4560919999999,0,0
6626,37,soft-hit,496.572885,15.395728,404.47061,916.4392230000001,0,0
6626,37,soft-hit,494.14196,14.259424,405.048719,913.450103,0,0
6626,37,soft-hit,508.821807,14.515025,410.126266,933.463098,0,0
6626,37,soft-hit,495.47591,13.722951,403.584794,912.783655,0,0
6626,37,soft-hit,498.000169,13.819484,404.19062,916.0102730000001,0,0
22305,43,miss,577.935225,15.321854,464.475994,0,1057.7330729999999,0
22305,used GE,hit,0,42.82156,0,42.82156,0,0
22305,used GE,hit,0,15.715413,0,15.715413,0,0
22305,used GE,hit,0,63.977371,0,63.977371,0,0
22305,used GE,hit,0,17.224489,0,17.224489,0,0
22305,used GE,hit,0,42.635562,0,42.635562,0,0
22305,used GE,hit,0,56.423935,0,56.423935,0,0
22305,used GE,hit,0,17.309669,0,17.309669,0,0
22305,used GE,hit,0,30.714513,0,30.714513,0,0
22305,used GE,hit,0,16.864098,0,16.864098,0,0
22305,used GE,hit,0,16.0005,0,16.0005,0,0
22305,used GE,hit,0,15.564353,0,15.564353,0,0
22305,used GE,hit,0,39.721071,0,39.721071,0,0
22305,used GE,hit,0,17.680492,0,17.680492,0,0
22305,used GE,hit,0,16.144796,0,16.144796,0,0
22305,used GE,hit,0,21.971493,0,21.971493,0,0
22305,used GE,hit,0,15.01331,0,15.01331,0,0
22305,used GE,hit,0,42.773008,0,42.773008,0,0
22305,used GE,hit,0,16.860337,0,16.860337,0,0
22305,used GE,hit,0,16.077386,0,16.077386,0,0
22305,used GE,hit,0,47.233366,0,47.233366,0,0
22305,used GE,hit,0,23.863248,0,23.863248,0,0
22305,used GE,hit,0,20.286369,0,20.286369,0,0
22305,used GE,hit,0,43.696309,0,43.696309,0,0
22305,used GE,hit,0,16.872715,0,16.872715,0,0
22305,used GE,hit,0,18.951791,0,18.951791,0,0
22305,used GE,hit,0,31.942179,0,31.942179,0,0
22305,used GE,hit,0,16.231143,0,16.231143,0,0
22305,used GE,hit,0,63.736345,0,63.736345,0,0
22305,used GE,hit,0,16.618306,0,16.618306,0,0
22305,used GE,hit,0,15.771162,0,15.771162,0,0
22305,used GE,hit,0,14.80199,0,14.80199,0,0
22305,used GE,hit,0,16.352426,0,16.352426,0,0
22305,used GE,hit,0,41.118724,0,41.118724,0,0
22305,used GE,hit,0,16.066257,0,16.066257,0,0
22305,used GE,hit,0,31.830637,0,31.830637,0,0
22305,used GE,hit,0,23.888451,0,23.888451,0,0
22305,used GE,hit,0,12.021373,0,12.021373,0,0
22305,used GE,hit,0,11.142236,0,11.142236,0,0
22305,used GE,hit,0,11.695905,0,11.695905,0,0
22305,used GE,hit,0,13.25676,0,13.25676,0,0
22305,used GE,hit,0,10.109244,0,10.109244,0,0
22305,used GE,hit,0,11.025017,0,11.025017,0,0
22305,used GE,hit,0,10.503318,0,10.503318,0,0
22305,used GE,hit,0,10.28335,0,10.28335,0,0
22305,used GE,hit,0,11.152168,0,11.152168,0,0
22305,used GE,hit,0,10.033741,0,10.033741,0,0
6650,37,miss,495.87225,21.538803,405.287749,0,922.698802,0
6650,used GE,hit,0,14.928535,0,14.928535,0,0
6650,used GE,hit,0,11.84428,0,11.84428,0,0
6650,used GE,hit,0,11.755066,0,11.755066,0,0
6650,used GE,hit,0,47.466725,0,47.466725,0,0
6650,used GE,hit,0,13.674956,0,13.674956,0,0
6650,used GE,hit,0,13.042855,0,13.042855,0,0
6650,used GE,hit,0,12.677138,0,12.677138,0,0
6650,used GE,hit,0,21.126787,0,21.126787,0,0
6650,used GE,hit,0,36.266486,0,36.266486,0,0
6650,used GE,hit,0,13.442953,0,13.442953,0,0
6650,used GE,hit,0,38.133532,0,38.133532,0,0
6650,used GE,hit,0,13.558728,0,13.558728,0,0
6650,used GE,hit,0,12.623921,0,12.623921,0,0
6650,used GE,hit,0,12.358697,0,12.358697,0,0
6650,used GE,hit,0,33.689976,0,33.689976,0,0
6650,used GE,hit,0,23.281327,0,23.281327,0,0
6650,used GE,hit,0,13.186239,0,13.186239,0,0
6650,used GE,hit,0,26.606642,0,26.606642,0,0
6650,used GE,hit,0,20.656835,0,20.656835,0,0
6650,used GE,hit,0,12.980633,0,12.980633,0,0
6650,used GE,hit,0,13.055167,0,13.055167,0,0
6650,used GE,hit,0,12.488592,0,12.488592,0,0
6650,used GE,hit,0,43.808796,0,43.808796,0,0
6650,used GE,hit,0,12.958284,0,12.958284,0,0
6650,used GE,hit,0,13.114145,0,13.114145,0,0
6650,used GE,hit,0,18.247037,0,18.247037,0,0
6650,used GE,hit,0,13.007324,0,13.007324,0,0
6650,used GE,hit,0,12.094081,0,12.094081,0,0
6650,used GE,hit,0,12.066423,0,12.066423,0,0
6650,used GE,hit,0,40.719474,0,40.719474,0,0
6650,used GE,hit,0,14.241867,0,14.241867,0,0
6650,used GE,hit,0,15.735888,0,15.735888,0,0
6650,used GE,hit,0,13.036679,0,13.036679,0,0
6650,used GE,hit,0,12.54201,0,12.54201,0,0
6650,used GE,hit,0,13.302645,0,13.302645,0,0
6650,used GE,hit,0,12.805977,0,12.805977,0,0
6650,used GE,hit,0,12.576068,0,12.576068,0,0
6650,used GE,hit,0,48.75947,0,48.75947,0,0
6650,used GE,hit,0,14.070248,0,14.070248,0,0
6650,used GE,hit,0,32.251629,0,32.251629,0,0
6650,used GE,hit,0,14.166811,0,14.166811,0,0
6650,used GE,hit,0,26.983985,0,26.983985,0,0
6650,used GE,hit,0,41.082417,0,41.082417,0,0
6650,used GE,hit,0,14.127164,0,14.127164,0,0
6650,used GE,hit,0,13.575075,0,13.575075,0,0
6650,used GE,hit,0,13.431047,0,13.431047,0,0
23907,36,miss,493.808763,26.459773,401.55131,0,921.819846,0
23907,used GE,hit,0,18.690257,0,18.690257,0,0
23907,used GE,hit,0,21.942493,0,21.942493,0,0
23907,used GE,hit,0,34.608245,0,34.608245,0,0
23907,used GE,hit,0,12.551175,0,12.551175,0,0
23907,used GE,hit,0,49.911054,0,49.911054,0,0
23907,used GE,hit,0,10.06871,0,10.06871,0,0
23907,used GE,hit,0,9.633648,0,9.633648,0,0
23907,used GE,hit,0,29.596842,0,29.596842,0,0
23907,used GE,hit,0,9.63869,0,9.63869,0,0
23907,used GE,hit,0,11.776505,0,11.776505,0,0
23907,used GE,hit,0,9.157019,0,9.157019,0,0
23907,used GE,hit,0,8.922287,0,8.922287,0,0
23907,used GE,hit,0,10.399785,0,10.399785,0,0
23907,used GE,hit,0,34.876016,0,34.876016,0,0
23907,used GE,hit,0,10.854071,0,10.854071,0,0
23907,used GE,hit,0,34.161618,0,34.161618,0,0
23907,used GE,hit,0,12.141713,0,12.141713,0,0
23907,used GE,hit,0,21.097445,0,21.097445,0,0
23907,used GE,hit,0,15.638709,0,15.638709,0,0
23907,used GE,hit,0,13.165911,0,13.165911,0,0
23907,used GE,hit,0,13.392552,0,13.392552,0,0
23907,used GE,hit,0,13.249584,0,13.249584,0,0
23907,used GE,hit,0,16.214638,0,16.214638,0,0
23907,used GE,hit,0,13.569596,0,13.569596,0,0
23907,used GE,hit,0,12.974605,0,12.974605,0,0
23907,used GE,hit,0,12.883726,0,12.883726,0,0
23907,used GE,hit,0,40.589059,0,40.589059,0,0
23907,used GE,hit,0,14.702462,0,14.702462,0,0
23907,used GE,hit,0,36.471263,0,36.471263,0,0
23907,used GE,hit,0,27.705369,0,27.705369,0,0
23907,used GE,hit,0,37.546004,0,37.546004,0,0
23907,used GE,hit,0,33.348953,0,33.348953,0,0
23907,used GE,hit,0,14.611103,0,14.611103,0,0
23907,used GE,hit,0,19.683549,0,19.683549,0,0
23907,used GE,hit,0,14.041325,0,14.041325,0,0
23907,used GE,hit,0,13.960166,0,13.960166,0,0
23907,used GE,hit,0,13.420773,0,13.420773,0,0
23907,used GE,hit,0,29.606148,0,29.606148,0,0
23907,used GE,hit,0,14.246541,0,14.246541,0,0
23907,used GE,hit,0,13.803437,0,13.803437,0,0
23907,used GE,hit,0,25.15474,0,25.15474,0,0
23907,used GE,hit,0,14.147256,0,14.147256,0,0
23907,used GE,hit,0,13.820227,0,13.820227,0,0
23907,used GE,hit,0,13.561648,0,13.561648,0,0
23907,used GE,hit,0,13.392379,0,13.392379,0,0
8389,40,miss,604.957339,14.518862,504.488748,0,1123.9649490000002,0
8389,40,soft-hit,541.081023,14.289561,442.451022,997.821606,0,0
8389,40,soft-hit,550.535829,14.010528,442.850288,1007.396645,0,0
8389,40,soft-hit,546.828733,15.4975,447.437646,1009.7638790000001,0,0
8389,40,soft-hit,542.666487,21.24952,442.71011,1006.626117,0,0
8389,40,soft-hit,540.976303,52.07971,442.437345,1035.493358,0,0
8389,40,soft-hit,542.028777,28.478127,442.809361,1013.316265,0,0
8389,40,soft-hit,550.385774,14.615255,451.18233,1016.1833589999999,0,0
8389,40,soft-hit,554.419487,17.522437,446.068817,1018.010741,0,0
8389,40,soft-hit,544.826631,43.580132,444.797316,1033.204079,0,0
8389,40,soft-hit,545.726084,14.253261,445.598777,1005.578122,0,0
8389,40,soft-hit,543.755535,14.51566,444.772667,1003.043862,0,0
8389,40,soft-hit,541.899925,45.971157,443.514549,1031.385631,0,0
8389,40,soft-hit,544.151075,13.991106,443.469489,1001.61167,0,0
8389,40,soft-hit,553.600464,14.023001,445.422204,1013.0456690000001,0,0
8389,40,soft-hit,614.781991,43.056061,516.849559,1174.6876109999998,0,0
8389,40,soft-hit,543.148822,27.214354,446.878286,1017.241462,0,0
8389,40,soft-hit,545.329319,14.388233,447.63003,1007.3475820000001,0,0
8389,40,soft-hit,551.788842,37.070342,452.535709,1041.3948930000001,0,0
8389,40,soft-hit,545.362306,22.587491,446.929158,1014.8789549999999,0,0
8389,40,soft-hit,544.734922,23.34162,447.796319,1015.872861,0,0
8389,40,soft-hit,545.135801,20.74522,446.577739,1012.45876,0,0
8389,40,soft-hit,546.259512,14.266514,447.349731,1007.875757,0,0
8389,40,soft-hit,545.164988,59.867078,446.438254,1051.47032,0,0
8389,40,soft-hit,546.147144,14.243055,447.872477,1008.262676,0,0
8389,40,soft-hit,556.736204,14.635498,450.013226,1021.384928,0,0
8389,40,soft-hit,559.865175,15.387016,461.786572,1037.038763,0,0
8389,40,soft-hit,554.630143,14.346197,455.774789,1024.751129,0,0
8389,40,soft-hit,551.803617,42.359425,451.451623,1045.614665,0,0
8389,40,soft-hit,570.590945,14.150365,472.917063,1057.658373,0,0
8389,40,soft-hit,546.577847,14.28666,446.427868,1007.292375,0,0
8389,40,soft-hit,560.855212,14.806472,451.421551,1027.083235,0,0
8389,40,soft-hit,560.630807,14.544078,461.956023,1037.130908,0,0
8389,40,soft-hit,561.906267,46.168526,462.149549,1070.224342,0,0
8389,40,soft-hit,553.79074,29.337898,455.819124,1038.947762,0,0
8389,40,soft-hit,567.752927,14.395426,468.102761,1050.251114,0,0
8389,40,soft-hit,546.758978,14.611051,448.34042,1009.7104489999999,0,0
8389,40,soft-hit,554.191994,55.508828,446.158507,1055.859329,0,0
8389,40,soft-hit,544.805647,15.941145,446.283869,1007.030661,0,0
8389,40,soft-hit,559.722879,59.228892,461.09928,1080.051051,0,0
8389,40,soft-hit,555.806862,14.393528,457.50263,1027.70302,0,0
8389,40,soft-hit,549.469233,14.204703,450.13129,1013.805226,0,0
8389,40,soft-hit,565.423806,48.756229,466.115592,1080.295627,0,0
8389,40,soft-hit,553.661591,28.900026,447.577867,1030.139484,0,0
8389,40,soft-hit,547.843513,14.516161,448.014038,1010.3737120000001,0,0
8389,40,soft-hit,550.324886,14.281364,450.083373,1014.689623,0,0
27309,35,miss,485.75696,30.143548,395.943024,0,911.843532,0
27309,used GE,hit,0,43.190719,0,43.190719,0,0
27309,used GE,hit,0,14.862537,0,14.862537,0,0
27309,used GE,hit,0,34.256665,0,34.256665,0,0
27309,used GE,hit,0,14.880338,0,14.880338,0,0
27309,used GE,hit,0,26.110755,0,26.110755,0,0
27309,used GE,hit,0,16.562813,0,16.562813,0,0
27309,used GE,hit,0,13.455444,0,13.455444,0,0
27309,used GE,hit,0,13.241663,0,13.241663,0,0
27309,used GE,hit,0,12.994591,0,12.994591,0,0
27309,used GE,hit,0,20.178546,0,20.178546,0,0
27309,used GE,hit,0,14.008084,0,14.008084,0,0
27309,used GE,hit,0,13.538443,0,13.538443,0,0
27309,used GE,hit,0,19.564059,0,19.564059,0,0
27309,used GE,hit,0,22.025607,0,22.025607,0,0
27309,used GE,hit,0,25.110438,0,25.110438,0,0
27309,36,soft-hit,501.365267,14.23688,411.010833,926.61298,0,0
27309,used GE,hit,0,36.162347,0,36.162347,0,0
27309,used GE,hit,0,13.988841,0,13.988841,0,0
27309,used GE,hit,0,12.904051,0,12.904051,0,0
27309,used GE,hit,0,14.223237,0,14.223237,0,0
27309,used GE,hit,0,27.604229,0,27.604229,0,0
27309,used GE,hit,0,39.744092,0,39.744092,0,0
27309,used GE,hit,0,17.319676,0,17.319676,0,0
27309,used GE,hit,0,13.268196,0,13.268196,0,0
27309,used GE,hit,0,13.094284,0,13.094284,0,0
27309,used GE,hit,0,13.860556,0,13.860556,0,0
27309,used GE,hit,0,30.008922,0,30.008922,0,0
27309,used GE,hit,0,28.843325,0,28.843325,0,0
27309,used GE,hit,0,13.433418,0,13.433418,0,0
27309,used GE,hit,0,28.997883,0,28.997883,0,0
27309,used GE,hit,0,34.74166,0,34.74166,0,0
27309,used GE,hit,0,39.201281,0,39.201281,0,0
27309,used GE,hit,0,14.94901,0,14.94901,0,0
27309,used GE,hit,0,18.766305,0,18.766305,0,0
27309,used GE,hit,0,20.390068,0,20.390068,0,0
27309,used GE,hit,0,28.00888,0,28.00888,0,0
27309,used GE,hit,0,16.562682,0,16.562682,0,0
27309,used GE,hit,0,13.786878,0,13.786878,0,0
27309,used GE,hit,0,19.917423,0,19.917423,0,0
27309,used GE,hit,0,41.293274,0,41.293274,0,0
27309,used GE,hit,0,14.114782,0,14.114782,0,0
27309,used GE,hit,0,19.122591,0,19.122591,0,0
27309,used GE,hit,0,13.708423,0,13.708423,0,0
27309,used GE,hit,0,19.828251,0,19.828251,0,0
27309,used GE,hit,0,45.576555,0,45.576555,0,0
8881,33,miss,470.234791,62.143158,384.692553,0,917.0705019999999,0
8881,used GE,hit,0,18.483023,0,18.483023,0,0
8881,used GE,hit,0,31.438747,0,31.438747,0,0
8881,used GE,hit,0,13.430598,0,13.430598,0,0
8881,used GE,hit,0,13.936812,0,13.936812,0,0
8881,used GE,hit,0,36.982343,0,36.982343,0,0
8881,used GE,hit,0,14.691191,0,14.691191,0,0
8881,used GE,hit,0,28.203074,0,28.203074,0,0
8881,used GE,hit,0,33.635507,0,33.635507,0,0
8881,used GE,hit,0,24.751664,0,24.751664,0,0
8881,used GE,hit,0,37.09883,0,37.09883,0,0
8881,used GE,hit,0,15.04289,0,15.04289,0,0
8881,used GE,hit,0,14.044118,0,14.044118,0,0
8881,used GE,hit,0,15.731612,0,15.731612,0,0
8881,used GE,hit,0,13.386721,0,13.386721,0,0
8881,used GE,hit,0,13.246587,0,13.246587,0,0
8881,used GE,hit,0,44.521916,0,44.521916,0,0
8881,used GE,hit,0,14.697671,0,14.697671,0,0
8881,used GE,hit,0,13.819605,0,13.819605,0,0
8881,used GE,hit,0,45.818742,0,45.818742,0,0
8881,used GE,hit,0,32.411042,0,32.411042,0,0
8881,used GE,hit,0,14.42399,0,14.42399,0,0
8881,used GE,hit,0,32.422495,0,32.422495,0,0
8881,used GE,hit,0,14.47932,0,14.47932,0,0
8881,used GE,hit,0,13.510973,0,13.510973,0,0
8881,used GE,hit,0,18.632657,0,18.632657,0,0
8881,used GE,hit,0,42.59632,0,42.59632,0,0
8881,used GE,hit,0,14.80631,0,14.80631,0,0
8881,used GE,hit,0,16.154234,0,16.154234,0,0
8881,used GE,hit,0,24.248699,0,24.248699,0,0
8881,used GE,hit,0,37.063017,0,37.063017,0,0
8881,used GE,hit,0,15.052975,0,15.052975,0,0
8881,used GE,hit,0,14.271329,0,14.271329,0,0
8881,used GE,hit,0,13.534648,0,13.534648,0,0
8881,used GE,hit,0,12.982694,0,12.982694,0,0
8881,used GE,hit,0,13.574284,0,13.574284,0,0
8881,used GE,hit,0,13.133562,0,13.133562,0,0
8881,used GE,hit,0,12.747619,0,12.747619,0,0
8881,used GE,hit,0,12.695194,0,12.695194,0,0
8881,used GE,hit,0,18.952108,0,18.952108,0,0
8881,used GE,hit,0,13.984402,0,13.984402,0,0
8881,used GE,hit,0,13.892741,0,13.892741,0,0
8881,used GE,hit,0,13.723795,0,13.723795,0,0
8881,used GE,hit,0,13.004826,0,13.004826,0,0
8881,used GE,hit,0,34.427162,0,34.427162,0,0
8881,used GE,hit,0,14.828232,0,14.828232,0,0
27323,30,miss,435.125906,37.583011,354.070271,0,826.779188,0
27323,used GE,hit,0,35.023257,0,35.023257,0,0
27323,used GE,hit,0,36.451714,0,36.451714,0,0
27323,used GE,hit,0,13.534417,0,13.534417,0,0
27323,used GE,hit,0,13.633019,0,13.633019,0,0
27323,used GE,hit,0,32.608873,0,32.608873,0,0
27323,used GE,hit,0,12.516818,0,12.516818,0,0
27323,used GE,hit,0,35.062503,0,35.062503,0,0
27323,used GE,hit,0,13.469281,0,13.469281,0,0
27323,used GE,hit,0,21.696419,0,21.696419,0,0
27323,used GE,hit,0,11.653852,0,11.653852,0,0
27323,used GE,hit,0,24.703232,0,24.703232,0,0
27323,used GE,hit,0,10.089916,0,10.089916,0,0
27323,used GE,hit,0,9.469137,0,9.469137,0,0
27323,used GE,hit,0,9.662303,0,9.662303,0,0
27323,used GE,hit,0,13.220404,0,13.220404,0,0
27323,used GE,hit,0,8.468657,0,8.468657,0,0
27323,used GE,hit,0,18.311637,0,18.311637,0,0
27323,used GE,hit,0,13.42845,0,13.42845,0,0
27323,used GE,hit,0,29.117578,0,29.117578,0,0
27323,used GE,hit,0,30.458907,0,30.458907,0,0
27323,used GE,hit,0,14.781535,0,14.781535,0,0
27323,used GE,hit,0,8.528425,0,8.528425,0,0
27323,used GE,hit,0,8.430613,0,8.430613,0,0
27323,used GE,hit,0,8.894497,0,8.894497,0,0
27323,used GE,hit,0,8.609349,0,8.609349,0,0
27323,used GE,hit,0,9.477091,0,9.477091,0,0
27323,used GE,hit,0,8.781424,0,8.781424,0,0
27323,used GE,hit,0,8.837577,0,8.837577,0,0
27323,used GE,hit,0,21.238229,0,21.238229,0,0
27323,used GE,hit,0,18.645033,0,18.645033,0,0
27323,used GE,hit,0,11.942324,0,11.942324,0,0
27323,used GE,hit,0,16.668275,0,16.668275,0,0
27323,used GE,hit,0,11.517223,0,11.517223,0,0
27323,used GE,hit,0,12.271499,0,12.271499,0,0
27323,used GE,hit,0,24.63027,0,24.63027,0,0
27323,used GE,hit,0,34.180373,0,34.180373,0,0
27323,used GE,hit,0,13.275433,0,13.275433,0,0
27323,used GE,hit,0,40.538342,0,40.538342,0,0
27323,used GE,hit,0,31.80649,0,31.80649,0,0
27323,used GE,hit,0,13.419756,0,13.419756,0,0
27323,used GE,hit,0,12.42144,0,12.42144,0,0
27323,used GE,hit,0,17.159791,0,17.159791,0,0
27323,used GE,hit,0,11.897514,0,11.897514,0,0
27323,used GE,hit,0,11.552997,0,11.552997,0,0
27323,used GE,hit,0,30.407588,0,30.407588,0,0
9163,34,miss,482.423916,14.301131,397.526889,0,894.251936,0
9163,used GE,hit,0,12.819995,0,12.819995,0,0
9163,used GE,hit,0,44.966865,0,44.966865,0,0
9163,used GE,hit,0,14.192091,0,14.192091,0,0
9163,used GE,hit,0,14.920143,0,14.920143,0,0
9163,used GE,hit,0,16.264012,0,16.264012,0,0
9163,used GE,hit,0,21.463676,0,21.463676,0,0
9163,used GE,hit,0,36.287118,0,36.287118,0,0
9163,used GE,hit,0,14.441047,0,14.441047,0,0
9163,used GE,hit,0,16.848904,0,16.848904,0,0
9163,used GE,hit,0,13.571869,0,13.571869,0,0
9163,used GE,hit,0,16.327347,0,16.327347,0,0
9163,used GE,hit,0,14.777236,0,14.777236,0,0
9163,35,soft-hit,495.780691,14.036586,406.755897,916.573174,0,0
9163,used GE,hit,0,23.773737,0,23.773737,0,0
9163,used GE,hit,0,10.895657,0,10.895657,0,0
9163,used GE,hit,0,27.765594,0,27.765594,0,0
9163,used GE,hit,0,27.813493,0,27.813493,0,0
9163,used GE,hit,0,29.126671,0,29.126671,0,0
9163,used GE,hit,0,17.860437,0,17.860437,0,0
9163,used GE,hit,0,30.008159,0,30.008159,0,0
9163,used GE,hit,0,30.13156,0,30.13156,0,0
9163,used GE,hit,0,9.717273,0,9.717273,0,0
9163,used GE,hit,0,13.019682,0,13.019682,0,0
9163,used GE,hit,0,9.742575,0,9.742575,0,0
9163,used GE,hit,0,10.404286,0,10.404286,0,0
9163,used GE,hit,0,10.324609,0,10.324609,0,0
9163,used GE,hit,0,9.372931,0,9.372931,0,0
9163,used GE,hit,0,11.744279,0,11.744279,0,0
9163,used GE,hit,0,36.886398,0,36.886398,0,0
9163,used GE,hit,0,14.317179,0,14.317179,0,0
9163,used GE,hit,0,13.473767,0,13.473767,0,0
9163,used GE,hit,0,13.239374,0,13.239374,0,0
9163,used GE,hit,0,16.388775,0,16.388775,0,0
9163,used GE,hit,0,15.886345,0,15.886345,0,0
9163,used GE,hit,0,16.015738,0,16.015738,0,0
9163,used GE,hit,0,22.66309,0,22.66309,0,0
9163,used GE,hit,0,13.969976,0,13.969976,0,0
9163,used GE,hit,0,14.749452,0,14.749452,0,0
9163,used GE,hit,0,27.604422,0,27.604422,0,0
9163,used GE,hit,0,33.28081,0,33.28081,0,0
9163,used GE,hit,0,15.170232,0,15.170232,0,0
9163,used GE,hit,0,40.916066,0,40.916066,0,0
9163,used GE,hit,0,15.64676,0,15.64676,0,0
9163,used GE,hit,0,38.186635,0,38.186635,0,0
9163,used GE,hit,0,30.209396,0,30.209396,0,0
29372,43,miss,600.452489,14.804922,495.147119,0,1110.40453,0
29372,used GE,hit,0,13.305357,0,13.305357,0,0
29372,used GE,hit,0,13.097926,0,13.097926,0,0
29372,used GE,hit,0,53.360492,0,53.360492,0,0
29372,used GE,hit,0,14.458659,0,14.458659,0,0
29372,used GE,hit,0,16.784098,0,16.784098,0,0
29372,used GE,hit,0,22.639599,0,22.639599,0,0
29372,used GE,hit,0,14.71695,0,14.71695,0,0
29372,used GE,hit,0,44.289166,0,44.289166,0,0
29372,used GE,hit,0,46.375371,0,46.375371,0,0
29372,used GE,hit,0,15.309926,0,15.309926,0,0
29372,used GE,hit,0,32.73471,0,32.73471,0,0
29372,used GE,hit,0,15.377466,0,15.377466,0,0
29372,used GE,hit,0,34.605338,0,34.605338,0,0
29372,used GE,hit,0,17.305977,0,17.305977,0,0
29372,used GE,hit,0,18.142336,0,18.142336,0,0
29372,used GE,hit,0,14.88683,0,14.88683,0,0
29372,used GE,hit,0,21.366145,0,21.366145,0,0
29372,used GE,hit,0,52.173095,0,52.173095,0,0
29372,used GE,hit,0,15.898743,0,15.898743,0,0
29372,used GE,hit,0,44.701943,0,44.701943,0,0
29372,used GE,hit,0,15.633101,0,15.633101,0,0
29372,used GE,hit,0,32.551524,0,32.551524,0,0
29372,used GE,hit,0,13.021986,0,13.021986,0,0
29372,used GE,hit,0,21.736712,0,21.736712,0,0
29372,used GE,hit,0,39.930164,0,39.930164,0,0
29372,used GE,hit,0,28.696506,0,28.696506,0,0
29372,used GE,hit,0,14.756552,0,14.756552,0,0
29372,used GE,hit,0,29.239771,0,29.239771,0,0
29372,used GE,hit,0,21.125378,0,21.125378,0,0
29372,used GE,hit,0,14.443109,0,14.443109,0,0
29372,used GE,hit,0,14.072573,0,14.072573,0,0
29372,used GE,hit,0,43.652371,0,43.652371,0,0
29372,used GE,hit,0,16.07323,0,16.07323,0,0
29372,used GE,hit,0,15.172262,0,15.172262,0,0
29372,used GE,hit,0,14.295508,0,14.295508,0,0
29372,used GE,hit,0,31.935241,0,31.935241,0,0
29372,used GE,hit,0,15.309802,0,15.309802,0,0
29372,used GE,hit,0,15.904658,0,15.904658,0,0
29372,used GE,hit,0,25.412228,0,25.412228,0,0
29372,used GE,hit,0,18.516638,0,18.516638,0,0
29372,used GE,hit,0,41.75481,0,41.75481,0,0
29372,used GE,hit,0,16.215019,0,16.215019,0,0
29372,used GE,hit,0,15.298081,0,15.298081,0,0
29372,used GE,hit,0,22.497007,0,22.497007,0,0
29372,used GE,hit,0,32.841265,0,32.841265,0,0
12054,34,miss,494.963898,14.967094,407.44501,0,917.376002,0
12054,34,soft-hit,492.019481,26.023275,400.284062,918.326818,0,0
12054,34,soft-hit,498.269814,98.035158,410.52719,1006.832162,0,0
12054,34,soft-hit,496.813654,35.443546,408.257727,940.514927,0,0
12054,34,soft-hit,497.368485,16.652588,408.993612,923.014685,0,0
12054,34,soft-hit,489.234819,15.012627,401.087867,905.335313,0,0
12054,34,soft-hit,490.244078,16.479727,401.366545,908.09035,0,0
12054,34,soft-hit,488.81588,15.246078,400.78389,904.8458479999999,0,0
12054,34,soft-hit,509.884,15.186949,416.090058,941.161007,0,0
12054,34,soft-hit,488.647574,18.789699,400.804226,908.241499,0,0
12054,34,soft-hit,489.618012,15.087986,401.998407,906.704405,0,0
12054,34,soft-hit,490.438755,16.47299,402.471895,909.38364,0,0
12054,34,soft-hit,488.486597,29.52209,400.630306,918.638993,0,0
12054,34,soft-hit,503.432918,29.543527,415.426781,948.4032259999999,0,0
12054,34,soft-hit,507.662503,33.707139,408.474081,949.843723,0,0
12054,34,soft-hit,493.387646,15.570464,403.028492,911.9866020000001,0,0
12054,34,soft-hit,488.84898,14.820879,401.574198,905.244057,0,0
12054,34,soft-hit,498.799668,37.388428,411.035857,947.2239529999999,0,0
12054,34,soft-hit,491.384548,15.275616,404.34622,911.006384,0,0
12054,34,soft-hit,493.064822,14.923765,404.589579,912.578166,0,0
12054,34,soft-hit,484.085828,14.525477,400.968701,899.580006,0,0
12054,34,soft-hit,497.759999,15.029049,400.844239,913.633287,0,0
12054,34,soft-hit,492.938078,14.973707,402.560709,910.472494,0,0
12054,34,soft-hit,488.821704,34.744854,400.94329,924.5098479999999,0,0
12054,34,soft-hit,490.810008,59.248904,402.494241,952.553153,0,0
12054,34,soft-hit,488.613482,15.299183,400.876207,904.788872,0,0
12054,35,soft-hit,505.965082,15.130254,415.210265,936.305601,0,0
12054,used GE,hit,0,14.083954,0,14.083954,0,0
12054,used GE,hit,0,26.131476,0,26.131476,0,0
12054,used GE,hit,0,15.192035,0,15.192035,0,0
12054,used GE,hit,0,29.413455,0,29.413455,0,0
12054,35,soft-hit,540.934697,58.222457,444.821961,1043.979115,0,0
12054,35,soft-hit,505.719259,16.290441,417.24674,939.25644,0,0
12054,35,soft-hit,507.783034,16.218332,415.41778,939.419146,0,0
12054,35,soft-hit,510.767543,15.048801,416.500438,942.316782,0,0
12054,35,soft-hit,503.898888,15.011652,412.428926,931.339466,0,0
12054,35,soft-hit,503.889118,19.486849,414.438764,937.8147309999999,0,0
12054,35,soft-hit,509.072616,15.176657,413.231032,937.480305,0,0
12054,35,soft-hit,504.866618,48.472149,414.53003,967.8687970000001,0,0
12054,35,soft-hit,503.053971,15.261515,413.132336,931.447822,0,0
12054,35,soft-hit,504.820288,15.128404,413.805725,933.754417,0,0
12054,35,soft-hit,503.479111,14.894658,413.752321,932.12609,0,0
12054,35,soft-hit,505.064827,14.973353,414.795396,934.833576,0,0
12054,35,soft-hit,504.688693,14.959609,414.809605,934.457907,0,0
12054,35,soft-hit,524.736344,16.430104,428.91149,970.077938,0,0
12054,35,soft-hit,508.384713,15.644055,419.114296,943.143064,0,0
13512,44,miss,624.532028,19.342782,512.21461,0,1156.0894199999998,0
13512,44,soft-hit,621.071869,18.125477,510.952707,1150.1500529999998,0,0
13512,44,soft-hit,618.39416,55.257291,512.952942,1186.604393,0,0
13512,44,soft-hit,619.486577,42.635635,512.995157,1175.117369,0,0
13512,44,soft-hit,616.463686,38.936103,510.588023,1165.987812,0,0
13512,45,soft-hit,632.201443,14.913638,524.692686,1171.807767,0,0
13512,45,soft-hit,632.365212,57.938665,523.996192,1214.300069,0,0
13512,45,soft-hit,632.547198,43.607699,525.276508,1201.431405,0,0
13512,45,soft-hit,630.278401,15.111139,522.256168,1167.645708,0,0
13512,45,soft-hit,638.019702,17.888522,524.200267,1180.108491,0,0
13512,45,soft-hit,635.190344,16.33832,527.002394,1178.531058,0,0
13512,45,soft-hit,640.185936,32.064086,531.955621,1204.2056429999998,0,0
13512,45,soft-hit,632.436409,15.143698,526.521911,1174.102018,0,0
13512,45,soft-hit,638.53141,21.652882,529.20605,1189.3903420000001,0,0
13512,45,soft-hit,645.877567,15.853219,523.573223,1185.304009,0,0
13512,45,soft-hit,640.274761,15.136073,531.737669,1187.148503,0,0
13512,45,soft-hit,633.361337,15.181424,524.607222,1173.149983,0,0
13512,45,soft-hit,649.694087,21.276737,528.132344,1199.103168,0,0
13512,45,soft-hit,631.098602,15.121351,522.640214,1168.860167,0,0
13512,45,soft-hit,640.970584,47.070028,524.691328,1212.7319400000001,0,0
13512,45,soft-hit,647.17844,15.663656,538.651988,1201.494084,0,0
13512,45,soft-hit,639.460175,15.112865,530.307726,1184.8807660000002,0,0
13512,45,soft-hit,636.033885,47.266504,529.459922,1212.760311,0,0
13512,45,soft-hit,638.543743,53.463984,529.473636,1221.4813629999999,0,0
13512,45,soft-hit,633.433197,15.205641,524.556056,1173.194894,0,0
13512,45,soft-hit,638.679877,16.897178,529.210603,1184.7876580000002,0,0
13512,45,soft-hit,636.741741,15.17949,528.764503,1180.6857340000001,0,0
13512,45,soft-hit,632.033065,42.991607,523.315206,1198.339878,0,0
13512,45,soft-hit,647.769101,15.045775,538.946282,1201.761158,0,0
13512,45,soft-hit,637.080481,45.448333,530.470245,1212.999059,0,0
13512,45,soft-hit,642.226066,13.616497,530.297436,1186.139999,0,0
13512,45,soft-hit,633.763079,15.438569,526.304113,1175.505761,0,0
13512,45,soft-hit,632.261621,15.336359,525.171507,1172.769487,0,0
13512,45,soft-hit,637.565475,15.365135,530.097121,1183.0277310000001,0,0
13512,45,soft-hit,634.427967,14.975442,526.031632,1175.435041,0,0
13512,46,soft-hit,662.805216,15.362584,544.491042,1222.6588419999998,0,0
13512,46,soft-hit,648.612245,25.387368,538.788274,1212.787887,0,0
13512,46,soft-hit,650.826499,37.227905,540.072314,1228.126718,0,0
13512,46,soft-hit,655.044832,32.473771,544.895173,1232.413776,0,0
13512,46,soft-hit,647.42488,15.09909,537.705013,1200.228983,0,0
13512,46,soft-hit,649.768631,23.11921,538.654042,1211.5418829999999,0,0
13512,46,soft-hit,647.181199,45.212035,538.547699,1230.9409329999999,0,0
13512,46,soft-hit,649.800423,17.54915,539.247236,1206.5968090000001,0,0
13512,46,soft-hit,653.677493,45.191148,543.743217,1242.611858,0,0
13512,46,soft-hit,648.17767,15.435874,537.969227,1201.582771,0,0
30720,36,miss,521.463027,39.446193,428.845736,0,989.754956,0
30720,used GE,hit,0,14.280641,0,14.280641,0,0
30720,used GE,hit,0,33.920072,0,33.920072,0,0
30720,used GE,hit,0,14.451569,0,14.451569,0,0
30720,used GE,hit,0,23.897394,0,23.897394,0,0
30720,used GE,hit,0,35.781488,0,35.781488,0,0
30720,used GE,hit,0,14.362914,0,14.362914,0,0
30720,used GE,hit,0,13.369536,0,13.369536,0,0
30720,used GE,hit,0,13.4229,0,13.4229,0,0
30720,used GE,hit,0,13.708283,0,13.708283,0,0
30720,used GE,hit,0,14.147295,0,14.147295,0,0
30720,used GE,hit,0,14.157755,0,14.157755,0,0
30720,used GE,hit,0,31.261062,0,31.261062,0,0
30720,used GE,hit,0,13.79938,0,13.79938,0,0
30720,used GE,hit,0,14.033347,0,14.033347,0,0
30720,used GE,hit,0,14.182184,0,14.182184,0,0
30720,used GE,hit,0,14.12661,0,14.12661,0,0
30720,used GE,hit,0,25.618383,0,25.618383,0,0
30720,used GE,hit,0,13.757731,0,13.757731,0,0
30720,used GE,hit,0,17.743607,0,17.743607,0,0
30720,used GE,hit,0,14.880605,0,14.880605,0,0
30720,used GE,hit,0,34.601756,0,34.601756,0,0
30720,used GE,hit,0,14.001981,0,14.001981,0,0
30720,used GE,hit,0,12.94305,0,12.94305,0,0
30720,used GE,hit,0,27.453345,0,27.453345,0,0
30720,37,soft-hit,533.175828,14.083274,440.388843,987.647945,0,0
30720,used GE,hit,0,13.004887,0,13.004887,0,0
30720,used GE,hit,0,12.641604,0,12.641604,0,0
30720,used GE,hit,0,29.409235,0,29.409235,0,0
30720,used GE,hit,0,13.174434,0,13.174434,0,0
30720,used GE,hit,0,13.906114,0,13.906114,0,0
30720,used GE,hit,0,33.704521,0,33.704521,0,0
30720,used GE,hit,0,20.240371,0,20.240371,0,0
30720,used GE,hit,0,27.226906,0,27.226906,0,0
30720,used GE,hit,0,28.522402,0,28.522402,0,0
30720,used GE,hit,0,14.231517,0,14.231517,0,0
30720,used GE,hit,0,14.191697,0,14.191697,0,0
30720,used GE,hit,0,22.755427,0,22.755427,0,0
30720,used GE,hit,0,32.202034,0,32.202034,0,0
30720,used GE,hit,0,24.388831,0,24.388831,0,0
30720,used GE,hit,0,24.974996,0,24.974996,0,0
30720,used GE,hit,0,9.943542,0,9.943542,0,0
30720,used GE,hit,0,9.217324,0,9.217324,0,0
30720,used GE,hit,0,9.019521,0,9.019521,0,0
30720,used GE,hit,0,8.993254,0,8.993254,0,0
13572,47,miss,661.328071,22.181578,550.947605,0,1234.457254,0
13572,used GE,hit,0,34.777115,0,34.777115,0,0
13572,used GE,hit,0,26.738776,0,26.738776,0,0
13572,used GE,hit,0,45.934949,0,45.934949,0,0
13572,used GE,hit,0,46.707054,0,46.707054,0,0
13572,used GE,hit,0,33.337218,0,33.337218,0,0
13572,used GE,hit,0,26.2893,0,26.2893,0,0
13572,used GE,hit,0,16.422297,0,16.422297,0,0
13572,used GE,hit,0,15.6677,0,15.6677,0,0
13572,used GE,hit,0,14.840808,0,14.840808,0,0
13572,used GE,hit,0,39.189873,0,39.189873,0,0
13572,used GE,hit,0,40.982016,0,40.982016,0,0
13572,used GE,hit,0,47.103042,0,47.103042,0,0
13572,used GE,hit,0,23.352692,0,23.352692,0,0
13572,used GE,hit,0,15.696938,0,15.696938,0,0
13572,used GE,hit,0,45.28759,0,45.28759,0,0
13572,used GE,hit,0,17.246862,0,17.246862,0,0
13572,used GE,hit,0,16.359102,0,16.359102,0,0
13572,used GE,hit,0,44.975447,0,44.975447,0,0
13572,used GE,hit,0,40.368768,0,40.368768,0,0
13572,used GE,hit,0,43.792149,0,43.792149,0,0
13572,used GE,hit,0,17.038173,0,17.038173,0,0
13572,used GE,hit,0,16.146517,0,16.146517,0,0
13572,used GE,hit,0,30.946434,0,30.946434,0,0
13572,used GE,hit,0,16.339946,0,16.339946,0,0
13572,used GE,hit,0,16.558792,0,16.558792,0,0
13572,used GE,hit,0,31.998092,0,31.998092,0,0
13572,used GE,hit,0,16.371279,0,16.371279,0,0
13572,used GE,hit,0,15.6738,0,15.6738,0,0
13572,used GE,hit,0,14.904579,0,14.904579,0,0
13572,used GE,hit,0,16.014926,0,16.014926,0,0
13572,used GE,hit,0,15.758501,0,15.758501,0,0
13572,used GE,hit,0,15.50982,0,15.50982,0,0
13572,used GE,hit,0,15.538469,0,15.538469,0,0
13572,used GE,hit,0,21.64259,0,21.64259,0,0
13572,used GE,hit,0,15.608407,0,15.608407,0,0
13572,used GE,hit,0,15.641146,0,15.641146,0,0
13572,used GE,hit,0,15.307101,0,15.307101,0,0
13572,used GE,hit,0,18.106612,0,18.106612,0,0
13572,used GE,hit,0,20.531374,0,20.531374,0,0
13572,used GE,hit,0,15.516621,0,15.516621,0,0
13572,used GE,hit,0,14.90867,0,14.90867,0,0
13572,used GE,hit,0,14.486131,0,14.486131,0,0
13572,used GE,hit,0,31.26786,0,31.26786,0,0
13572,used GE,hit,0,39.923598,0,39.923598,0,0
34058,41,miss,589.848105,15.049496,489.545244,0,1094.442845,0
34058,used GE,hit,0,12.903969,0,12.903969,0,0
34058,used GE,hit,0,12.48009,0,12.48009,0,0
34058,used GE,hit,0,26.845373,0,26.845373,0,0
34058,used GE,hit,0,28.678738,0,28.678738,0,0
34058,used GE,hit,0,36.780614,0,36.780614,0,0
34058,used GE,hit,0,12.351626,0,12.351626,0,0
34058,used GE,hit,0,11.1465,0,11.1465,0,0
34058,used GE,hit,0,11.350787,0,11.350787,0,0
34058,used GE,hit,0,10.111543,0,10.111543,0,0
34058,used GE,hit,0,10.049043,0,10.049043,0,0
34058,used GE,hit,0,23.28773,0,23.28773,0,0
34058,used GE,hit,0,9.886964,0,9.886964,0,0
34058,used GE,hit,0,37.337431,0,37.337431,0,0
34058,used GE,hit,0,10.174282,0,10.174282,0,0
34058,used GE,hit,0,11.19644,0,11.19644,0,0
34058,used GE,hit,0,9.760298,0,9.760298,0,0
34058,used GE,hit,0,9.423997,0,9.423997,0,0
34058,used GE,hit,0,9.487751,0,9.487751,0,0
34058,used GE,hit,0,10.526397,0,10.526397,0,0
34058,used GE,hit,0,14.691578,0,14.691578,0,0
34058,used GE,hit,0,11.520004,0,11.520004,0,0
34058,used GE,hit,0,28.819606,0,28.819606,0,0
34058,used GE,hit,0,25.865065,0,25.865065,0,0
34058,used GE,hit,0,12.336845,0,12.336845,0,0
34058,used GE,hit,0,22.553599,0,22.553599,0,0
34058,used GE,hit,0,19.451136,0,19.451136,0,0
34058,used GE,hit,0,23.37572,0,23.37572,0,0
34058,used GE,hit,0,14.491127,0,14.491127,0,0
34058,used GE,hit,0,19.575504,0,19.575504,0,0
34058,used GE,hit,0,32.066068,0,32.066068,0,0
34058,used GE,hit,0,15.336645,0,15.336645,0,0
34058,used GE,hit,0,14.536422,0,14.536422,0,0
34058,used GE,hit,0,40.908891,0,40.908891,0,0
34058,used GE,hit,0,41.148075,0,41.148075,0,0
34058,used GE,hit,0,24.148195,0,24.148195,0,0
34058,used GE,hit,0,30.443052,0,30.443052,0,0
34058,used GE,hit,0,18.138591,0,18.138591,0,0
34058,used GE,hit,0,14.462071,0,14.462071,0,0
34058,used GE,hit,0,13.817737,0,13.817737,0,0
34058,used GE,hit,0,40.062783,0,40.062783,0,0
34058,used GE,hit,0,15.808842,0,15.808842,0,0
34058,used GE,hit,0,14.915001,0,14.915001,0,0
34058,used GE,hit,0,14.279928,0,14.279928,0,0
34058,used GE,hit,0,14.905781,0,14.905781,0,0
14451,41,miss,600.039273,25.774861,499.058278,0,1124.872412,0
14451,41,soft-hit,592.95145,25.726764,494.062879,1112.741093,0,0
14451,41,soft-hit,595.146665,32.132195,496.505574,1123.7844340000001,0,0
14451,41,soft-hit,592.955682,12.826505,494.328286,1100.110473,0,0
14451,41,soft-hit,596.057195,15.454302,492.208963,1103.72046,0,0
14451,41,soft-hit,602.955986,36.018917,504.708458,1143.683361,0,0
14451,41,soft-hit,591.185225,13.114278,492.332181,1096.631684,0,0
14451,41,soft-hit,591.297327,13.432282,492.768487,1097.498096,0,0
14451,41,soft-hit,596.274435,20.166346,497.179912,1113.620693,0,0
14451,41,soft-hit,597.983622,21.264864,498.707456,1117.955942,0,0
14451,41,soft-hit,598.652039,25.525908,499.057168,1123.235115,0,0
14451,41,soft-hit,594.227567,13.795177,495.935963,1103.958707,0,0
14451,41,soft-hit,590.016397,13.045381,495.698985,1098.760763,0,0
14451,41,soft-hit,593.276125,13.368959,494.657825,1101.302909,0,0
14451,41,soft-hit,593.2455,13.051731,494.739929,1101.03716,0,0
14451,41,soft-hit,599.174223,21.055696,501.695118,1121.925037,0,0
14451,41,soft-hit,600.491095,14.878822,502.195201,1117.565118,0,0
14451,41,soft-hit,597.139312,13.190574,496.121087,1106.450973,0,0
14451,41,soft-hit,602.768998,13.039506,504.015207,1119.823711,0,0
14451,41,soft-hit,604.594328,44.546508,505.706566,1154.8474019999999,0,0
14451,41,soft-hit,618.005436,12.888763,516.848225,1147.742424,0,0
14451,41,soft-hit,607.146348,22.31862,497.642152,1127.1071200000001,0,0
14451,41,soft-hit,594.669034,41.783909,497.232358,1133.685301,0,0
14451,41,soft-hit,600.182564,19.684421,501.745243,1121.612228,0,0
14451,41,soft-hit,594.109632,13.47398,495.588173,1103.171785,0,0
14451,41,soft-hit,596.24136,12.849024,496.794119,1105.884503,0,0
14451,41,soft-hit,596.803215,26.751876,497.663115,1121.218206,0,0
14451,41,soft-hit,595.835635,40.131821,497.45475,1133.4222060000002,0,0
14451,41,soft-hit,601.380588,39.448106,498.096818,1138.925512,0,0
14451,41,soft-hit,589.711166,13.560863,496.35952,1099.631549,0,0
14451,41,soft-hit,597.982745,31.738137,498.798157,1128.519039,0,0
14451,41,soft-hit,601.703066,13.036179,502.540018,1117.279263,0,0
14451,41,soft-hit,606.831619,13.152379,508.888414,1128.8724120000002,0,0
14451,41,soft-hit,610.269312,36.465986,511.396774,1158.1320719999999,0,0
14451,41,soft-hit,621.441174,23.321278,515.786885,1160.549337,0,0
14451,41,soft-hit,602.48424,33.726109,504.621641,1140.8319900000001,0,0
14451,41,soft-hit,606.016423,12.784849,508.053502,1126.854774,0,0
14451,41,soft-hit,606.221094,12.779955,508.354391,1127.35544,0,0
14451,41,soft-hit,593.923997,34.759193,495.072257,1123.755447,0,0
14451,41,soft-hit,593.232454,26.939012,495.447914,1115.61938,0,0
14451,41,soft-hit,599.154216,11.811822,494.98059,1105.9466280000001,0,0
14451,41,soft-hit,593.956718,13.600902,495.832309,1103.389929,0,0
14451,41,soft-hit,602.632479,37.868385,502.840255,1143.3411190000002,0,0
14451,41,soft-hit,593.749648,12.818882,495.563166,1102.131696,0,0
14451,41,soft-hit,597.317375,33.756129,498.544526,1129.61803,0,0
35244,46,miss,663.914746,14.614897,553.799307,0,1232.32895,0
35244,used GE,hit,0,19.887081,0,19.887081,0,0
35244,used GE,hit,0,13.023336,0,13.023336,0,0
35244,used GE,hit,0,43.199196,0,43.199196,0,0
35244,used GE,hit,0,16.424014,0,16.424014,0,0
35244,used GE,hit,0,68.156048,0,68.156048,0,0
35244,used GE,hit,0,17.792514,0,17.792514,0,0
35244,used GE,hit,0,47.527155,0,47.527155,0,0
35244,used GE,hit,0,20.711558,0,20.711558,0,0
35244,used GE,hit,0,41.392879,0,41.392879,0,0
35244,used GE,hit,0,45.923868,0,45.923868,0,0
35244,used GE,hit,0,16.064758,0,16.064758,0,0
35244,used GE,hit,0,15.7991,0,15.7991,0,0
35244,used GE,hit,0,14.948319,0,14.948319,0,0
35244,used GE,hit,0,14.072274,0,14.072274,0,0
35244,used GE,hit,0,45.780506,0,45.780506,0,0
35244,used GE,hit,0,41.129937,0,41.129937,0,0
35244,used GE,hit,0,16.220673,0,16.220673,0,0
35244,used GE,hit,0,32.383582,0,32.383582,0,0
35244,used GE,hit,0,36.640805,0,36.640805,0,0
35244,used GE,hit,0,15.998865,0,15.998865,0,0
35244,used GE,hit,0,15.22283,0,15.22283,0,0
35244,used GE,hit,0,14.734186,0,14.734186,0,0
35244,used GE,hit,0,20.42975,0,20.42975,0,0
35244,used GE,hit,0,28.272544,0,28.272544,0,0
35244,used GE,hit,0,15.052204,0,15.052204,0,0
35244,used GE,hit,0,32.142536,0,32.142536,0,0
35244,used GE,hit,0,46.840227,0,46.840227,0,0
35244,used GE,hit,0,42.990565,0,42.990565,0,0
35244,used GE,hit,0,17.760152,0,17.760152,0,0
35244,used GE,hit,0,31.483288,0,31.483288,0,0
35244,used GE,hit,0,22.842914,0,22.842914,0,0
35244,used GE,hit,0,16.069537,0,16.069537,0,0
35244,used GE,hit,0,14.794877,0,14.794877,0,0
35244,used GE,hit,0,14.249623,0,14.249623,0,0
35244,used GE,hit,0,18.531989,0,18.531989,0,0
35244,used GE,hit,0,25.608485,0,25.608485,0,0
35244,used GE,hit,0,50.809874,0,50.809874,0,0
35244,used GE,hit,0,32.40834,0,32.40834,0,0
35244,used GE,hit,0,15.711076,0,15.711076,0,0
35244,used GE,hit,0,34.950321,0,34.950321,0,0
35244,used GE,hit,0,47.129097,0,47.129097,0,0
35244,used GE,hit,0,49.23944,0,49.23944,0,0
35244,used GE,hit,0,49.275883,0,49.275883,0,0
35244,used GE,hit,0,25.293807,0,25.293807,0,0
15538,43,miss,635.464007,40.132492,530.942429,0,1206.538928,0
15538,43,soft-hit,630.010718,19.643741,523.771844,1173.426303,0,0
15538,43,soft-hit,626.892694,15.665637,522.757204,1165.315535,0,0
15538,43,soft-hit,627.322635,59.276812,522.849617,1209.449064,0,0
15538,43,soft-hit,627.785376,29.340529,523.801368,1180.927273,0,0
15538,43,soft-hit,638.931465,59.039774,527.919904,1225.8911429999998,0,0
15538,43,soft-hit,637.280661,59.793096,533.77151,1230.8452670000001,0,0
15538,43,soft-hit,630.697487,18.196406,525.701939,1174.595832,0,0
15538,43,soft-hit,630.105658,18.086109,525.178595,1173.370362,0,0
15538,43,soft-hit,627.489025,15.884962,523.187246,1166.561233,0,0
15538,43,soft-hit,636.955524,20.769224,523.293004,1181.017752,0,0
15538,43,soft-hit,623.501106,64.628005,523.948415,1212.077526,0,0
15538,43,soft-hit,631.071924,63.43651,523.034867,1217.543301,0,0
15538,43,soft-hit,626.364005,65.516313,522.556866,1214.437184,0,0
15538,43,soft-hit,635.072924,58.904252,529.63439,1223.611566,0,0
15538,43,soft-hit,628.30667,58.582654,522.821828,1209.711152,0,0
15538,43,soft-hit,635.808668,47.054492,523.546738,1206.4098979999999,0,0
15538,43,soft-hit,634.999701,63.390032,534.088019,1232.477752,0,0
15538,43,soft-hit,636.459162,15.89795,533.033815,1185.390927,0,0
15538,43,soft-hit,629.478871,63.36788,524.938739,1217.7854900000002,0,0
15538,43,soft-hit,629.097,58.683175,525.351007,1213.131182,0,0
15538,43,soft-hit,632.468437,59.037882,527.321464,1218.827783,0,0
15538,43,soft-hit,644.787788,16.107861,532.123281,1193.01893,0,0
15538,43,soft-hit,637.913256,38.290064,534.237739,1210.4410590000002,0,0
15538,43,soft-hit,628.142981,63.087592,523.821522,1215.052095,0,0
15538,43,soft-hit,630.791635,58.885414,525.031489,1214.7085379999999,0,0
15538,43,soft-hit,630.335692,34.138975,525.660888,1190.1355549999998,0,0
15538,43,soft-hit,631.196773,16.423002,526.662724,1174.282499,0,0
15538,43,soft-hit,650.299055,28.496214,537.900381,1216.6956500000001,0,0
15538,43,soft-hit,666.011015,39.542871,530.61012,1236.164006,0,0
15538,43,soft-hit,643.146007,25.755886,538.003035,1206.904928,0,0
15538,43,soft-hit,647.385564,91.295268,542.51919,1281.200022,0,0
15538,43,soft-hit,628.617869,35.718777,524.620267,1188.956913,0,0
15538,43,soft-hit,629.630748,42.348133,525.779567,1197.758448,0,0
15538,43,soft-hit,644.601636,62.486731,533.089974,1240.1783409999998,0,0
15538,43,soft-hit,641.885202,31.825032,537.958697,1211.6689310000002,0,0
15538,43,soft-hit,631.113483,63.409388,525.717047,1220.239918,0,0
15538,43,soft-hit,630.363218,63.196325,525.484613,1219.044156,0,0
15538,43,soft-hit,633.836041,58.746373,533.412983,1225.9953970000001,0,0
15538,43,soft-hit,638.152184,70.325874,533.133847,1241.611905,0,0
15538,43,soft-hit,648.946795,18.287321,536.682924,1203.9170399999998,0,0
15538,43,soft-hit,635.139919,65.623408,530.819059,1231.582386,0,0
15538,43,soft-hit,674.434597,64.006981,569.826161,1308.267739,0,0
15538,43,soft-hit,638.537643,38.927068,533.757563,1211.222274,0,0
15538,43,soft-hit,634.08896,58.776323,529.663046,1222.5283290000002,0,0
35836,33,miss,499.784356,24.240548,415.209238,0,939.234142,0
35836,used GE,hit,0,12.357184,0,12.357184,0,0
35836,used GE,hit,0,27.451268,0,27.451268,0,0
35836,used GE,hit,0,29.504374,0,29.504374,0,0
35836,used GE,hit,0,20.770118,0,20.770118,0,0
35836,used GE,hit,0,9.267902,0,9.267902,0,0
35836,used GE,hit,0,16.346133,0,16.346133,0,0
35836,used GE,hit,0,20.41489,0,20.41489,0,0
35836,used GE,hit,0,16.48081,0,16.48081,0,0
35836,used GE,hit,0,8.409462,0,8.409462,0,0
35836,used GE,hit,0,11.239239,0,11.239239,0,0
35836,used GE,hit,0,27.145109,0,27.145109,0,0
35836,used GE,hit,0,8.987015,0,8.987015,0,0
35836,used GE,hit,0,9.165741,0,9.165741,0,0
35836,used GE,hit,0,8.421875,0,8.421875,0,0
35836,used GE,hit,0,9.425892,0,9.425892,0,0
35836,used GE,hit,0,28.899717,0,28.899717,0,0
35836,used GE,hit,0,28.964248,0,28.964248,0,0
35836,used GE,hit,0,26.559591,0,26.559591,0,0
35836,used GE,hit,0,10.016658,0,10.016658,0,0
35836,used GE,hit,0,18.80391,0,18.80391,0,0
35836,used GE,hit,0,11.521589,0,11.521589,0,0
35836,used GE,hit,0,13.693462,0,13.693462,0,0
35836,used GE,hit,0,39.365042,0,39.365042,0,0
35836,used GE,hit,0,27.139166,0,27.139166,0,0
35836,used GE,hit,0,32.519831,0,32.519831,0,0
35836,used GE,hit,0,12.707153,0,12.707153,0,0
35836,used GE,hit,0,12.445409,0,12.445409,0,0
35836,used GE,hit,0,26.036752,0,26.036752,0,0
35836,used GE,hit,0,33.183181,0,33.183181,0,0
35836,used GE,hit,0,12.58168,0,12.58168,0,0
35836,used GE,hit,0,11.97852,0,11.97852,0,0
35836,used GE,hit,0,11.541935,0,11.541935,0,0
35836,used GE,hit,0,23.200868,0,23.200868,0,0
35836,used GE,hit,0,11.80542,0,11.80542,0,0
35836,used GE,hit,0,12.764466,0,12.764466,0,0
35836,used GE,hit,0,12.816145,0,12.816145,0,0
35836,used GE,hit,0,12.345553,0,12.345553,0,0
35836,used GE,hit,0,30.285114,0,30.285114,0,0
35836,used GE,hit,0,12.641336,0,12.641336,0,0
35836,used GE,hit,0,13.88468,0,13.88468,0,0
35836,used GE,hit,0,31.310971,0,31.310971,0,0
35836,used GE,hit,0,21.358714,0,21.358714,0,0
35836,used GE,hit,0,12.66043,0,12.66043,0,0
35836,used GE,hit,0,25.932311,0,25.932311,0,0
16948,50,miss,737.284904,15.643885,621.387299,0,1374.316088,0
16948,used GE,hit,0,14.538411,0,14.538411,0,0
16948,used GE,hit,0,18.96025,0,18.96025,0,0
16948,used GE,hit,0,47.378677,0,47.378677,0,0
16948,used GE,hit,0,17.492889,0,17.492889,0,0
16948,used GE,hit,0,32.530706,0,32.530706,0,0
16948,used GE,hit,0,17.814635,0,17.814635,0,0
16948,used GE,hit,0,27.63111,0,27.63111,0,0
16948,used GE,hit,0,44.020467,0,44.020467,0,0
16948,used GE,hit,0,17.489813,0,17.489813,0,0
16948,used GE,hit,0,39.643222,0,39.643222,0,0
16948,used GE,hit,0,68.423826,0,68.423826,0,0
16948,used GE,hit,0,19.114723,0,19.114723,0,0
16948,used GE,hit,0,38.346978,0,38.346978,0,0
16948,used GE,hit,0,17.483646,0,17.483646,0,0
16948,used GE,hit,0,35.608813,0,35.608813,0,0
16948,used GE,hit,0,21.552983,0,21.552983,0,0
16948,used GE,hit,0,17.060425,0,17.060425,0,0
16948,used GE,hit,0,28.162643,0,28.162643,0,0
16948,used GE,hit,0,34.415478,0,34.415478,0,0
16948,used GE,hit,0,17.956246,0,17.956246,0,0
16948,used GE,hit,0,15.17652,0,15.17652,0,0
16948,used GE,hit,0,12.719737,0,12.719737,0,0
16948,used GE,hit,0,13.02914,0,13.02914,0,0
16948,used GE,hit,0,26.611347,0,26.611347,0,0
16948,used GE,hit,0,32.144947,0,32.144947,0,0
16948,used GE,hit,0,16.746666,0,16.746666,0,0
16948,used GE,hit,0,16.646672,0,16.646672,0,0
16948,used GE,hit,0,39.994416,0,39.994416,0,0
16948,used GE,hit,0,44.267446,0,44.267446,0,0
16948,used GE,hit,0,14.766457,0,14.766457,0,0
16948,used GE,hit,0,17.241652,0,17.241652,0,0
16948,used GE,hit,0,12.223786,0,12.223786,0,0
16948,used GE,hit,0,44.291856,0,44.291856,0,0
16948,used GE,hit,0,12.054211,0,12.054211,0,0
16948,used GE,hit,0,11.549791,0,11.549791,0,0
16948,used GE,hit,0,11.187521,0,11.187521,0,0
16948,used GE,hit,0,11.387308,0,11.387308,0,0
16948,used GE,hit,0,11.072611,0,11.072611,0,0
16948,used GE,hit,0,38.377487,0,38.377487,0,0
16948,used GE,hit,0,46.600006,0,46.600006,0,0
16948,used GE,hit,0,12.548302,0,12.548302,0,0
16948,used GE,hit,0,24.316599,0,24.316599,0,0
16948,used GE,hit,0,12.899306,0,12.899306,0,0
16948,used GE,hit,0,12.701759,0,12.701759,0,0
17621,49,miss,728.131273,15.11661,614.866492,0,1358.114375,0
17621,used GE,hit,0,14.137801,0,14.137801,0,0
17621,used GE,hit,0,17.491998,0,17.491998,0,0
17621,used GE,hit,0,13.257269,0,13.257269,0,0
17621,used GE,hit,0,13.249319,0,13.249319,0,0
17621,used GE,hit,0,53.657157,0,53.657157,0,0
17621,used GE,hit,0,16.713006,0,16.713006,0,0
17621,used GE,hit,0,15.680095,0,15.680095,0,0
17621,used GE,hit,0,53.672784,0,53.672784,0,0
17621,used GE,hit,0,31.203312,0,31.203312,0,0
17621,used GE,hit,0,16.285697,0,16.285697,0,0
17621,used GE,hit,0,38.20101,0,38.20101,0,0
17621,used GE,hit,0,17.398069,0,17.398069,0,0
17621,used GE,hit,0,16.040535,0,16.040535,0,0
17621,used GE,hit,0,15.23444,0,15.23444,0,0
17621,used GE,hit,0,15.72247,0,15.72247,0,0
17621,used GE,hit,0,45.115036,0,45.115036,0,0
17621,used GE,hit,0,16.681389,0,16.681389,0,0
17621,used GE,hit,0,16.008546,0,16.008546,0,0
17621,used GE,hit,0,16.384091,0,16.384091,0,0
17621,used GE,hit,0,24.082486,0,24.082486,0,0
17621,used GE,hit,0,19.858655,0,19.858655,0,0
17621,used GE,hit,0,24.195007,0,24.195007,0,0
17621,used GE,hit,0,36.003941,0,36.003941,0,0
17621,used GE,hit,0,48.483054,0,48.483054,0,0
17621,used GE,hit,0,17.851102,0,17.851102,0,0
17621,used GE,hit,0,17.564771,0,17.564771,0,0
17621,used GE,hit,0,40.397275,0,40.397275,0,0
17621,used GE,hit,0,16.517834,0,16.517834,0,0
17621,used GE,hit,0,35.553097,0,35.553097,0,0
17621,used GE,hit,0,35.702254,0,35.702254,0,0
17621,used GE,hit,0,16.221683,0,16.221683,0,0
17621,used GE,hit,0,16.422738,0,16.422738,0,0
17621,used GE,hit,0,16.092648,0,16.092648,0,0
17621,used GE,hit,0,15.557275,0,15.557275,0,0
17621,used GE,hit,0,51.76414,0,51.76414,0,0
17621,used GE,hit,0,16.760786,0,16.760786,0,0
17621,used GE,hit,0,16.08858,0,16.08858,0,0
17621,used GE,hit,0,14.934278,0,14.934278,0,0
17621,used GE,hit,0,16.003176,0,16.003176,0,0
17621,used GE,hit,0,51.413186,0,51.413186,0,0
17621,used GE,hit,0,33.346018,0,33.346018,0,0
17621,used GE,hit,0,31.84944,0,31.84944,0,0
17621,used GE,hit,0,11.356024,0,11.356024,0,0
20532,49,miss,721.460461,17.820462,606.670654,0,1345.951577,0
20532,used GE,hit,0,39.514442,0,39.514442,0,0
20532,used GE,hit,0,20.356753,0,20.356753,0,0
20532,used GE,hit,0,22.554986,0,22.554986,0,0
20532,used GE,hit,0,78.544517,0,78.544517,0,0
20532,used GE,hit,0,20.87658,0,20.87658,0,0
20532,used GE,hit,0,18.544476,0,18.544476,0,0
20532,used GE,hit,0,20.971452,0,20.971452,0,0
20532,used GE,hit,0,17.239115,0,17.239115,0,0
20532,used GE,hit,0,16.372326,0,16.372326,0,0
20532,used GE,hit,0,15.727814,0,15.727814,0,0
20532,used GE,hit,0,16.739715,0,16.739715,0,0
20532,used GE,hit,0,37.237119,0,37.237119,0,0
20532,used GE,hit,0,39.772858,0,39.772858,0,0
20532,used GE,hit,0,17.934334,0,17.934334,0,0
20532,used GE,hit,0,21.170623,0,21.170623,0,0
20532,used GE,hit,0,17.322308,0,17.322308,0,0
20532,used GE,hit,0,16.548447,0,16.548447,0,0
20532,used GE,hit,0,31.09085,0,31.09085,0,0
20532,used GE,hit,0,18.068273,0,18.068273,0,0
20532,used GE,hit,0,20.468518,0,20.468518,0,0
20532,50,soft-hit,756.767365,30.673617,635.758366,1423.199348,0,0
20532,used GE,hit,0,16.478779,0,16.478779,0,0
20532,used GE,hit,0,16.091288,0,16.091288,0,0
20532,used GE,hit,0,15.359987,0,15.359987,0,0
20532,used GE,hit,0,15.144223,0,15.144223,0,0
20532,used GE,hit,0,37.682726,0,37.682726,0,0
20532,used GE,hit,0,26.723045,0,26.723045,0,0
20532,used GE,hit,0,18.486285,0,18.486285,0,0
20532,used GE,hit,0,17.911306,0,17.911306,0,0
20532,used GE,hit,0,18.785015,0,18.785015,0,0
20532,used GE,hit,0,19.01433,0,19.01433,0,0
20532,used GE,hit,0,16.353047,0,16.353047,0,0
20532,used GE,hit,0,16.412566,0,16.412566,0,0
20532,used GE,hit,0,19.932113,0,19.932113,0,0
20532,used GE,hit,0,17.113389,0,17.113389,0,0
20532,used GE,hit,0,17.322128,0,17.322128,0,0
20532,used GE,hit,0,18.075475,0,18.075475,0,0
20532,used GE,hit,0,35.37821,0,35.37821,0,0
20532,used GE,hit,0,55.729784,0,55.729784,0,0
20532,used GE,hit,0,18.653715,0,18.653715,0,0
20532,used GE,hit,0,39.700187,0,39.700187,0,0
20532,used GE,hit,0,18.78729,0,18.78729,0,0
20532,used GE,hit,0,34.568321,0,34.568321,0,0
25357,51,miss,770.652155,15.610476,638.885215,0,1425.1478459999998,0
25357,used GE,hit,0,48.100606,0,48.100606,0,0
25357,used GE,hit,0,19.376931,0,19.376931,0,0
25357,used GE,hit,0,27.188617,0,27.188617,0,0
25357,used GE,hit,0,18.548783,0,18.548783,0,0
25357,used GE,hit,0,18.075052,0,18.075052,0,0
25357,used GE,hit,0,33.112132,0,33.112132,0,0
25357,used GE,hit,0,18.246074,0,18.246074,0,0
25357,used GE,hit,0,49.974557,0,49.974557,0,0
25357,used GE,hit,0,78.045352,0,78.045352,0,0
25357,used GE,hit,0,19.766169,0,19.766169,0,0
25357,used GE,hit,0,20.076831,0,20.076831,0,0
25357,used GE,hit,0,18.971393,0,18.971393,0,0
25357,used GE,hit,0,18.097197,0,18.097197,0,0
25357,used GE,hit,0,18.244706,0,18.244706,0,0
25357,used GE,hit,0,17.994413,0,17.994413,0,0
25357,used GE,hit,0,17.69234,0,17.69234,0,0
25357,used GE,hit,0,17.545631,0,17.545631,0,0
25357,used GE,hit,0,33.427204,0,33.427204,0,0
25357,used GE,hit,0,60.601198,0,60.601198,0,0
25357,used GE,hit,0,55.02893,0,55.02893,0,0
25357,used GE,hit,0,20.648935,0,20.648935,0,0
25357,used GE,hit,0,19.723742,0,19.723742,0,0
25357,used GE,hit,0,35.56847,0,35.56847,0,0
25357,used GE,hit,0,42.798788,0,42.798788,0,0
25357,used GE,hit,0,19.163575,0,19.163575,0,0
25357,used GE,hit,0,26.692006,0,26.692006,0,0
25357,used GE,hit,0,18.985429,0,18.985429,0,0
25357,used GE,hit,0,18.659318,0,18.659318,0,0
25357,used GE,hit,0,17.675961,0,17.675961,0,0
25357,used GE,hit,0,28.878944,0,28.878944,0,0
25357,used GE,hit,0,17.915658,0,17.915658,0,0
25357,used GE,hit,0,29.965928,0,29.965928,0,0
25357,used GE,hit,0,38.571861,0,38.571861,0,0
25357,used GE,hit,0,32.526655,0,32.526655,0,0
25357,used GE,hit,0,12.859074,0,12.859074,0,0
25357,used GE,hit,0,12.503799,0,12.503799,0,0
25357,used GE,hit,0,12.82462,0,12.82462,0,0
25357,used GE,hit,0,12.400295,0,12.400295,0,0
25357,used GE,hit,0,12.152573,0,12.152573,0,0
25357,used GE,hit,0,29.80742,0,29.80742,0,0
25357,used GE,hit,0,13.663514,0,13.663514,0,0
25357,used GE,hit,0,46.360444,0,46.360444,0,0
25357,used GE,hit,0,30.451816,0,30.451816,0,0
26697,56,miss,842.162012,18.578164,712.042088,0,1572.782264,0
26697,56,soft-hit,832.473285,51.777732,703.361879,1587.612896,0,0
26697,56,soft-hit,828.225738,22.220076,696.055891,1546.501705,0,0
26697,56,soft-hit,829.714835,18.467083,701.08643,1549.268348,0,0
26697,56,soft-hit,837.368931,18.228153,710.591948,1566.189032,0,0
26697,56,soft-hit,829.558722,18.614652,701.467044,1549.640418,0,0
26697,56,soft-hit,828.008757,18.438238,698.885909,1545.3329039999999,0,0
26697,56,soft-hit,832.472,17.808076,696.129565,1546.409641,0,0
26697,56,soft-hit,826.238159,22.714254,696.905666,1545.858079,0,0
26697,56,soft-hit,829.630181,18.208246,702.787022,1550.6254490000001,0,0
26697,56,soft-hit,830.581668,18.564455,703.057267,1552.2033900000001,0,0
26697,56,soft-hit,874.836203,63.976644,746.845071,1685.6579179999999,0,0
26697,56,soft-hit,832.697571,19.179414,704.849842,1556.726827,0,0
26697,56,soft-hit,828.180843,19.412118,698.623104,1546.216065,0,0
26697,56,soft-hit,824.683772,48.56015,697.347252,1570.5911740000001,0,0
26697,56,soft-hit,835.355317,19.865367,706.492334,1561.713018,0,0
26697,56,soft-hit,840.966123,39.497022,704.204223,1584.667368,0,0
26697,56,soft-hit,828.765664,20.189954,700.135072,1549.09069,0,0
26697,56,soft-hit,876.700218,18.260548,749.462476,1644.4232419999998,0,0
26697,56,soft-hit,840.790221,18.601051,713.367867,1572.759139,0,0
26697,56,soft-hit,836.925081,19.781362,708.876617,1565.58306,0,0
26697,56,soft-hit,841.843512,17.143216,706.15794,1565.1446680000001,0,0
26697,56,soft-hit,838.573363,20.724411,708.493962,1567.7917360000001,0,0
26697,56,soft-hit,836.986787,18.581518,706.892525,1562.46083,0,0
26697,56,soft-hit,826.622822,17.741518,700.141156,1544.5054960000002,0,0
26697,56,soft-hit,843.563671,91.726851,707.64715,1642.937672,0,0
26697,56,soft-hit,826.253776,53.304163,698.421578,1577.979517,0,0
26697,56,soft-hit,840.096592,18.11696,712.123075,1570.336627,0,0
26697,56,soft-hit,862.96293,18.569311,735.350929,1616.88317,0,0
26697,56,soft-hit,839.693211,27.027275,711.623372,1578.3438580000002,0,0
26697,56,soft-hit,840.11466,31.332149,710.424238,1581.8710469999999,0,0
26697,56,soft-hit,833.038994,18.25708,704.422541,1555.718615,0,0
26697,56,soft-hit,830.283083,18.291631,702.265464,1550.840178,0,0
26697,56,soft-hit,836.341343,17.952325,708.471094,1562.764762,0,0
26697,56,soft-hit,834.005114,39.316154,706.195129,1579.5163969999999,0,0
26697,56,soft-hit,829.251493,47.601814,700.397631,1577.2509380000001,0,0
26697,56,soft-hit,828.904621,26.519374,701.280222,1556.704217,0,0
26697,56,soft-hit,831.253625,70.974374,702.556578,1604.784577,0,0
26697,56,soft-hit,832.717403,52.909202,704.547922,1590.1745270000001,0,0
26697,56,soft-hit,831.02228,27.576614,703.854977,1562.453871,0,0
26697,56,soft-hit,836.212733,61.602425,709.266516,1607.081674,0,0
26697,56,soft-hit,849.770446,22.481635,713.495438,1585.747519,0,0
26697,56,soft-hit,832.061963,55.829729,704.95532,1592.8470120000002,0,0
26697,56,soft-hit,830.456933,23.233222,702.338556,1556.028711,0,0
1085,56,miss,826.806492,16.36641,700.743746,0,1543.916648,0
1085,used GE,hit,0,15.424236,0,15.424236,0,0
1085,used GE,hit,0,31.729849,0,31.729849,0,0
1085,used GE,hit,0,16.993556,0,16.993556,0,0
1085,used GE,hit,0,39.929921,0,39.929921,0,0
1085,used GE,hit,0,51.069034,0,51.069034,0,0
1085,used GE,hit,0,38.169527,0,38.169527,0,0
1085,used GE,hit,0,28.344604,0,28.344604,0,0
1085,used GE,hit,0,33.752347,0,33.752347,0,0
1085,used GE,hit,0,24.061606,0,24.061606,0,0
1085,used GE,hit,0,27.184586,0,27.184586,0,0
1085,used GE,hit,0,17.353034,0,17.353034,0,0
1085,used GE,hit,0,19.433186,0,19.433186,0,0
1085,used GE,hit,0,14.429642,0,14.429642,0,0
1085,used GE,hit,0,14.036489,0,14.036489,0,0
1085,used GE,hit,0,14.454353,0,14.454353,0,0
1085,used GE,hit,0,13.164882,0,13.164882,0,0
1085,used GE,hit,0,14.027173,0,14.027173,0,0
1085,used GE,hit,0,41.481286,0,41.481286,0,0
1085,used GE,hit,0,29.953204,0,29.953204,0,0
1085,used GE,hit,0,13.086638,0,13.086638,0,0
1085,used GE,hit,0,15.751186,0,15.751186,0,0
1085,used GE,hit,0,45.572224,0,45.572224,0,0
1085,used GE,hit,0,13.407996,0,13.407996,0,0
1085,used GE,hit,0,14.011483,0,14.011483,0,0
1085,used GE,hit,0,18.333028,0,18.333028,0,0
1085,used GE,hit,0,15.003121,0,15.003121,0,0
1085,used GE,hit,0,14.093569,0,14.093569,0,0
1085,used GE,hit,0,14.268524,0,14.268524,0,0
1085,used GE,hit,0,16.29374,0,16.29374,0,0
1085,used GE,hit,0,17.827846,0,17.827846,0,0
1085,used GE,hit,0,18.525465,0,18.525465,0,0
1085,used GE,hit,0,17.594915,0,17.594915,0,0
1085,used GE,hit,0,18.068662,0,18.068662,0,0
1085,used GE,hit,0,51.111105,0,51.111105,0,0
1085,used GE,hit,0,20.484334,0,20.484334,0,0
1085,used GE,hit,0,18.505584,0,18.505584,0,0
1085,used GE,hit,0,68.76003,0,68.76003,0,0
1085,used GE,hit,0,57.550199,0,57.550199,0,0
1085,used GE,hit,0,61.080201,0,61.080201,0,0
1085,used GE,hit,0,20.601448,0,20.601448,0,0
1085,used GE,hit,0,31.47112,0,31.47112,0,0
1085,used GE,hit,0,18.63014,0,18.63014,0,0
1085,used GE,hit,0,26.747834,0,26.747834,0,0
28114,53,miss,789.331154,20.482376,673.523064,0,1483.3365939999999,0
28114,used GE,hit,0,38.975675,0,38.975675,0,0
28114,used GE,hit,0,22.000052,0,22.000052,0,0
28114,used GE,hit,0,16.739945,0,16.739945,0,0
28114,used GE,hit,0,33.745714,0,33.745714,0,0
28114,used GE,hit,0,43.906353,0,43.906353,0,0
28114,used GE,hit,0,20.964649,0,20.964649,0,0
28114,used GE,hit,0,53.738343,0,53.738343,0,0
28114,used GE,hit,0,37.104836,0,37.104836,0,0
28114,used GE,hit,0,20.765173,0,20.765173,0,0
28114,used GE,hit,0,21.343124,0,21.343124,0,0
28114,used GE,hit,0,32.747265,0,32.747265,0,0
28114,used GE,hit,0,52.762197,0,52.762197,0,0
28114,used GE,hit,0,43.589602,0,43.589602,0,0
28114,used GE,hit,0,52.814253,0,52.814253,0,0
28114,used GE,hit,0,33.558859,0,33.558859,0,0
28114,used GE,hit,0,20.004522,0,20.004522,0,0
28114,used GE,hit,0,51.41822,0,51.41822,0,0
28114,used GE,hit,0,24.943916,0,24.943916,0,0
28114,used GE,hit,0,50.156968,0,50.156968,0,0
28114,used GE,hit,0,56.958343,0,56.958343,0,0
28114,used GE,hit,0,15.85098,0,15.85098,0,0
28114,used GE,hit,0,14.670031,0,14.670031,0,0
28114,used GE,hit,0,14.936637,0,14.936637,0,0
28114,used GE,hit,0,48.163759,0,48.163759,0,0
28114,used GE,hit,0,14.363625,0,14.363625,0,0
28114,used GE,hit,0,12.635382,0,12.635382,0,0
28114,used GE,hit,0,12.43253,0,12.43253,0,0
28114,used GE,hit,0,12.486924,0,12.486924,0,0
28114,used GE,hit,0,12.406075,0,12.406075,0,0
28114,used GE,hit,0,13.383458,0,13.383458,0,0
28114,used GE,hit,0,49.909884,0,49.909884,0,0
28114,used GE,hit,0,29.273253,0,29.273253,0,0
28114,used GE,hit,0,24.047261,0,24.047261,0,0
28114,used GE,hit,0,13.374863,0,13.374863,0,0
28114,used GE,hit,0,45.777768,0,45.777768,0,0
28114,used GE,hit,0,42.373394,0,42.373394,0,0
28114,used GE,hit,0,49.635468,0,49.635468,0,0
28114,used GE,hit,0,20.425439,0,20.425439,0,0
28114,used GE,hit,0,80.580195,0,80.580195,0,0
28114,used GE,hit,0,65.462537,0,65.462537,0,0
28114,used GE,hit,0,50.561088,0,50.561088,0,0
28114,used GE,hit,0,54.751397,0,54.751397,0,0
28114,used GE,hit,0,20.663877,0,20.663877,0,0
1160,48,miss,735.37784,22.957073,623.742628,0,1382.077541,0
1160,used GE,hit,0,27.521792,0,27.521792,0,0
1160,used GE,hit,0,44.607743,0,44.607743,0,0
1160,used GE,hit,0,17.190824,0,17.190824,0,0
1160,used GE,hit,0,15.775508,0,15.775508,0,0
1160,used GE,hit,0,15.362767,0,15.362767,0,0
1160,used GE,hit,0,16.252341,0,16.252341,0,0
1160,used GE,hit,0,16.045818,0,16.045818,0,0
1160,used GE,hit,0,46.984713,0,46.984713,0,0
1160,used GE,hit,0,17.622725,0,17.622725,0,0
1160,used GE,hit,0,16.724093,0,16.724093,0,0
1160,used GE,hit,0,32.761627,0,32.761627,0,0
1160,used GE,hit,0,17.459378,0,17.459378,0,0
1160,used GE,hit,0,16.807535,0,16.807535,0,0
1160,used GE,hit,0,42.780571,0,42.780571,0,0
1160,used GE,hit,0,24.751521,0,24.751521,0,0
1160,used GE,hit,0,21.106683,0,21.106683,0,0
1160,used GE,hit,0,21.19838,0,21.19838,0,0
1160,used GE,hit,0,17.218127,0,17.218127,0,0
1160,used GE,hit,0,19.928426,0,19.928426,0,0
1160,used GE,hit,0,49.158237,0,49.158237,0,0
1160,used GE,hit,0,18.303625,0,18.303625,0,0
1160,used GE,hit,0,17.404136,0,17.404136,0,0
1160,used GE,hit,0,16.814012,0,16.814012,0,0
1160,used GE,hit,0,20.423285,0,20.423285,0,0
1160,used GE,hit,0,16.273842,0,16.273842,0,0
1160,used GE,hit,0,16.903299,0,16.903299,0,0
1160,used GE,hit,0,16.116616,0,16.116616,0,0
1160,used GE,hit,0,38.205814,0,38.205814,0,0
1160,used GE,hit,0,17.589075,0,17.589075,0,0
1160,used GE,hit,0,56.589262,0,56.589262,0,0
1160,used GE,hit,0,13.358682,0,13.358682,0,0
1160,used GE,hit,0,11.538169,0,11.538169,0,0
1160,used GE,hit,0,11.379046,0,11.379046,0,0
1160,used GE,hit,0,40.043094,0,40.043094,0,0
1160,used GE,hit,0,11.257253,0,11.257253,0,0
1160,used GE,hit,0,11.559505,0,11.559505,0,0
1160,used GE,hit,0,10.818566,0,10.818566,0,0
1160,used GE,hit,0,11.185075,0,11.185075,0,0
1160,used GE,hit,0,10.822381,0,10.822381,0,0
1160,used GE,hit,0,11.088898,0,11.088898,0,0
1160,used GE,hit,0,11.570091,0,11.570091,0,0
1160,used GE,hit,0,10.888733,0,10.888733,0,0
1160,used GE,hit,0,32.282564,0,32.282564,0,0
28513,44,miss,673.694361,14.879249,569.50084,0,1258.07445,0
28513,used GE,hit,0,12.857512,0,12.857512,0,0
28513,used GE,hit,0,19.839828,0,19.839828,0,0
28513,used GE,hit,0,56.906169,0,56.906169,0,0
28513,used GE,hit,0,15.481104,0,15.481104,0,0
28513,used GE,hit,0,21.20948,0,21.20948,0,0
28513,used GE,hit,0,14.508112,0,14.508112,0,0
28513,used GE,hit,0,14.384038,0,14.384038,0,0
28513,used GE,hit,0,40.643585,0,40.643585,0,0
28513,used GE,hit,0,15.504947,0,15.504947,0,0
28513,used GE,hit,0,14.83512,0,14.83512,0,0
28513,used GE,hit,0,14.041877,0,14.041877,0,0
28513,used GE,hit,0,15.033097,0,15.033097,0,0
28513,used GE,hit,0,13.560074,0,13.560074,0,0
28513,used GE,hit,0,38.292133,0,38.292133,0,0
28513,used GE,hit,0,36.079234,0,36.079234,0,0
28513,used GE,hit,0,14.679963,0,14.679963,0,0
28513,used GE,hit,0,14.715951,0,14.715951,0,0
28513,used GE,hit,0,37.718756,0,37.718756,0,0
28513,used GE,hit,0,38.80751,0,38.80751,0,0
28513,used GE,hit,0,38.110589,0,38.110589,0,0
28513,used GE,hit,0,42.716391,0,42.716391,0,0
28513,used GE,hit,0,23.253975,0,23.253975,0,0
28513,used GE,hit,0,15.201687,0,15.201687,0,0
28513,used GE,hit,0,14.395069,0,14.395069,0,0
28513,used GE,hit,0,13.901252,0,13.901252,0,0
28513,used GE,hit,0,13.512931,0,13.512931,0,0
28513,used GE,hit,0,14.605424,0,14.605424,0,0
28513,used GE,hit,0,14.453002,0,14.453002,0,0
28513,used GE,hit,0,14.040283,0,14.040283,0,0
28513,used GE,hit,0,14.012521,0,14.012521,0,0
28513,used GE,hit,0,13.959367,0,13.959367,0,0
28513,used GE,hit,0,29.156109,0,29.156109,0,0
28513,used GE,hit,0,16.025965,0,16.025965,0,0
28513,used GE,hit,0,14.648982,0,14.648982,0,0
28513,used GE,hit,0,34.101026,0,34.101026,0,0
28513,used GE,hit,0,28.688997,0,28.688997,0,0
28513,used GE,hit,0,14.542604,0,14.542604,0,0
28513,used GE,hit,0,30.989022,0,30.989022,0,0
28513,used GE,hit,0,15.403354,0,15.403354,0,0
28513,used GE,hit,0,15.217646,0,15.217646,0,0
28513,used GE,hit,0,22.971402,0,22.971402,0,0
28513,used GE,hit,0,32.878785,0,32.878785,0,0
28513,used GE,hit,0,30.001553,0,30.001553,0,0
2836,57,miss,862.80462,16.800588,736.734256,0,1616.339464,0
2836,used GE,hit,0,17.694368,0,17.694368,0,0
2836,used GE,hit,0,16.579517,0,16.579517,0,0
2836,used GE,hit,0,17.60885,0,17.60885,0,0
2836,used GE,hit,0,17.209546,0,17.209546,0,0
2836,used GE,hit,0,53.339413,0,53.339413,0,0
2836,used GE,hit,0,31.328581,0,31.328581,0,0
2836,used GE,hit,0,19.702434,0,19.702434,0,0
2836,used GE,hit,0,33.630054,0,33.630054,0,0
2836,used GE,hit,0,19.046432,0,19.046432,0,0
2836,used GE,hit,0,19.402609,0,19.402609,0,0
2836,used GE,hit,0,47.013363,0,47.013363,0,0
2836,used GE,hit,0,18.898188,0,18.898188,0,0
2836,used GE,hit,0,48.913515,0,48.913515,0,0
2836,used GE,hit,0,19.554165,0,19.554165,0,0
2836,used GE,hit,0,18.887608,0,18.887608,0,0
2836,used GE,hit,0,37.694974,0,37.694974,0,0
2836,used GE,hit,0,19.027887,0,19.027887,0,0
2836,used GE,hit,0,19.152739,0,19.152739,0,0
2836,used GE,hit,0,30.079494,0,30.079494,0,0
2836,used GE,hit,0,62.085598,0,62.085598,0,0
2836,used GE,hit,0,20.084068,0,20.084068,0,0
2836,used GE,hit,0,47.087914,0,47.087914,0,0
2836,used GE,hit,0,29.717931,0,29.717931,0,0
2836,used GE,hit,0,53.994087,0,53.994087,0,0
2836,used GE,hit,0,30.500542,0,30.500542,0,0
2836,used GE,hit,0,87.912089,0,87.912089,0,0
2836,used GE,hit,0,35.587022,0,35.587022,0,0
2836,used GE,hit,0,23.647495,0,23.647495,0,0
2836,used GE,hit,0,41.679758,0,41.679758,0,0
2836,used GE,hit,0,18.481504,0,18.481504,0,0
2836,used GE,hit,0,26.189817,0,26.189817,0,0
2836,used GE,hit,0,80.614236,0,80.614236,0,0
2836,used GE,hit,0,20.011246,0,20.011246,0,0
2836,used GE,hit,0,18.887431,0,18.887431,0,0
2836,used GE,hit,0,21.854272,0,21.854272,0,0
2836,used GE,hit,0,18.118214,0,18.118214,0,0
2836,used GE,hit,0,42.119753,0,42.119753,0,0
2836,used GE,hit,0,27.454766,0,27.454766,0,0
2836,used GE,hit,0,48.301914,0,48.301914,0,0
2836,used GE,hit,0,20.394344,0,20.394344,0,0
2836,used GE,hit,0,19.878977,0,19.878977,0,0
2836,used GE,hit,0,18.642494,0,18.642494,0,0
2836,used GE,hit,0,18.60911,0,18.60911,0,0
28878,53,miss,813.304142,26.575421,690.47457,0,1530.3541329999998,0
28878,53,soft-hit,830.857755,17.633237,710.518027,1559.009019,0,0
28878,53,soft-hit,858.285953,17.545492,731.461894,1607.2933389999998,0,0
28878,53,soft-hit,811.663528,39.316734,689.484126,1540.4643879999999,0,0
28878,53,soft-hit,814.013626,17.196646,691.178596,1522.388868,0,0
28878,53,soft-hit,811.172776,21.322201,689.382671,1521.877648,0,0
28878,53,soft-hit,815.332595,42.311614,690.195443,1547.839652,0,0
28878,53,soft-hit,809.122931,40.206113,687.749144,1537.078188,0,0
28878,53,soft-hit,810.902673,16.845758,689.513292,1517.261723,0,0
28878,53,soft-hit,812.252409,45.02056,691.008772,1548.281741,0,0
28878,53,soft-hit,822.382727,59.866599,699.908784,1582.1581099999999,0,0
28878,53,soft-hit,825.081257,56.509184,694.908498,1576.498939,0,0
28878,53,soft-hit,811.61259,16.914196,688.16119,1516.687976,0,0
28878,53,soft-hit,820.672867,16.772317,699.88866,1537.333844,0,0
28878,53,soft-hit,824.646585,17.217744,703.243047,1545.107376,0,0
28878,53,soft-hit,812.301288,16.988162,689.698281,1518.987731,0,0
28878,53,soft-hit,811.174834,44.687677,688.651286,1544.513797,0,0
28878,53,soft-hit,813.974933,15.972053,688.587462,1518.5344479999999,0,0
28878,53,soft-hit,816.583306,17.935786,695.294625,1529.813717,0,0
28878,53,soft-hit,817.56432,17.036308,693.557339,1528.1579669999999,0,0
28878,53,soft-hit,812.698167,17.292765,691.72877,1521.719702,0,0
28878,53,soft-hit,828.694745,45.857174,706.958665,1581.510584,0,0
28878,53,soft-hit,816.634988,30.642063,695.346782,1542.623833,0,0
28878,53,soft-hit,816.059553,16.776521,689.153142,1521.989216,0,0
28878,53,soft-hit,800.224745,17.67679,690.090894,1507.992429,0,0
28878,53,soft-hit,814.620517,53.221168,692.316556,1560.158241,0,0
28878,53,soft-hit,813.820339,25.20597,690.979663,1530.005972,0,0
28878,53,soft-hit,835.434947,19.75788,713.807534,1569.0003609999999,0,0
28878,53,soft-hit,828.875865,16.901221,695.953567,1541.730653,0,0
28878,53,soft-hit,822.128077,24.240638,700.947645,1547.3163599999998,0,0
28878,53,soft-hit,816.336378,17.012834,694.11707,1527.4662819999999,0,0
28878,53,soft-hit,814.844904,17.050144,692.539183,1524.4342310000002,0,0
28878,53,soft-hit,825.213356,17.645703,704.152284,1547.0113430000001,0,0
28878,53,soft-hit,811.660174,17.409901,690.413521,1519.483596,0,0
28878,53,soft-hit,827.657944,15.616247,704.138276,1547.412467,0,0
28878,53,soft-hit,823.191059,24.888214,701.51231,1549.591583,0,0
28878,53,soft-hit,826.251753,99.976424,703.497949,1629.726126,0,0
28878,53,soft-hit,818.925855,40.652259,695.759376,1555.33749,0,0
28878,53,soft-hit,814.799972,17.245649,693.7907,1525.836321,0,0
28878,53,soft-hit,813.365764,16.932705,691.216018,1521.514487,0,0
28878,53,soft-hit,818.686053,30.232868,691.021906,1539.940827,0,0
28878,53,soft-hit,814.283228,17.375236,690.986521,1522.644985,0,0
28878,53,soft-hit,814.333654,49.766069,691.757721,1555.857444,0,0
28878,53,soft-hit,819.368159,16.772413,706.069442,1542.210014,0,0
3100,44,miss,690.296402,19.254416,583.256494,0,1292.807312,0
3100,used GE,hit,0,13.798731,0,13.798731,0,0
3100,used GE,hit,0,13.753159,0,13.753159,0,0
3100,used GE,hit,0,13.431742,0,13.431742,0,0
3100,used GE,hit,0,34.902503,0,34.902503,0,0
3100,used GE,hit,0,37.27618,0,37.27618,0,0
3100,used GE,hit,0,36.473074,0,36.473074,0,0
3100,used GE,hit,0,30.024685,0,30.024685,0,0
3100,used GE,hit,0,38.424694,0,38.424694,0,0
3100,used GE,hit,0,29.100083,0,29.100083,0,0
3100,used GE,hit,0,19.106961,0,19.106961,0,0
3100,used GE,hit,0,35.6736,0,35.6736,0,0
3100,used GE,hit,0,59.676357,0,59.676357,0,0
3100,used GE,hit,0,17.386775,0,17.386775,0,0
3100,used GE,hit,0,16.48623,0,16.48623,0,0
3100,used GE,hit,0,15.988876,0,15.988876,0,0
3100,used GE,hit,0,15.124273,0,15.124273,0,0
3100,used GE,hit,0,16.017646,0,16.017646,0,0
3100,used GE,hit,0,14.979264,0,14.979264,0,0
3100,used GE,hit,0,29.067159,0,29.067159,0,0
3100,used GE,hit,0,15.89071,0,15.89071,0,0
3100,used GE,hit,0,22.061845,0,22.061845,0,0
3100,used GE,hit,0,16.416831,0,16.416831,0,0
3100,used GE,hit,0,77.700478,0,77.700478,0,0
3100,used GE,hit,0,30.484249,0,30.484249,0,0
3100,used GE,hit,0,44.201148,0,44.201148,0,0
3100,used GE,hit,0,31.370159,0,31.370159,0,0
3100,used GE,hit,0,35.228737,0,35.228737,0,0
3100,used GE,hit,0,16.764366,0,16.764366,0,0
3100,used GE,hit,0,15.91304,0,15.91304,0,0
3100,used GE,hit,0,16.277941,0,16.277941,0,0
3100,used GE,hit,0,15.824605,0,15.824605,0,0
3100,used GE,hit,0,15.56358,0,15.56358,0,0
3100,used GE,hit,0,14.839192,0,14.839192,0,0
3100,used GE,hit,0,14.69485,0,14.69485,0,0
3100,used GE,hit,0,15.257234,0,15.257234,0,0
3100,used GE,hit,0,14.811482,0,14.811482,0,0
3100,used GE,hit,0,14.543034,0,14.543034,0,0
3100,used GE,hit,0,25.010117,0,25.010117,0,0
3100,used GE,hit,0,39.584481,0,39.584481,0,0
3100,used GE,hit,0,45.506394,0,45.506394,0,0
3100,used GE,hit,0,45.026534,0,45.026534,0,0
3100,used GE,hit,0,27.100642,0,27.100642,0,0
29260,38,miss,609.574843,17.393071,513.99679,0,1140.964704,0
29260,used GE,hit,0,27.166285,0,27.166285,0,0
29260,used GE,hit,0,26.193758,0,26.193758,0,0
29260,used GE,hit,0,27.414899,0,27.414899,0,0
29260,used GE,hit,0,22.684242,0,22.684242,0,0
29260,used GE,hit,0,13.163345,0,13.163345,0,0
29260,used GE,hit,0,10.086659,0,10.086659,0,0
29260,used GE,hit,0,49.041676,0,49.041676,0,0
29260,used GE,hit,0,13.500257,0,13.500257,0,0
29260,used GE,hit,0,12.929344,0,12.929344,0,0
29260,used GE,hit,0,36.794239,0,36.794239,0,0
29260,used GE,hit,0,12.994158,0,12.994158,0,0
29260,used GE,hit,0,21.494639,0,21.494639,0,0
29260,used GE,hit,0,12.421843,0,12.421843,0,0
29260,used GE,hit,0,13.44258,0,13.44258,0,0
29260,used GE,hit,0,19.142358,0,19.142358,0,0
29260,used GE,hit,0,23.931736,0,23.931736,0,0
29260,used GE,hit,0,13.31931,0,13.31931,0,0
29260,used GE,hit,0,21.634667,0,21.634667,0,0
29260,used GE,hit,0,16.242487,0,16.242487,0,0
29260,used GE,hit,0,16.127187,0,16.127187,0,0
29260,used GE,hit,0,16.078754,0,16.078754,0,0
29260,used GE,hit,0,17.301986,0,17.301986,0,0
29260,used GE,hit,0,17.575016,0,17.575016,0,0
29260,used GE,hit,0,18.018436,0,18.018436,0,0
29260,used GE,hit,0,41.899187,0,41.899187,0,0
29260,used GE,hit,0,14.497026,0,14.497026,0,0
29260,used GE,hit,0,15.574245,0,15.574245,0,0
29260,used GE,hit,0,18.551709,0,18.551709,0,0
29260,used GE,hit,0,28.119152,0,28.119152,0,0
29260,used GE,hit,0,17.585173,0,17.585173,0,0
29260,used GE,hit,0,17.181517,0,17.181517,0,0
29260,used GE,hit,0,37.863492,0,37.863492,0,0
29260,used GE,hit,0,18.288035,0,18.288035,0,0
29260,used GE,hit,0,37.530822,0,37.530822,0,0
29260,used GE,hit,0,42.277918,0,42.277918,0,0
29260,used GE,hit,0,19.490566,0,19.490566,0,0
29260,used GE,hit,0,18.445348,0,18.445348,0,0
29260,used GE,hit,0,18.287865,0,18.287865,0,0
29260,used GE,hit,0,17.492774,0,17.492774,0,0
29260,used GE,hit,0,27.039997,0,27.039997,0,0
29260,used GE,hit,0,29.935886,0,29.935886,0,0
29260,used GE,hit,0,31.066925,0,31.066925,0,0
6096,57,miss,885.351524,27.981934,752.801536,0,1666.134994,0
6096,57,soft-hit,882.012244,37.718789,752.758382,1672.489415,0,0
6096,57,soft-hit,880.368392,19.940593,751.564199,1651.873184,0,0
6096,57,soft-hit,885.422922,52.865429,756.047979,1694.33633,0,0
6096,57,soft-hit,889.737104,18.089243,751.653991,1659.480338,0,0
6096,57,soft-hit,883.312518,18.181791,753.612025,1655.106334,0,0
6096,57,soft-hit,880.972743,18.383941,749.882536,1649.23922,0,0
6096,57,soft-hit,879.149646,17.557933,749.457016,1646.164595,0,0
6096,57,soft-hit,879.580334,18.978301,750.054618,1648.613253,0,0
6096,57,soft-hit,888.911331,19.727318,750.581884,1659.220533,0,0
6096,57,soft-hit,878.978385,18.732399,750.672821,1648.383605,0,0
6096,57,soft-hit,886.853647,45.912426,750.808764,1683.5748370000001,0,0
6096,57,soft-hit,879.361231,30.664946,750.624373,1660.6505499999998,0,0
6096,57,soft-hit,879.165969,18.407036,750.437986,1648.010991,0,0
6096,57,soft-hit,896.672788,18.444139,759.032948,1674.149875,0,0
6096,57,soft-hit,892.448181,18.543426,762.480484,1673.472091,0,0
6096,57,soft-hit,886.901113,22.781065,757.35589,1667.038068,0,0
6096,57,soft-hit,880.399034,18.135299,751.432376,1649.966709,0,0
6096,57,soft-hit,881.735432,19.285951,751.212855,1652.234238,0,0
6096,57,soft-hit,898.044704,16.714965,764.890885,1679.650554,0,0
6096,57,soft-hit,887.365127,19.080573,757.242385,1663.688085,0,0
6096,57,soft-hit,893.246096,19.394389,763.041402,1675.681887,0,0
6096,57,soft-hit,917.422135,18.231528,781.303351,1716.957014,0,0
6096,57,soft-hit,889.32781,47.283826,755.36757,1691.979206,0,0
6096,57,soft-hit,885.150542,44.467093,753.441133,1683.0587679999999,0,0
6096,57,soft-hit,881.008529,49.917744,752.723773,1683.650046,0,0
6096,57,soft-hit,879.960332,18.686747,751.068038,1649.715117,0,0
6096,57,soft-hit,888.580566,44.298447,758.963844,1691.842857,0,0
6096,57,soft-hit,885.604566,18.489241,757.278533,1661.37234,0,0
6096,57,soft-hit,881.685268,18.264869,752.55367,1652.503807,0,0
6096,57,soft-hit,890.290059,56.13925,752.744223,1699.173532,0,0
6096,57,soft-hit,882.936139,54.711614,759.237611,1696.8853640000002,0,0
6096,57,soft-hit,892.609074,19.02225,762.443597,1674.074921,0,0
6096,57,soft-hit,881.937613,25.840476,752.626519,1660.404608,0,0
6096,57,soft-hit,883.212926,38.214917,754.113987,1675.5418300000001,0,0
6096,57,soft-hit,887.698762,52.435531,753.499559,1693.633852,0,0
6096,57,soft-hit,880.868197,22.131505,753.047165,1656.046867,0,0
6096,57,soft-hit,902.499992,18.475258,775.229018,1696.204268,0,0
6096,57,soft-hit,885.563197,38.231152,753.818599,1677.612948,0,0
6096,57,soft-hit,882.855606,22.275093,754.365522,1659.4962209999999,0,0
6096,57,soft-hit,891.128259,26.143976,753.935834,1671.2080689999998,0,0
6096,57,soft-hit,888.722748,37.275351,759.70573,1685.703829,0,0
6096,57,soft-hit,888.901954,38.963603,759.182893,1687.0484500000002,0,0
29864,55,miss,857.460123,16.951885,733.690058,0,1608.102066,0
29864,used GE,hit,0,47.456444,0,47.456444,0,0
29864,used GE,hit,0,23.931609,0,23.931609,0,0
29864,used GE,hit,0,76.529275,0,76.529275,0,0
29864,used GE,hit,0,21.006276,0,21.006276,0,0
29864,used GE,hit,0,52.816566,0,52.816566,0,0
29864,used GE,hit,0,28.92265,0,28.92265,0,0
29864,used GE,hit,0,19.719306,0,19.719306,0,0
29864,used GE,hit,0,43.613186,0,43.613186,0,0
29864,used GE,hit,0,44.708066,0,44.708066,0,0
29864,used GE,hit,0,19.431193,0,19.431193,0,0
29864,used GE,hit,0,53.698054,0,53.698054,0,0
29864,used GE,hit,0,32.926831,0,32.926831,0,0
29864,used GE,hit,0,59.717006,0,59.717006,0,0
29864,used GE,hit,0,36.474395,0,36.474395,0,0
29864,used GE,hit,0,19.294261,0,19.294261,0,0
29864,used GE,hit,0,52.458958,0,52.458958,0,0
29864,used GE,hit,0,32.605661,0,32.605661,0,0
29864,used GE,hit,0,53.1917,0,53.1917,0,0
29864,used GE,hit,0,34.764363,0,34.764363,0,0
29864,used GE,hit,0,19.493164,0,19.493164,0,0
29864,56,soft-hit,870.4194,17.423961,744.84127,1632.684631,0,0
29864,used GE,hit,0,28.550932,0,28.550932,0,0
29864,used GE,hit,0,16.745284,0,16.745284,0,0
29864,used GE,hit,0,35.796385,0,35.796385,0,0
29864,used GE,hit,0,18.571518,0,18.571518,0,0
29864,used GE,hit,0,27.193365,0,27.193365,0,0
29864,used GE,hit,0,54.079931,0,54.079931,0,0
29864,used GE,hit,0,20.252195,0,20.252195,0,0
29864,used GE,hit,0,35.726664,0,35.726664,0,0
29864,used GE,hit,0,19.656745,0,19.656745,0,0
29864,used GE,hit,0,19.657868,0,19.657868,0,0
29864,used GE,hit,0,37.822729,0,37.822729,0,0
29864,used GE,hit,0,51.404332,0,51.404332,0,0
29864,used GE,hit,0,19.924802,0,19.924802,0,0
29864,used GE,hit,0,78.308175,0,78.308175,0,0
29864,used GE,hit,0,22.028087,0,22.028087,0,0
29864,used GE,hit,0,42.589009,0,42.589009,0,0
29864,used GE,hit,0,28.142355,0,28.142355,0,0
29864,used GE,hit,0,20.060499,0,20.060499,0,0
29864,used GE,hit,0,21.288442,0,21.288442,0,0
29864,used GE,hit,0,20.192693,0,20.192693,0,0
29864,used GE,hit,0,18.955639,0,18.955639,0,0
6824,58,miss,921.862942,17.065782,792.575211,0,1731.503935,0
6824,used GE,hit,0,27.913085,0,27.913085,0,0
6824,used GE,hit,0,30.660901,0,30.660901,0,0
6824,used GE,hit,0,26.618911,0,26.618911,0,0
6824,used GE,hit,0,13.68612,0,13.68612,0,0
6824,used GE,hit,0,21.265967,0,21.265967,0,0
6824,used GE,hit,0,33.85965,0,33.85965,0,0
6824,used GE,hit,0,51.167234,0,51.167234,0,0
6824,used GE,hit,0,15.417685,0,15.417685,0,0
6824,used GE,hit,0,13.267883,0,13.267883,0,0
6824,used GE,hit,0,13.449758,0,13.449758,0,0
6824,used GE,hit,0,17.937308,0,17.937308,0,0
6824,used GE,hit,0,15.187722,0,15.187722,0,0
6824,used GE,hit,0,14.744247,0,14.744247,0,0
6824,used GE,hit,0,32.73549,0,32.73549,0,0
6824,used GE,hit,0,19.940608,0,19.940608,0,0
6824,used GE,hit,0,14.162171,0,14.162171,0,0
6824,used GE,hit,0,60.673985,0,60.673985,0,0
6824,used GE,hit,0,20.184659,0,20.184659,0,0
6824,used GE,hit,0,33.364796,0,33.364796,0,0
6824,used GE,hit,0,53.288157,0,53.288157,0,0
6824,used GE,hit,0,21.27729,0,21.27729,0,0
6824,used GE,hit,0,20.241449,0,20.241449,0,0
6824,used GE,hit,0,20.442873,0,20.442873,0,0
6824,used GE,hit,0,50.071202,0,50.071202,0,0
6824,used GE,hit,0,65.79056,0,65.79056,0,0
6824,used GE,hit,0,21.936683,0,21.936683,0,0
6824,used GE,hit,0,56.59097,0,56.59097,0,0
6824,used GE,hit,0,20.380765,0,20.380765,0,0
6824,used GE,hit,0,20.403114,0,20.403114,0,0
6824,used GE,hit,0,20.117808,0,20.117808,0,0
6824,used GE,hit,0,19.389663,0,19.389663,0,0
6824,used GE,hit,0,38.730596,0,38.730596,0,0
6824,59,soft-hit,952.159441,45.25704,818.982976,1816.399457,0,0
6824,used GE,hit,0,16.308521,0,16.308521,0,0
6824,used GE,hit,0,15.890453,0,15.890453,0,0
6824,used GE,hit,0,16.018308,0,16.018308,0,0
6824,used GE,hit,0,29.884177,0,29.884177,0,0
6824,used GE,hit,0,67.756186,0,67.756186,0,0
6824,used GE,hit,0,46.691059,0,46.691059,0,0
6824,used GE,hit,0,39.878666,0,39.878666,0,0
6824,used GE,hit,0,21.111611,0,21.111611,0,0
6824,used GE,hit,0,38.843887,0,38.843887,0,0
30250,61,miss,955.588275,17.065934,820.343751,0,1792.99796,0
30250,61,soft-hit,952.824527,25.291741,818.794652,1796.91092,0,0
30250,61,soft-hit,949.369215,49.237644,816.086112,1814.692971,0,0
30250,61,soft-hit,953.659827,47.503047,819.638521,1820.801395,0,0
30250,61,soft-hit,968.12692,17.088657,830.058184,1815.273761,0,0
30250,61,soft-hit,963.4718,17.899644,825.518045,1806.8894890000001,0,0
30250,61,soft-hit,957.14366,16.386253,821.780451,1795.310364,0,0
30250,61,soft-hit,949.52815,18.046873,814.61228,1782.1873030000002,0,0
30250,61,soft-hit,951.852825,17.571091,816.282403,1785.7063190000001,0,0
30250,61,soft-hit,961.070664,16.47568,825.112483,1802.658827,0,0
30250,61,soft-hit,950.285995,26.091908,815.953289,1792.331192,0,0
30250,61,soft-hit,950.305104,41.870506,815.433437,1807.609047,0,0
30250,61,soft-hit,961.518252,21.360209,827.445158,1810.323619,0,0
30250,61,soft-hit,954.664376,55.456127,820.517785,1830.638288,0,0
30250,61,soft-hit,972.515599,21.29028,833.006035,1826.811914,0,0
30250,61,soft-hit,952.95078,16.898683,818.541667,1788.39113,0,0
30250,61,soft-hit,955.947315,30.094978,821.693061,1807.735354,0,0
30250,61,soft-hit,954.975918,42.526697,821.068652,1818.571267,0,0
30250,61,soft-hit,960.973789,56.832784,830.825104,1848.6316769999999,0,0
30250,61,soft-hit,969.582927,15.080143,828.914862,1813.5779320000001,0,0
30250,61,soft-hit,962.60591,23.213986,828.126268,1813.946164,0,0
30250,61,soft-hit,950.132867,25.836268,815.253062,1791.222197,0,0
30250,61,soft-hit,950.717121,17.032966,816.615702,1784.365789,0,0
30250,61,soft-hit,948.335101,17.29719,815.616481,1781.248772,0,0
30250,61,soft-hit,964.875378,17.471897,819.970609,1802.317884,0,0
30250,61,soft-hit,964.528979,17.082564,830.341989,1811.953532,0,0
30250,61,soft-hit,965.059911,16.962058,831.587196,1813.6091649999998,0,0
30250,61,soft-hit,956.534011,35.584525,821.648505,1813.767041,0,0
30250,61,soft-hit,960.516109,51.850446,827.425756,1839.7923110000002,0,0
30250,61,soft-hit,951.427913,25.476121,817.407888,1794.3119219999999,0,0
30250,61,soft-hit,970.458029,17.632278,835.313336,1823.403643,0,0
30250,61,soft-hit,953.596878,16.727529,818.874793,1789.1992,0,0
30250,61,soft-hit,954.234893,18.165993,819.324626,1791.725512,0,0
30250,61,soft-hit,955.326427,29.808642,819.942455,1805.0775239999998,0,0
30250,61,soft-hit,951.956257,17.115386,817.555208,1786.626851,0,0
30250,61,soft-hit,962.748612,16.630806,832.552585,1811.932003,0,0
30250,61,soft-hit,955.34701,16.80598,820.102286,1792.2552759999999,0,0
30250,61,soft-hit,953.288112,16.899917,818.196192,1788.3842209999998,0,0
30250,61,soft-hit,953.873956,16.843517,818.751417,1789.46889,0,0
30250,61,soft-hit,956.537303,18.04167,821.088093,1795.667066,0,0
30250,61,soft-hit,961.258265,16.5275,819.004006,1796.7897710000002,0,0
30250,61,soft-hit,957.77311,37.832104,819.161623,1814.766837,0,0
30250,61,soft-hit,946.04862,81.07567,819.39859,1846.52288,0,0
7598,60,miss,941.215189,19.394111,805.547032,0,1766.156332,0
7598,used GE,hit,0,56.280202,0,56.280202,0,0
7598,used GE,hit,0,22.479966,0,22.479966,0,0
7598,used GE,hit,0,21.018503,0,21.018503,0,0
7598,used GE,hit,0,20.454178,0,20.454178,0,0
7598,used GE,hit,0,21.635447,0,21.635447,0,0
7598,used GE,hit,0,20.286693,0,20.286693,0,0
7598,used GE,hit,0,20.794388,0,20.794388,0,0
7598,used GE,hit,0,51.111826,0,51.111826,0,0
7598,used GE,hit,0,21.622516,0,21.622516,0,0
7598,used GE,hit,0,84.75781,0,84.75781,0,0
7598,used GE,hit,0,19.099136,0,19.099136,0,0
7598,used GE,hit,0,61.651474,0,61.651474,0,0
7598,used GE,hit,0,24.146122,0,24.146122,0,0
7598,used GE,hit,0,23.216252,0,23.216252,0,0
7598,used GE,hit,0,20.84616,0,20.84616,0,0
7598,used GE,hit,0,29.412611,0,29.412611,0,0
7598,used GE,hit,0,72.546116,0,72.546116,0,0
7598,used GE,hit,0,60.059569,0,60.059569,0,0
7598,used GE,hit,0,26.374487,0,26.374487,0,0
7598,used GE,hit,0,21.875389,0,21.875389,0,0
7598,used GE,hit,0,20.317946,0,20.317946,0,0
7598,used GE,hit,0,95.963965,0,95.963965,0,0
7598,used GE,hit,0,54.276484,0,54.276484,0,0
7598,used GE,hit,0,22.199259,0,22.199259,0,0
7598,used GE,hit,0,40.335876,0,40.335876,0,0
7598,used GE,hit,0,21.6378,0,21.6378,0,0
7598,used GE,hit,0,21.404557,0,21.404557,0,0
7598,used GE,hit,0,28.916958,0,28.916958,0,0
7598,used GE,hit,0,44.909289,0,44.909289,0,0
7598,used GE,hit,0,58.716422,0,58.716422,0,0
7598,used GE,hit,0,22.365444,0,22.365444,0,0
7598,used GE,hit,0,21.393801,0,21.393801,0,0
7598,used GE,hit,0,54.129152,0,54.129152,0,0
7598,used GE,hit,0,34.457043,0,34.457043,0,0
7598,used GE,hit,0,22.66467,0,22.66467,0,0
7598,used GE,hit,0,20.780431,0,20.780431,0,0
7598,used GE,hit,0,20.146322,0,20.146322,0,0
7598,used GE,hit,0,19.634521,0,19.634521,0,0
7598,used GE,hit,0,56.696433,0,56.696433,0,0
7598,used GE,hit,0,64.352984,0,64.352984,0,0
7598,used GE,hit,0,21.997926,0,21.997926,0,0
7598,used GE,hit,0,58.478842,0,58.478842,0,0
30311,60,miss,946.407888,90.786183,813.016413,0,1850.210484,0
30311,used GE,hit,0,20.903219,0,20.903219,0,0
30311,used GE,hit,0,19.63512,0,19.63512,0,0
30311,used GE,hit,0,57.806029,0,57.806029,0,0
30311,used GE,hit,0,42.290188,0,42.290188,0,0
30311,used GE,hit,0,22.0131,0,22.0131,0,0
30311,used GE,hit,0,21.495552,0,21.495552,0,0
30311,used GE,hit,0,20.40312,0,20.40312,0,0
30311,used GE,hit,0,58.198145,0,58.198145,0,0
30311,used GE,hit,0,50.584462,0,50.584462,0,0
30311,used GE,hit,0,21.678383,0,21.678383,0,0
30311,used GE,hit,0,31.00967,0,31.00967,0,0
30311,used GE,hit,0,21.455948,0,21.455948,0,0
30311,used GE,hit,0,54.280486,0,54.280486,0,0
30311,used GE,hit,0,40.792222,0,40.792222,0,0
30311,used GE,hit,0,50.282821,0,50.282821,0,0
30311,used GE,hit,0,23.414029,0,23.414029,0,0
30311,used GE,hit,0,40.221946,0,40.221946,0,0
30311,used GE,hit,0,21.72778,0,21.72778,0,0
30311,used GE,hit,0,22.13516,0,22.13516,0,0
30311,used GE,hit,0,20.997936,0,20.997936,0,0
30311,used GE,hit,0,39.395319,0,39.395319,0,0
30311,used GE,hit,0,22.084195,0,22.084195,0,0
30311,used GE,hit,0,34.574806,0,34.574806,0,0
30311,used GE,hit,0,21.834021,0,21.834021,0,0
30311,used GE,hit,0,20.980554,0,20.980554,0,0
30311,used GE,hit,0,29.259496,0,29.259496,0,0
30311,used GE,hit,0,20.933939,0,20.933939,0,0
30311,used GE,hit,0,38.854098,0,38.854098,0,0
30311,used GE,hit,0,38.990458,0,38.990458,0,0
30311,used GE,hit,0,21.636292,0,21.636292,0,0
30311,used GE,hit,0,20.212304,0,20.212304,0,0
30311,used GE,hit,0,19.993177,0,19.993177,0,0
30311,used GE,hit,0,19.576733,0,19.576733,0,0
30311,used GE,hit,0,55.471106,0,55.471106,0,0
30311,used GE,hit,0,21.786289,0,21.786289,0,0
30311,used GE,hit,0,21.034838,0,21.034838,0,0
30311,used GE,hit,0,20.826824,0,20.826824,0,0
30311,used GE,hit,0,20.114175,0,20.114175,0,0
30311,used GE,hit,0,21.16041,0,21.16041,0,0
30311,used GE,hit,0,20.453098,0,20.453098,0,0
30311,used GE,hit,0,81.353818,0,81.353818,0,0
30311,used GE,hit,0,16.663839,0,16.663839,0,0
12775,22,miss,362.598326,29.560139,326.919408,0,719.077873,0
12775,22,soft-hit,392.65742,12.762115,327.22763,732.647165,0,0
12775,22,soft-hit,394.077509,12.069358,327.486421,733.633288,0,0
12775,22,soft-hit,397.160144,12.664962,332.851271,742.676377,0,0
12775,22,soft-hit,397.053514,12.597549,332.70736,742.358423,0,0
12775,22,soft-hit,394.642673,14.033809,329.23648,737.912962,0,0
12775,22,soft-hit,392.471731,12.338198,327.953691,732.76362,0,0
12775,22,soft-hit,392.578426,12.099944,327.811626,732.489996,0,0
12775,22,soft-hit,393.128084,12.079716,327.858248,733.066048,0,0
12775,22,soft-hit,393.239647,34.528045,327.973636,755.7413280000001,0,0
12775,22,soft-hit,394.158773,20.994617,328.496851,743.650241,0,0
12775,22,soft-hit,403.618279,19.981628,328.153377,751.7532839999999,0,0
12775,22,soft-hit,393.021002,26.02931,328.331058,747.3813700000001,0,0
12775,22,soft-hit,392.291284,30.403575,328.654556,751.349415,0,0
12775,22,soft-hit,392.157893,11.890653,328.042189,732.090735,0,0
12775,22,soft-hit,392.040132,12.220112,328.419271,732.679515,0,0
12775,23,soft-hit,407.148226,11.874529,341.099505,760.1222600000001,0,0
12775,23,soft-hit,409.366144,12.343976,341.226231,762.9363510000001,0,0
12775,23,soft-hit,407.508433,12.006894,341.21173,760.7270570000001,0,0
12775,23,soft-hit,407.327978,12.358909,341.131658,760.818545,0,0
12775,23,soft-hit,407.176987,18.677342,341.284867,767.1391960000001,0,0
12775,23,soft-hit,407.435806,26.068528,341.17075,774.675084,0,0
12775,23,soft-hit,408.333149,15.859694,341.328968,765.521811,0,0
12775,23,soft-hit,416.963223,11.079505,341.374199,769.416927,0,0
12775,23,soft-hit,375.760779,9.380751,340.77894,725.92047,0,0
12775,23,soft-hit,405.76082,12.689903,341.345436,759.796159,0,0
12775,23,soft-hit,408.841597,12.04288,341.492137,762.376614,0,0
12775,23,soft-hit,407.974358,12.161637,341.652933,761.7889279999999,0,0
12775,23,soft-hit,405.233041,12.293411,341.581246,759.107698,0,0
12775,23,soft-hit,409.108418,12.185594,341.874841,763.1688529999999,0,0
12775,23,soft-hit,408.552199,26.698067,341.444756,776.6950219999999,0,0
12775,23,soft-hit,413.669386,14.582644,346.477213,774.729243,0,0
12775,23,soft-hit,414.273707,12.321032,345.820914,772.415653,0,0
12775,23,soft-hit,420.422987,12.802597,353.415165,786.6407489999999,0,0
12775,23,soft-hit,420.968948,17.981814,354.735753,793.686515,0,0
12775,23,soft-hit,421.826122,17.451048,345.635557,784.912727,0,0
12775,23,soft-hit,414.008532,20.611103,347.591924,782.2115590000001,0,0
12775,23,soft-hit,416.23643,13.805832,350.106039,780.148301,0,0
12775,23,soft-hit,412.240123,14.340385,345.637739,772.218247,0,0
12775,23,soft-hit,413.176457,19.800237,346.333494,779.3101879999999,0,0
12775,23,soft-hit,410.078657,12.696974,342.280043,765.055674,0,0
12775,23,soft-hit,411.896407,20.264696,345.073305,777.234408,0,0
12775,23,soft-hit,411.134146,12.538069,343.394223,767.0664380000001,0,0
26718,36,miss,605.781961,26.06253,512.22098,0,1144.0654710000001,0
26718,used GE,hit,0,14.884494,0,14.884494,0,0
26718,used GE,hit,0,15.404424,0,15.404424,0,0
26718,used GE,hit,0,29.497758,0,29.497758,0,0
26718,used GE,hit,0,14.85861,0,14.85861,0,0
26718,used GE,hit,0,14.686427,0,14.686427,0,0
26718,used GE,hit,0,13.736458,0,13.736458,0,0
26718,used GE,hit,0,14.305103,0,14.305103,0,0
26718,used GE,hit,0,14.548746,0,14.548746,0,0
26718,used GE,hit,0,25.724509,0,25.724509,0,0
26718,used GE,hit,0,50.155337,0,50.155337,0,0
26718,used GE,hit,0,14.827761,0,14.827761,0,0
26718,used GE,hit,0,13.394866,0,13.394866,0,0
26718,used GE,hit,0,12.945052,0,12.945052,0,0
26718,used GE,hit,0,36.271055,0,36.271055,0,0
26718,used GE,hit,0,9.512211,0,9.512211,0,0
26718,used GE,hit,0,9.381853,0,9.381853,0,0
26718,used GE,hit,0,12.026031,0,12.026031,0,0
26718,used GE,hit,0,10.388729,0,10.388729,0,0
26718,used GE,hit,0,13.016219,0,13.016219,0,0
26718,used GE,hit,0,16.624649,0,16.624649,0,0
26718,used GE,hit,0,9.328248,0,9.328248,0,0
26718,used GE,hit,0,12.051059,0,12.051059,0,0
26718,used GE,hit,0,19.289227,0,19.289227,0,0
26718,used GE,hit,0,10.528246,0,10.528246,0,0
26718,used GE,hit,0,13.405604,0,13.405604,0,0
26718,used GE,hit,0,27.520122,0,27.520122,0,0
26718,used GE,hit,0,10.586761,0,10.586761,0,0
26718,used GE,hit,0,10.924388,0,10.924388,0,0
26718,used GE,hit,0,10.398898,0,10.398898,0,0
26718,used GE,hit,0,30.566409,0,30.566409,0,0
26718,used GE,hit,0,17.485886,0,17.485886,0,0
26718,used GE,hit,0,12.208532,0,12.208532,0,0
26718,used GE,hit,0,37.649729,0,37.649729,0,0
26718,used GE,hit,0,38.169009,0,38.169009,0,0
26718,used GE,hit,0,15.887314,0,15.887314,0,0
26718,used GE,hit,0,13.985415,0,13.985415,0,0
26718,used GE,hit,0,25.002602,0,25.002602,0,0
26718,used GE,hit,0,14.706563,0,14.706563,0,0
26718,used GE,hit,0,14.167702,0,14.167702,0,0
26718,used GE,hit,0,29.704528,0,29.704528,0,0
26718,used GE,hit,0,14.501674,0,14.501674,0,0
26718,used GE,hit,0,13.960276,0,13.960276,0,0
3980,36,miss,611.461844,14.532117,518.658247,0,1144.652208,0
3980,used GE,hit,0,15.436255,0,15.436255,0,0
3980,used GE,hit,0,13.561429,0,13.561429,0,0
3980,used GE,hit,0,13.091633,0,13.091633,0,0
3980,used GE,hit,0,35.733101,0,35.733101,0,0
3980,used GE,hit,0,48.758164,0,48.758164,0,0
3980,used GE,hit,0,24.622558,0,24.622558,0,0
3980,used GE,hit,0,15.034941,0,15.034941,0,0
3980,used GE,hit,0,14.232613,0,14.232613,0,0
3980,used GE,hit,0,16.056543,0,16.056543,0,0
3980,used GE,hit,0,16.917937,0,16.917937,0,0
3980,used GE,hit,0,16.82967,0,16.82967,0,0
3980,used GE,hit,0,14.522038,0,14.522038,0,0
3980,used GE,hit,0,16.860925,0,16.860925,0,0
3980,used GE,hit,0,47.259288,0,47.259288,0,0
3980,used GE,hit,0,15.265313,0,15.265313,0,0
3980,used GE,hit,0,49.844459,0,49.844459,0,0
3980,used GE,hit,0,15.458114,0,15.458114,0,0
3980,used GE,hit,0,14.438936,0,14.438936,0,0
3980,used GE,hit,0,33.300179,0,33.300179,0,0
3980,used GE,hit,0,14.545154,0,14.545154,0,0
3980,used GE,hit,0,14.651,0,14.651,0,0
3980,used GE,hit,0,13.860758,0,13.860758,0,0
3980,used GE,hit,0,13.483288,0,13.483288,0,0
3980,used GE,hit,0,21.681057,0,21.681057,0,0
3980,used GE,hit,0,29.840794,0,29.840794,0,0
3980,used GE,hit,0,14.261923,0,14.261923,0,0
3980,used GE,hit,0,20.913024,0,20.913024,0,0
3980,used GE,hit,0,14.034312,0,14.034312,0,0
3980,used GE,hit,0,12.989831,0,12.989831,0,0
3980,used GE,hit,0,28.738813,0,28.738813,0,0
3980,used GE,hit,0,15.15436,0,15.15436,0,0
3980,used GE,hit,0,28.350164,0,28.350164,0,0
3980,used GE,hit,0,15.171959,0,15.171959,0,0
3980,used GE,hit,0,28.480887,0,28.480887,0,0
3980,used GE,hit,0,18.13525,0,18.13525,0,0
3980,used GE,hit,0,28.412537,0,28.412537,0,0
3980,used GE,hit,0,30.600196,0,30.600196,0,0
3980,used GE,hit,0,14.757449,0,14.757449,0,0
3980,used GE,hit,0,13.808599,0,13.808599,0,0
3980,used GE,hit,0,14.41721,0,14.41721,0,0
3980,used GE,hit,0,13.881514,0,13.881514,0,0
3980,used GE,hit,0,13.395061,0,13.395061,0,0
12813,33,miss,573.032513,12.053797,480.248112,0,1065.334422,0
12813,33,soft-hit,561.741843,13.02584,477.810398,1052.578081,0,0
12813,33,soft-hit,561.548423,12.858483,477.83036,1052.2372659999999,0,0
12813,33,soft-hit,600.831717,23.579372,517.234144,1141.6452330000002,0,0
12813,33,soft-hit,563.892544,12.629653,478.776702,1055.2988990000001,0,0
12813,33,soft-hit,563.287497,12.561045,477.506217,1053.354759,0,0
12813,33,soft-hit,563.344513,20.745918,477.289613,1061.380044,0,0
12813,33,soft-hit,561.243595,26.132983,477.810425,1065.187003,0,0
12813,33,soft-hit,562.129993,26.887556,477.226875,1066.244424,0,0
12813,33,soft-hit,570.1374,15.114681,477.855323,1063.1074039999999,0,0
12813,33,soft-hit,562.765137,13.091469,477.853593,1053.710199,0,0
12813,33,soft-hit,564.164631,33.838676,479.363043,1077.36635,0,0
12813,33,soft-hit,562.69088,12.933758,478.14465,1053.769288,0,0
12813,33,soft-hit,563.717581,12.97651,479.449598,1056.143689,0,0
12813,33,soft-hit,565.016231,31.097694,481.473438,1077.587363,0,0
12813,33,soft-hit,566.89555,30.723396,481.364152,1078.983098,0,0
12813,33,soft-hit,562.80292,12.716242,479.106854,1054.626016,0,0
12813,33,soft-hit,567.337443,12.257164,482.277022,1061.871629,0,0
12813,33,soft-hit,577.10381,17.763674,478.445494,1073.312978,0,0
12813,33,soft-hit,566.605646,31.029189,481.713077,1079.347912,0,0
12813,33,soft-hit,588.306963,15.237722,499.619194,1103.163879,0,0
12813,33,soft-hit,568.261402,12.691278,480.596713,1061.549393,0,0
12813,33,soft-hit,564.546171,13.061476,478.51311,1056.120757,0,0
12813,33,soft-hit,578.089562,28.384724,491.648564,1098.12285,0,0
12813,33,soft-hit,564.324127,12.60422,479.36994,1056.298287,0,0
12813,33,soft-hit,565.901945,17.671404,481.018746,1064.592095,0,0
12813,33,soft-hit,564.752933,25.006167,480.422175,1070.181275,0,0
12813,33,soft-hit,564.466196,33.255919,478.905636,1076.627751,0,0
12813,33,soft-hit,562.708567,12.429638,478.521524,1053.659729,0,0
12813,33,soft-hit,564.283562,12.525337,479.491137,1056.3000359999999,0,0
12813,33,soft-hit,565.563493,13.132442,480.33313,1059.029065,0,0
12813,33,soft-hit,565.096082,12.544785,479.039713,1056.68058,0,0
12813,33,soft-hit,565.814803,12.58508,479.328731,1057.728614,0,0
12813,33,soft-hit,564.08244,25.355223,478.835681,1068.2733440000002,0,0
12813,33,soft-hit,563.73752,12.457445,479.19015,1055.385115,0,0
12813,33,soft-hit,564.332235,37.842108,478.651983,1080.8263259999999,0,0
12813,33,soft-hit,568.943248,19.386973,483.33928,1071.669501,0,0
12813,33,soft-hit,571.131199,27.530058,486.08763,1084.7488870000002,0,0
12813,33,soft-hit,568.020636,23.590522,483.487053,1075.098211,0,0
12813,33,soft-hit,587.413033,28.56906,503.816925,1119.7990180000002,0,0
12813,33,soft-hit,564.326448,22.930381,479.476276,1066.733105,0,0
12813,33,soft-hit,564.053139,61.443921,479.404999,1104.902059,0,0
28020,31,miss,536.617522,21.779111,453.991388,0,1012.388021,0
28020,used GE,hit,0,12.850034,0,12.850034,0,0
28020,used GE,hit,0,12.468179,0,12.468179,0,0
28020,used GE,hit,0,12.082697,0,12.082697,0,0
28020,used GE,hit,0,12.385792,0,12.385792,0,0
28020,used GE,hit,0,13.692517,0,13.692517,0,0
28020,used GE,hit,0,13.476687,0,13.476687,0,0
28020,used GE,hit,0,18.978858,0,18.978858,0,0
28020,used GE,hit,0,28.023742,0,28.023742,0,0
28020,used GE,hit,0,21.815942,0,21.815942,0,0
28020,used GE,hit,0,33.054568,0,33.054568,0,0
28020,used GE,hit,0,15.412009,0,15.412009,0,0
28020,used GE,hit,0,13.510118,0,13.510118,0,0
28020,used GE,hit,0,22.872649,0,22.872649,0,0
28020,used GE,hit,0,43.601464,0,43.601464,0,0
28020,used GE,hit,0,14.320305,0,14.320305,0,0
28020,used GE,hit,0,14.322432,0,14.322432,0,0
28020,used GE,hit,0,14.201026,0,14.201026,0,0
28020,used GE,hit,0,32.326551,0,32.326551,0,0
28020,used GE,hit,0,28.826767,0,28.826767,0,0
28020,used GE,hit,0,14.658902,0,14.658902,0,0
28020,used GE,hit,0,14.224414,0,14.224414,0,0
28020,used GE,hit,0,14.108557,0,14.108557,0,0
28020,used GE,hit,0,13.643095,0,13.643095,0,0
28020,used GE,hit,0,13.107741,0,13.107741,0,0
28020,used GE,hit,0,14.182947,0,14.182947,0,0
28020,used GE,hit,0,13.543447,0,13.543447,0,0
28020,used GE,hit,0,14.766521,0,14.766521,0,0
28020,used GE,hit,0,12.892173,0,12.892173,0,0
28020,used GE,hit,0,29.634438,0,29.634438,0,0
28020,32,soft-hit,563.122834,18.587313,479.641945,1061.352092,0,0
28020,used GE,hit,0,20.750709,0,20.750709,0,0
28020,used GE,hit,0,12.501446,0,12.501446,0,0
28020,used GE,hit,0,41.040442,0,41.040442,0,0
28020,used GE,hit,0,37.750112,0,37.750112,0,0
28020,used GE,hit,0,26.526892,0,26.526892,0,0
28020,used GE,hit,0,14.601462,0,14.601462,0,0
28020,used GE,hit,0,13.709472,0,13.709472,0,0
28020,used GE,hit,0,32.308194,0,32.308194,0,0
28020,used GE,hit,0,14.956029,0,14.956029,0,0
28020,used GE,hit,0,14.71364,0,14.71364,0,0
28020,used GE,hit,0,26.115526,0,26.115526,0,0
4465,32,miss,550.975477,12.537266,468.956238,0,1032.468981,0
4465,32,soft-hit,550.332051,29.168597,468.614021,1048.114669,0,0
4465,32,soft-hit,556.887607,16.196075,471.490812,1044.574494,0,0
4465,32,soft-hit,552.444791,26.934322,471.621094,1051.000207,0,0
4465,32,soft-hit,550.331313,31.676721,469.020361,1051.028395,0,0
4465,32,soft-hit,552.979796,11.979582,469.160679,1034.120057,0,0
4465,32,soft-hit,552.868376,12.429477,471.932761,1037.230614,0,0
4465,32,soft-hit,550.303179,12.237776,469.432416,1031.973371,0,0
4465,32,soft-hit,552.666689,12.206506,469.808931,1034.682126,0,0
4465,32,soft-hit,570.005163,12.023569,489.305954,1071.3346860000001,0,0
4465,32,soft-hit,554.700776,12.161495,470.590727,1037.452998,0,0
4465,32,soft-hit,551.590147,34.900622,469.855844,1056.346613,0,0
4465,32,soft-hit,558.462334,34.911228,468.851599,1062.225161,0,0
4465,32,soft-hit,553.03505,27.887563,471.001262,1051.923875,0,0
4465,32,soft-hit,556.237342,12.039914,474.889974,1043.16723,0,0
4465,32,soft-hit,554.047415,12.412122,471.892246,1038.351783,0,0
4465,32,soft-hit,556.509525,22.97797,474.165636,1053.653131,0,0
4465,32,soft-hit,550.593555,22.383361,470.008989,1042.985905,0,0
4465,32,soft-hit,552.282985,24.449424,470.474581,1047.2069900000001,0,0
4465,32,soft-hit,552.217942,12.528792,470.061911,1034.808645,0,0
4465,32,soft-hit,555.011206,12.147558,471.272377,1038.431141,0,0
4465,32,soft-hit,562.426398,11.683376,469.853055,1043.962829,0,0
4465,32,soft-hit,552.096396,13.00848,470.397503,1035.502379,0,0
4465,32,soft-hit,561.253677,27.841281,477.940886,1067.035844,0,0
4465,32,soft-hit,554.330361,12.367189,480.323152,1047.020702,0,0
4465,32,soft-hit,555.108929,13.423013,473.735125,1042.267067,0,0
4465,32,soft-hit,553.622841,12.807971,471.95422,1038.3850320000001,0,0
4465,32,soft-hit,551.886894,12.523925,470.416324,1034.827143,0,0
4465,32,soft-hit,563.373434,12.172633,481.81035,1057.356417,0,0
4465,32,soft-hit,552.41545,28.621732,470.570499,1051.607681,0,0
4465,32,soft-hit,549.434103,11.859899,470.862781,1032.156783,0,0
4465,32,soft-hit,561.630516,31.321738,470.725267,1063.6775209999998,0,0
4465,32,soft-hit,552.75803,11.999369,470.3208,1035.078199,0,0
4465,32,soft-hit,551.148373,12.150337,472.176154,1035.474864,0,0
4465,32,soft-hit,553.218076,12.273833,471.214108,1036.706017,0,0
4465,32,soft-hit,556.497054,12.129121,473.832502,1042.458677,0,0
4465,32,soft-hit,552.650343,12.573664,470.80815,1036.032157,0,0
4465,32,soft-hit,567.860052,11.996595,485.655072,1065.511719,0,0
4465,32,soft-hit,556.481115,12.325572,474.38364,1043.190327,0,0
4465,32,soft-hit,561.505484,12.164434,479.724136,1053.3940539999999,0,0
4465,32,soft-hit,557.864529,24.887064,476.248316,1058.999909,0,0
4465,32,soft-hit,562.308246,44.213764,479.972831,1086.4948410000002,0,0
12873,23,miss,416.485792,11.478308,352.126082,0,780.090182,0
12873,used GE,hit,0,21.778395,0,21.778395,0,0
12873,used GE,hit,0,12.41944,0,12.41944,0,0
12873,used GE,hit,0,14.17869,0,14.17869,0,0
12873,used GE,hit,0,12.188996,0,12.188996,0,0
12873,used GE,hit,0,12.953519,0,12.953519,0,0
12873,used GE,hit,0,12.562229,0,12.562229,0,0
12873,used GE,hit,0,16.686729,0,16.686729,0,0
12873,used GE,hit,0,19.676985,0,19.676985,0,0
12873,used GE,hit,0,24.352853,0,24.352853,0,0
12873,used GE,hit,0,10.297731,0,10.297731,0,0
12873,used GE,hit,0,11.443999,0,11.443999,0,0
12873,used GE,hit,0,10.798911,0,10.798911,0,0
12873,used GE,hit,0,10.794325,0,10.794325,0,0
12873,used GE,hit,0,10.56844,0,10.56844,0,0
12873,used GE,hit,0,10.588519,0,10.588519,0,0
12873,used GE,hit,0,27.181249,0,27.181249,0,0
12873,used GE,hit,0,11.971509,0,11.971509,0,0
12873,used GE,hit,0,17.22308,0,17.22308,0,0
12873,used GE,hit,0,10.471752,0,10.471752,0,0
12873,used GE,hit,0,19.302046,0,19.302046,0,0
12873,used GE,hit,0,20.077391,0,20.077391,0,0
12873,used GE,hit,0,23.484614,0,23.484614,0,0
12873,used GE,hit,0,19.473803,0,19.473803,0,0
12873,used GE,hit,0,10.639174,0,10.639174,0,0
12873,used GE,hit,0,10.392336,0,10.392336,0,0
12873,used GE,hit,0,10.658392,0,10.658392,0,0
12873,used GE,hit,0,10.022896,0,10.022896,0,0
12873,used GE,hit,0,9.713696,0,9.713696,0,0
12873,used GE,hit,0,21.125407,0,21.125407,0,0
12873,used GE,hit,0,22.349241,0,22.349241,0,0
12873,used GE,hit,0,17.235729,0,17.235729,0,0
12873,used GE,hit,0,13.966233,0,13.966233,0,0
12873,used GE,hit,0,57.019407,0,57.019407,0,0
12873,used GE,hit,0,12.165427,0,12.165427,0,0
12873,used GE,hit,0,26.218689,0,26.218689,0,0
12873,used GE,hit,0,11.636824,0,11.636824,0,0
12873,used GE,hit,0,10.172635,0,10.172635,0,0
12873,used GE,hit,0,9.746793,0,9.746793,0,0
12873,used GE,hit,0,9.823655,0,9.823655,0,0
12873,used GE,hit,0,16.572102,0,16.572102,0,0
12873,used GE,hit,0,11.098181,0,11.098181,0,0
28153,27,miss,480.564676,18.822173,407.567851,0,906.9547,0
28153,27,soft-hit,480.38469,14.284783,407.72624,902.395713,0,0
28153,27,soft-hit,479.316372,14.12031,407.392032,900.828714,0,0
28153,27,soft-hit,481.411538,16.54504,408.010124,905.9667019999999,0,0
28153,27,soft-hit,482.197157,17.280269,409.068066,908.545492,0,0
28153,27,soft-hit,478.22681,11.618206,407.549055,897.3940709999999,0,0
28153,27,soft-hit,485.297322,25.022401,412.509474,922.829197,0,0
28153,27,soft-hit,478.009888,23.588756,409.071187,910.6698309999999,0,0
28153,27,soft-hit,481.535177,12.303867,409.628175,903.467219,0,0
28153,27,soft-hit,483.130295,23.472644,410.689658,917.292597,0,0
28153,27,soft-hit,451.347181,10.579413,409.168378,871.094972,0,0
28153,27,soft-hit,479.856238,11.982987,408.161946,900.001171,0,0
28153,27,soft-hit,480.633822,35.468271,407.887875,923.9899680000001,0,0
28153,27,soft-hit,480.247754,12.880917,407.918141,901.046812,0,0
28153,27,soft-hit,485.799261,12.205292,411.833168,909.837721,0,0
28153,27,soft-hit,486.065653,22.16159,413.235722,921.4629649999999,0,0
28153,27,soft-hit,482.29104,30.829357,411.700311,924.820708,0,0
28153,27,soft-hit,488.200646,11.935767,415.631302,915.767715,0,0
28153,27,soft-hit,483.986274,12.728196,410.893975,907.6084450000001,0,0
28153,27,soft-hit,477.326603,31.149971,408.623588,917.100162,0,0
28153,27,soft-hit,481.096563,25.986415,408.897062,915.98004,0,0
28153,27,soft-hit,498.935116,12.057566,411.871517,922.864199,0,0
28153,27,soft-hit,483.274519,11.690651,408.622476,903.587646,0,0
28153,27,soft-hit,480.870431,12.273241,407.868204,901.011876,0,0
28153,27,soft-hit,485.521554,33.86994,413.070466,932.46196,0,0
28153,27,soft-hit,482.294065,23.968872,410.066468,916.329405,0,0
28153,27,soft-hit,490.135458,12.301639,418.710399,921.147496,0,0
28153,27,soft-hit,484.78135,12.197885,411.95583,908.9350649999999,0,0
28153,27,soft-hit,489.172683,25.942977,416.387702,931.5033619999999,0,0
28153,27,soft-hit,504.837261,12.043472,432.951465,949.8321980000001,0,0
28153,27,soft-hit,490.06579,17.700722,416.89818,924.6646920000001,0,0
28153,27,soft-hit,492.565783,12.266668,417.214985,922.0474360000001,0,0
28153,27,soft-hit,485.792535,25.489305,412.357771,923.6396110000001,0,0
28153,27,soft-hit,488.157998,25.142023,416.000461,929.300482,0,0
28153,27,soft-hit,481.406918,16.536563,409.103344,907.046825,0,0
28153,27,soft-hit,483.630482,24.228973,410.505913,918.365368,0,0
28153,27,soft-hit,483.147034,16.352082,409.597244,909.09636,0,0
28153,27,soft-hit,480.938514,12.110203,409.618829,902.667546,0,0
28153,27,soft-hit,483.153042,11.979026,409.683147,904.8152150000001,0,0
28153,27,soft-hit,482.015179,12.101011,409.515771,903.6319609999999,0,0
28153,27,soft-hit,486.164116,12.758591,411.634975,910.557682,0,0
28153,27,soft-hit,483.379933,11.821177,410.197223,905.398333,0,0
4889,31,miss,563.550488,29.416121,487.32469,0,1080.291299,0
4889,31,soft-hit,544.959854,25.593082,464.163616,1034.7165519999999,0,0
4889,31,soft-hit,554.789846,23.002574,463.481715,1041.2741350000001,0,0
4889,31,soft-hit,557.213482,13.586493,476.703438,1047.503413,0,0
4889,31,soft-hit,548.15021,20.822314,466.010344,1034.982868,0,0
4889,31,soft-hit,555.425749,29.316009,474.5447,1059.286458,0,0
4889,31,soft-hit,546.485814,13.32086,465.532313,1025.338987,0,0
4889,31,soft-hit,549.924329,25.69126,468.759423,1044.375012,0,0
4889,31,soft-hit,545.442979,14.854089,465.959656,1026.256724,0,0
4889,31,soft-hit,549.295057,12.978452,466.357656,1028.631165,0,0
4889,31,soft-hit,545.677525,13.731747,465.763634,1025.172906,0,0
4889,31,soft-hit,556.369411,17.799584,474.57729,1048.746285,0,0
4889,31,soft-hit,545.375774,24.820865,464.03318,1034.2298190000001,0,0
4889,31,soft-hit,549.296408,12.633721,468.588458,1030.518587,0,0
4889,31,soft-hit,552.719313,12.529067,476.057529,1041.3059090000002,0,0
4889,31,soft-hit,553.011241,26.199363,471.678503,1050.889107,0,0
4889,31,soft-hit,544.387677,19.939958,464.418718,1028.746353,0,0
4889,31,soft-hit,547.702663,12.29277,467.207858,1027.203291,0,0
4889,31,soft-hit,544.707952,12.718276,464.070342,1021.49657,0,0
4889,31,soft-hit,548.113906,14.913431,466.704715,1029.732052,0,0
4889,31,soft-hit,545.56883,12.444808,465.396805,1023.410443,0,0
4889,31,soft-hit,542.258844,27.66493,465.231404,1035.155178,0,0
4889,32,soft-hit,562.085577,17.342356,480.75095,1060.178883,0,0
4889,32,soft-hit,576.481734,22.455036,480.391584,1079.328354,0,0
4889,32,soft-hit,560.221464,13.160764,478.568836,1051.9510639999999,0,0
4889,32,soft-hit,561.929099,24.852913,477.895683,1064.6776949999999,0,0
4889,32,soft-hit,561.407164,12.511725,479.39884,1053.3177289999999,0,0
4889,33,soft-hit,576.248678,25.851478,491.86753,1093.967686,0,0
4889,33,soft-hit,577.745979,12.753132,494.082434,1084.581545,0,0
4889,33,soft-hit,585.572204,13.922955,501.195039,1100.690198,0,0
4889,33,soft-hit,576.824193,16.717442,492.42828,1085.9699150000001,0,0
4889,33,soft-hit,577.240593,12.634437,491.943488,1081.818518,0,0
4889,33,soft-hit,581.659179,22.424563,497.660204,1101.743946,0,0
4889,33,soft-hit,579.490876,13.168952,494.28537,1086.945198,0,0
4889,33,soft-hit,577.815517,12.698544,493.034268,1083.548329,0,0
4889,33,soft-hit,578.49115,13.099664,493.911884,1085.502698,0,0
4889,33,soft-hit,580.143577,37.357025,495.601778,1113.10238,0,0
4889,33,soft-hit,641.864838,20.536402,557.794478,1220.195718,0,0
4889,33,soft-hit,586.730064,53.227055,503.04616,1143.003279,0,0
4889,33,soft-hit,578.114708,25.379342,493.774918,1097.2689679999999,0,0
4889,33,soft-hit,581.27249,25.276413,497.661902,1104.210805,0,0
4889,33,soft-hit,577.407249,12.65554,493.395558,1083.458347,0,0
12874,33,miss,582.376366,25.089949,494.108748,0,1101.575063,0
12874,33,soft-hit,582.712011,14.873201,495.093735,1092.6789469999999,0,0
12874,33,soft-hit,582.166954,30.192011,492.935747,1105.294712,0,0
12874,33,soft-hit,581.149174,22.007548,493.070331,1096.227053,0,0
12874,33,soft-hit,580.915915,23.213769,493.891766,1098.0214500000002,0,0
12874,33,soft-hit,578.945432,34.051605,493.908865,1106.905902,0,0
12874,33,soft-hit,574.653662,27.533393,493.578525,1095.7655800000002,0,0
12874,33,soft-hit,579.810261,13.125432,493.846917,1086.78261,0,0
12874,33,soft-hit,578.245072,14.897334,493.680501,1086.822907,0,0
12874,33,soft-hit,584.856445,33.255733,499.038226,1117.150404,0,0
12874,33,soft-hit,593.001773,22.646246,495.364352,1111.0123709999998,0,0
12874,33,soft-hit,577.942939,37.332112,493.659565,1108.934616,0,0
12874,33,soft-hit,578.540834,20.325352,493.727175,1092.593361,0,0
12874,33,soft-hit,580.271012,32.037914,493.846932,1106.155858,0,0
12874,33,soft-hit,578.475441,30.04074,493.747243,1102.2634240000002,0,0
12874,33,soft-hit,539.656538,10.808037,492.862514,1043.327089,0,0
12874,33,soft-hit,549.067697,11.314812,495.050632,1055.433141,0,0
12874,33,soft-hit,537.203846,20.292733,493.179319,1050.675898,0,0
12874,33,soft-hit,581.497836,26.684144,497.440532,1105.622512,0,0
12874,33,soft-hit,586.949464,12.250572,506.114515,1105.314551,0,0
12874,33,soft-hit,573.08367,10.782646,501.846184,1085.7125,0,0
12874,33,soft-hit,581.72229,13.297593,497.468063,1092.487946,0,0
12874,33,soft-hit,580.639169,40.287755,495.479072,1116.405996,0,0
12874,33,soft-hit,575.48854,28.994325,494.818513,1099.3013779999999,0,0
12874,33,soft-hit,538.797392,9.901874,493.51213,1042.211396,0,0
12874,33,soft-hit,538.332869,10.047486,493.606341,1041.986696,0,0
12874,33,soft-hit,545.254384,10.656868,494.102002,1050.013254,0,0
12874,33,soft-hit,575.790038,16.406008,495.203754,1087.3998,0,0
12874,33,soft-hit,579.368552,13.046756,494.916871,1087.332179,0,0
12874,33,soft-hit,579.535613,20.111224,494.65493,1094.301767,0,0
12874,34,soft-hit,598.4308,29.664969,511.642932,1139.738701,0,0
12874,34,soft-hit,599.004863,13.309466,510.430731,1122.74506,0,0
12874,34,soft-hit,595.777345,53.136109,508.916279,1157.829733,0,0
12874,34,soft-hit,557.150933,10.457899,507.621938,1075.2307700000001,0,0
12874,34,soft-hit,598.939816,13.024629,513.363026,1125.327471,0,0
12874,34,soft-hit,598.837458,35.098709,511.029086,1144.9652529999998,0,0
12874,34,soft-hit,601.29859,13.303341,513.892134,1128.494065,0,0
12874,34,soft-hit,554.528977,23.682285,508.524296,1086.735558,0,0
12874,34,soft-hit,554.634775,11.913964,508.975175,1075.5239139999999,0,0
12874,34,soft-hit,577.491529,11.145572,521.607753,1110.244854,0,0
12874,34,soft-hit,605.58418,17.414026,522.166679,1145.1648850000001,0,0
12874,34,soft-hit,603.017844,13.841726,516.040025,1132.8995949999999,0,0
29072,30,miss,505.882731,28.677981,454.205256,0,988.7659679999999,0
29072,30,soft-hit,495.180086,8.731859,454.125335,958.03728,0,0
29072,30,soft-hit,522.475542,11.063881,454.581241,988.120664,0,0
29072,30,soft-hit,515.518347,9.501188,455.56494,980.5844749999999,0,0
29072,30,soft-hit,512.405735,10.380627,455.35742,978.1437820000001,0,0
29072,30,soft-hit,501.02757,23.172397,459.232894,983.432861,0,0
29072,30,soft-hit,516.174853,10.559819,456.695527,983.430199,0,0
29072,30,soft-hit,510.992242,8.975298,455.686299,975.6538390000001,0,0
29072,30,soft-hit,497.666355,9.912385,454.678077,962.256817,0,0
29072,30,soft-hit,522.5956,39.26506,460.315856,1022.176516,0,0
29072,30,soft-hit,529.47276,19.058572,460.82393,1009.355262,0,0
29072,30,soft-hit,535.859626,16.593854,458.189173,1010.6426530000001,0,0
29072,30,soft-hit,533.342178,23.372052,455.581468,1012.2956979999999,0,0
29072,30,soft-hit,534.401413,32.438321,456.966834,1023.8065680000001,0,0
29072,30,soft-hit,534.681613,11.767648,457.136927,1003.586188,0,0
29072,30,soft-hit,536.111962,11.697585,457.277605,1005.087152,0,0
29072,30,soft-hit,535.761364,11.040622,456.569524,1003.37151,0,0
29072,30,soft-hit,518.730985,13.361624,456.24537,988.337979,0,0
29072,30,soft-hit,541.542307,10.939871,456.46581,1008.947988,0,0
29072,30,soft-hit,537.430358,12.220516,459.435509,1009.086383,0,0
29072,30,soft-hit,536.794642,13.101001,456.699757,1006.5953999999999,0,0
29072,30,soft-hit,525.948779,11.672463,459.224778,996.84602,0,0
29072,30,soft-hit,535.067885,31.961522,457.98807,1025.017477,0,0
29072,30,soft-hit,544.805301,11.515644,466.40719,1022.7281350000001,0,0
29072,30,soft-hit,510.595137,9.90175,455.683927,976.180814,0,0
29072,30,soft-hit,547.111815,25.811839,470.391931,1043.315585,0,0
29072,30,soft-hit,536.45716,11.938878,459.690048,1008.086086,0,0
29072,30,soft-hit,537.564323,11.997402,460.822968,1010.384693,0,0
29072,30,soft-hit,541.71051,11.640365,456.40519,1009.756065,0,0
29072,30,soft-hit,547.357436,32.025257,468.229649,1047.612342,0,0
29072,30,soft-hit,542.558667,20.690481,465.214686,1028.463834,0,0
29072,30,soft-hit,542.833609,14.971967,465.945964,1023.75154,0,0
29072,30,soft-hit,534.124065,11.617795,460.759339,1006.501199,0,0
29072,30,soft-hit,535.922886,11.969318,457.305156,1005.1973599999999,0,0
29072,30,soft-hit,536.443536,25.598455,457.771394,1019.8133849999999,0,0
29072,30,soft-hit,535.690953,11.709383,457.728854,1005.1291900000001,0,0
29072,30,soft-hit,535.716014,11.891649,457.79494,1005.402603,0,0
29072,30,soft-hit,540.19654,23.674392,463.083295,1026.9542270000002,0,0
29072,30,soft-hit,549.334507,14.569922,470.739234,1034.643663,0,0
29072,30,soft-hit,540.269322,21.858454,459.229988,1021.357764,0,0
29072,30,soft-hit,540.367678,13.147259,463.312713,1016.82765,0,0
29072,30,soft-hit,542.60597,23.285375,464.79734,1030.688685,0,0
5566,33,miss,584.655316,15.825424,498.264322,0,1098.745062,0
5566,33,soft-hit,586.201971,29.3139,499.065885,1114.581756,0,0
5566,33,soft-hit,598.91584,27.011535,512.517009,1138.444384,0,0
5566,33,soft-hit,584.378986,14.410361,498.267221,1097.056568,0,0
5566,33,soft-hit,589.998956,14.771262,503.941097,1108.711315,0,0
5566,33,soft-hit,585.675825,14.366705,498.710354,1098.752884,0,0
5566,33,soft-hit,585.095512,36.386795,499.001559,1120.483866,0,0
5566,33,soft-hit,585.197395,14.161079,498.583527,1097.942001,0,0
5566,33,soft-hit,584.664086,15.202401,498.131322,1097.997809,0,0
5566,33,soft-hit,600.40736,24.688366,513.058981,1138.1547070000001,0,0
5566,33,soft-hit,584.501079,14.038182,498.985966,1097.525227,0,0
5566,33,soft-hit,588.195064,14.292651,501.287443,1103.775158,0,0
5566,33,soft-hit,591.29228,15.149112,504.458684,1110.900076,0,0
5566,33,soft-hit,588.434803,14.235406,501.969425,1104.6396340000001,0,0
5566,33,soft-hit,584.636515,42.356145,498.977965,1125.970625,0,0
5566,33,soft-hit,584.505875,14.343031,498.850673,1097.699579,0,0
5566,33,soft-hit,596.980345,14.234309,500.839586,1112.05424,0,0
5566,33,soft-hit,596.694471,26.945268,510.599784,1134.239523,0,0
5566,33,soft-hit,650.041682,24.021118,563.261789,1237.324589,0,0
5566,33,soft-hit,586.251356,19.350739,499.7211,1105.323195,0,0
5566,33,soft-hit,585.375949,14.588045,500.048985,1100.012979,0,0
5566,33,soft-hit,591.720039,14.981624,507.151112,1113.852775,0,0
5566,33,soft-hit,608.399018,14.471209,522.738652,1145.608879,0,0
5566,33,soft-hit,589.370348,36.856998,503.811455,1130.0388010000001,0,0
5566,33,soft-hit,588.748863,14.520326,504.056396,1107.325585,0,0
5566,33,soft-hit,583.916932,13.964855,501.814064,1099.695851,0,0
5566,33,soft-hit,607.101432,34.42729,504.505263,1146.033985,0,0
5566,33,soft-hit,585.983166,14.233063,500.364211,1100.58044,0,0
5566,33,soft-hit,585.604647,22.256838,499.729515,1107.591,0,0
5566,33,soft-hit,587.07059,35.720155,501.60444,1124.395185,0,0
5566,33,soft-hit,586.710777,14.851333,506.22535,1107.78746,0,0
5566,33,soft-hit,585.979642,14.084409,500.925919,1100.98997,0,0
5566,33,soft-hit,584.89881,34.050945,499.319369,1118.269124,0,0
5566,33,soft-hit,585.365898,25.531632,499.885873,1110.783403,0,0
5566,33,soft-hit,584.285381,14.195457,499.924973,1098.405811,0,0
5566,33,soft-hit,586.809075,14.682417,501.884032,1103.375524,0,0
5566,33,soft-hit,597.487696,20.259643,515.094386,1132.841725,0,0
5566,33,soft-hit,686.130963,17.327055,600.31619,1303.7742079999998,0,0
5566,33,soft-hit,596.631021,16.83329,506.40374,1119.868051,0,0
5566,33,soft-hit,592.664755,17.286965,504.848902,1114.800622,0,0
5566,33,soft-hit,593.558683,16.524884,509.239549,1119.323116,0,0
5566,33,soft-hit,596.76635,16.511605,511.524017,1124.801972,0,0
13959,30,miss,545.344315,16.424733,465.604473,0,1027.373521,0
13959,30,soft-hit,542.039682,15.090404,462.425313,1019.555399,0,0
13959,30,soft-hit,540.525305,15.150016,462.09075,1017.766071,0,0
13959,30,soft-hit,539.06563,27.006541,460.139842,1026.212013,0,0
13959,30,soft-hit,545.731309,41.958737,467.494469,1055.184515,0,0
13959,30,soft-hit,541.073369,36.720531,462.781717,1040.575617,0,0
13959,30,soft-hit,538.518576,16.070108,460.444137,1015.032821,0,0
13959,30,soft-hit,541.585036,14.418006,461.027671,1017.0307129999999,0,0
13959,30,soft-hit,539.626346,14.368988,461.734358,1015.729692,0,0
13959,30,soft-hit,543.731821,14.073714,465.150424,1022.9559589999999,0,0
13959,30,soft-hit,547.668275,15.321569,469.405426,1032.39527,0,0
13959,30,soft-hit,541.407705,23.585703,462.296973,1027.290381,0,0
13959,30,soft-hit,550.856589,18.651905,473.490653,1042.999147,0,0
13959,30,soft-hit,545.533905,40.624684,467.047611,1053.2062,0,0
13959,30,soft-hit,543.812715,36.432673,465.608954,1045.854342,0,0
13959,30,soft-hit,555.572271,21.673823,463.566486,1040.81258,0,0
13959,30,soft-hit,545.278341,15.779622,466.500486,1027.558449,0,0
13959,30,soft-hit,547.21406,15.588481,467.965197,1030.767738,0,0
13959,30,soft-hit,547.751976,15.444988,469.480615,1032.6775790000002,0,0
13959,30,soft-hit,541.861224,12.743016,463.796358,1018.400598,0,0
13959,30,soft-hit,540.485047,25.475978,462.180814,1028.141839,0,0
13959,30,soft-hit,547.045131,12.795004,472.529027,1032.369162,0,0
13959,30,soft-hit,540.996649,13.526925,462.519613,1017.043187,0,0
13959,30,soft-hit,541.415402,29.496881,462.519475,1033.431758,0,0
13959,30,soft-hit,549.032517,18.817391,470.633383,1038.483291,0,0
13959,30,soft-hit,544.107607,24.604615,465.403575,1034.115797,0,0
13959,30,soft-hit,584.652238,20.140712,505.84866,1110.6416100000001,0,0
13959,30,soft-hit,540.810739,12.854975,462.898763,1016.564477,0,0
13959,30,soft-hit,545.995628,13.878865,466.600159,1026.474652,0,0
13959,30,soft-hit,542.066791,30.229208,462.164542,1034.460541,0,0
13959,30,soft-hit,540.470532,33.256242,462.612142,1036.3389160000002,0,0
13959,30,soft-hit,541.459234,16.00664,462.664041,1020.129915,0,0
13959,30,soft-hit,541.393905,13.483551,462.967331,1017.844787,0,0
13959,30,soft-hit,545.682867,42.316805,467.376694,1055.376366,0,0
13959,30,soft-hit,546.740672,14.118509,467.713546,1028.572727,0,0
13959,30,soft-hit,552.50056,13.523456,473.396873,1039.420889,0,0
13959,30,soft-hit,554.041393,13.392607,467.691586,1035.1255859999999,0,0
13959,30,soft-hit,544.714566,14.51758,466.688527,1025.920673,0,0
13959,30,soft-hit,550.088941,15.419978,471.234209,1036.743128,0,0
13959,30,soft-hit,543.913112,14.338743,465.436498,1023.688353,0,0
13959,30,soft-hit,552.366825,16.307715,477.634563,1046.309103,0,0
13959,30,soft-hit,543.525496,19.007304,465.523203,1028.056003,0,0
29596,31,miss,557.603576,16.139873,476.906407,0,1050.649856,0
29596,31,soft-hit,558.093095,28.21591,477.215168,1063.524173,0,0
29596,31,soft-hit,557.119209,15.583945,476.983835,1049.6869889999998,0,0
29596,31,soft-hit,557.725076,32.715676,477.309082,1067.749834,0,0
29596,31,soft-hit,542.401293,21.576114,476.78178,1040.759187,0,0
29596,31,soft-hit,558.489749,22.9167,478.534883,1059.9413319999999,0,0
29596,31,soft-hit,557.664533,24.378473,477.518085,1059.561091,0,0
29596,31,soft-hit,564.267998,13.910794,484.559494,1062.738286,0,0
29596,31,soft-hit,561.010008,15.809813,480.756134,1057.575955,0,0
29596,31,soft-hit,558.191309,15.081284,477.538243,1050.810836,0,0
29596,31,soft-hit,558.51357,26.549236,477.683935,1062.746741,0,0
29596,31,soft-hit,557.468144,32.209055,476.934275,1066.611474,0,0
29596,31,soft-hit,563.390696,13.944214,483.484654,1060.819564,0,0
29596,31,soft-hit,571.340509,28.765671,490.100604,1090.206784,0,0
29596,31,soft-hit,568.4484,14.545191,488.298072,1071.291663,0,0
29596,31,soft-hit,562.842599,13.745144,478.29275,1054.880493,0,0
29596,31,soft-hit,562.773941,36.002157,481.581765,1080.3578630000002,0,0
29596,31,soft-hit,561.702223,16.653089,477.465427,1055.820739,0,0
29596,31,soft-hit,561.073592,26.420245,478.314953,1065.80879,0,0
29596,31,soft-hit,561.466627,16.056369,478.979494,1056.50249,0,0
29596,31,soft-hit,566.449223,25.188079,484.163457,1075.800759,0,0
29596,31,soft-hit,558.626663,14.221993,478.496845,1051.345501,0,0
29596,31,soft-hit,560.335586,15.468258,479.690068,1055.493912,0,0
29596,31,soft-hit,562.644647,21.112482,481.01717,1064.774299,0,0
29596,31,soft-hit,561.185128,13.81569,479.843199,1054.844017,0,0
29596,31,soft-hit,570.873016,28.945104,478.437198,1078.255318,0,0
29596,31,soft-hit,558.53617,14.158817,477.813778,1050.508765,0,0
29596,31,soft-hit,559.885883,15.926962,478.97142,1054.784265,0,0
29596,31,soft-hit,560.110412,34.848018,480.419895,1075.3783250000001,0,0
29596,31,soft-hit,560.732229,13.971605,479.535353,1054.239187,0,0
29596,31,soft-hit,560.242085,25.22087,480.518286,1065.981241,0,0
29596,31,soft-hit,554.571225,16.940589,478.592885,1050.104699,0,0
29596,31,soft-hit,560.703537,13.486475,479.585004,1053.775016,0,0
29596,31,soft-hit,563.911075,22.267362,482.603958,1068.782395,0,0
29596,31,soft-hit,563.175824,44.790935,482.581326,1090.548085,0,0
29596,31,soft-hit,562.745779,31.856047,481.834538,1076.4363640000001,0,0
29596,31,soft-hit,568.451719,43.479245,479.610495,1091.541459,0,0
29596,31,soft-hit,572.128036,36.966066,489.537536,1098.6316379999998,0,0
29596,31,soft-hit,572.197239,47.169265,490.676491,1110.042995,0,0
29596,31,soft-hit,563.363126,15.287809,481.636721,1060.287656,0,0
29596,31,soft-hit,580.54159,14.579344,499.066264,1094.187198,0,0
29596,31,soft-hit,566.186064,27.383512,485.193031,1078.7626070000001,0,0
6029,41,miss,724.82039,15.994665,625.387334,0,1366.202389,0
6029,41,soft-hit,723.440478,16.180478,623.694542,1363.315498,0,0
6029,41,soft-hit,730.763182,22.388898,619.492066,1372.644146,0,0
6029,41,soft-hit,738.863087,21.665398,628.488894,1389.017379,0,0
6029,41,soft-hit,718.314058,17.322403,620.120712,1355.757173,0,0
6029,41,soft-hit,717.735991,25.776166,618.940215,1362.452372,0,0
6029,41,soft-hit,723.208018,17.661491,623.224988,1364.094497,0,0
6029,41,soft-hit,720.093012,16.031262,621.15749,1357.281764,0,0
6029,41,soft-hit,721.08469,16.504009,621.542805,1359.131504,0,0
6029,41,soft-hit,722.058461,16.218301,622.827685,1361.104447,0,0
6029,41,soft-hit,726.051415,42.420802,626.304426,1394.7766430000001,0,0
6029,41,soft-hit,724.035043,26.769407,625.243507,1376.047957,0,0
6029,41,soft-hit,728.287456,17.092178,619.894079,1365.273713,0,0
6029,41,soft-hit,725.36807,40.268954,619.690725,1385.327749,0,0
6029,41,soft-hit,720.647436,22.045998,621.15666,1363.850094,0,0
6029,41,soft-hit,723.588406,15.836473,622.970992,1362.395871,0,0
6029,41,soft-hit,722.324277,16.438515,623.039294,1361.8020860000001,0,0
6029,41,soft-hit,719.288669,33.011298,619.665519,1371.965486,0,0
6029,41,soft-hit,718.806247,14.940448,619.559449,1353.306144,0,0
6029,41,soft-hit,724.491478,54.227592,624.370902,1403.089972,0,0
6029,41,soft-hit,721.30118,15.489982,620.246994,1357.038156,0,0
6029,41,soft-hit,720.365297,37.832317,621.263582,1379.4611960000002,0,0
6029,41,soft-hit,718.990953,42.282535,620.173447,1381.446935,0,0
6029,41,soft-hit,719.432469,20.293663,620.503916,1360.230048,0,0
6029,41,soft-hit,718.954376,15.524627,620.246673,1354.725676,0,0
6029,41,soft-hit,728.558249,27.867829,628.717779,1385.143857,0,0
6029,41,soft-hit,720.796983,39.500189,621.618606,1381.915778,0,0
6029,41,soft-hit,722.317295,40.263812,623.099206,1385.6803129999998,0,0
6029,41,soft-hit,727.92825,43.527184,627.619195,1399.0746290000002,0,0
6029,41,soft-hit,718.249632,14.930617,620.2644,1353.444649,0,0
6029,41,soft-hit,719.80925,16.849539,620.085597,1356.744386,0,0
6029,41,soft-hit,719.553124,20.92124,620.912336,1361.3867,0,0
6029,41,soft-hit,723.600664,35.812034,625.11691,1384.529608,0,0
6029,41,soft-hit,726.39906,16.192546,627.573366,1370.164972,0,0
6029,41,soft-hit,720.79705,38.778603,621.560432,1381.136085,0,0
6029,41,soft-hit,729.488575,15.35621,629.486788,1374.331573,0,0
6029,41,soft-hit,735.28698,18.139,634.0343,1387.46028,0,0
6029,41,soft-hit,723.433041,53.390323,623.698231,1400.521595,0,0
6029,41,soft-hit,724.226739,15.752169,623.044868,1363.023776,0,0
6029,41,soft-hit,738.283409,16.539599,638.981203,1393.8042110000001,0,0
6029,41,soft-hit,722.143515,15.98845,622.380253,1360.512218,0,0
6029,41,soft-hit,722.012815,15.320911,622.517258,1359.8509840000002,0,0
16071,38,miss,673.584403,15.272861,579.735219,0,1268.592483,0
16071,used GE,hit,0,14.393588,0,14.393588,0,0
16071,used GE,hit,0,12.620562,0,12.620562,0,0
16071,39,soft-hit,702.301796,14.803753,607.297337,1324.4028859999999,0,0
16071,used GE,hit,0,13.497976,0,13.497976,0,0
16071,used GE,hit,0,13.491435,0,13.491435,0,0
16071,used GE,hit,0,15.101206,0,15.101206,0,0
16071,used GE,hit,0,14.540016,0,14.540016,0,0
16071,used GE,hit,0,16.16472,0,16.16472,0,0
16071,used GE,hit,0,29.127268,0,29.127268,0,0
16071,used GE,hit,0,15.138632,0,15.138632,0,0
16071,used GE,hit,0,40.242907,0,40.242907,0,0
16071,used GE,hit,0,14.436299,0,14.436299,0,0
16071,used GE,hit,0,33.098088,0,33.098088,0,0
16071,used GE,hit,0,14.933234,0,14.933234,0,0
16071,used GE,hit,0,35.40652,0,35.40652,0,0
16071,used GE,hit,0,12.633481,0,12.633481,0,0
16071,used GE,hit,0,14.099982,0,14.099982,0,0
16071,used GE,hit,0,14.121355,0,14.121355,0,0
16071,used GE,hit,0,13.821482,0,13.821482,0,0
16071,used GE,hit,0,14.636078,0,14.636078,0,0
16071,used GE,hit,0,37.218068,0,37.218068,0,0
16071,used GE,hit,0,16.776584,0,16.776584,0,0
16071,used GE,hit,0,16.264439,0,16.264439,0,0
16071,used GE,hit,0,40.882139,0,40.882139,0,0
16071,used GE,hit,0,15.671821,0,15.671821,0,0
16071,used GE,hit,0,16.650077,0,16.650077,0,0
16071,used GE,hit,0,22.544054,0,22.544054,0,0
16071,used GE,hit,0,15.193426,0,15.193426,0,0
16071,used GE,hit,0,16.290714,0,16.290714,0,0
16071,used GE,hit,0,25.970386,0,25.970386,0,0
16071,used GE,hit,0,35.591935,0,35.591935,0,0
16071,used GE,hit,0,15.809814,0,15.809814,0,0
16071,used GE,hit,0,29.148274,0,29.148274,0,0
16071,used GE,hit,0,15.025171,0,15.025171,0,0
16071,used GE,hit,0,14.442524,0,14.442524,0,0
16071,used GE,hit,0,15.207983,0,15.207983,0,0
16071,used GE,hit,0,31.58998,0,31.58998,0,0
16071,used GE,hit,0,25.370541,0,25.370541,0,0
16071,used GE,hit,0,16.469476,0,16.469476,0,0
16071,used GE,hit,0,15.814554,0,15.814554,0,0
16071,used GE,hit,0,34.419454,0,34.419454,0,0
31303,31,miss,568.33373,31.474455,488.1777,0,1087.985885,0
31303,31,soft-hit,570.595349,26.91724,489.350919,1086.863508,0,0
31303,31,soft-hit,572.73243,14.413847,492.433218,1079.579495,0,0
31303,31,soft-hit,570.362803,12.933665,489.500586,1072.7970540000001,0,0
31303,31,soft-hit,569.84182,37.112397,484.212584,1091.1668009999999,0,0
31303,31,soft-hit,561.473635,14.542383,485.432382,1061.4484,0,0
31303,31,soft-hit,563.437284,30.149991,485.296606,1078.883881,0,0
31303,31,soft-hit,568.81022,27.295402,489.432523,1085.538145,0,0
31303,31,soft-hit,568.204676,12.424512,491.503314,1072.132502,0,0
31303,31,soft-hit,572.772522,12.092993,497.584664,1082.450179,0,0
31303,31,soft-hit,583.573219,12.503889,501.953229,1098.0303370000001,0,0
31303,31,soft-hit,576.572204,13.993696,495.672417,1086.238317,0,0
31303,31,soft-hit,572.023742,28.187229,491.130267,1091.341238,0,0
31303,31,soft-hit,561.791677,17.312281,485.5075,1064.611458,0,0
31303,31,soft-hit,584.028457,12.618739,491.662072,1088.309268,0,0
31303,31,soft-hit,565.646489,12.40938,485.813956,1063.869825,0,0
31303,31,soft-hit,566.892682,13.714325,485.952489,1066.559496,0,0
31303,31,soft-hit,568.148268,16.868593,487.180023,1072.196884,0,0
31303,31,soft-hit,586.708889,13.349516,505.979804,1106.038209,0,0
31303,31,soft-hit,578.790677,12.358984,498.65655,1089.806211,0,0
31303,31,soft-hit,569.661201,14.883159,488.941997,1073.486357,0,0
31303,32,soft-hit,584.001593,19.692013,501.43923,1105.132836,0,0
31303,used GE,hit,0,41.040007,0,41.040007,0,0
31303,used GE,hit,0,26.37655,0,26.37655,0,0
31303,used GE,hit,0,25.608824,0,25.608824,0,0
31303,used GE,hit,0,13.172314,0,13.172314,0,0
31303,32,soft-hit,584.539397,14.91025,502.16854,1101.618187,0,0
31303,32,soft-hit,592.141107,14.150237,508.890371,1115.1817150000002,0,0
31303,32,soft-hit,592.276347,11.607321,500.51637,1104.400038,0,0
31303,32,soft-hit,606.672212,27.493906,523.984889,1158.151007,0,0
31303,32,soft-hit,592.796365,17.005623,503.88847,1113.690458,0,0
31303,32,soft-hit,584.15427,15.941993,500.295449,1100.391712,0,0
31303,32,soft-hit,594.057776,13.15873,511.118359,1118.334865,0,0
31303,32,soft-hit,585.735166,20.750283,502.690788,1109.1762370000001,0,0
31303,32,soft-hit,589.824495,16.459529,506.784141,1113.068165,0,0
31303,32,soft-hit,584.206887,14.304462,500.260542,1098.7718909999999,0,0
31303,32,soft-hit,599.863272,31.184773,516.59499,1147.643035,0,0
31303,32,soft-hit,588.593902,18.935798,505.949892,1113.479592,0,0
31303,32,soft-hit,607.09507,27.582901,510.710355,1145.388326,0,0
31303,32,soft-hit,590.821456,14.350311,507.856195,1113.0279620000001,0,0
31303,32,soft-hit,587.11915,12.906308,503.87001,1103.895468,0,0
6415,34,miss,617.698184,15.696532,529.230942,0,1162.625658,0
6415,34,soft-hit,626.464884,14.711411,539.305319,1180.481614,0,0
6415,34,soft-hit,617.987372,14.988421,530.997888,1163.973681,0,0
6415,34,soft-hit,615.131111,30.01648,528.573669,1173.72126,0,0
6415,34,soft-hit,631.978609,37.95929,543.973124,1213.9110230000001,0,0
6415,34,soft-hit,617.072486,32.75654,529.276245,1179.105271,0,0
6415,34,soft-hit,621.581037,15.37246,533.662502,1170.615999,0,0
6415,34,soft-hit,618.761883,32.941948,531.453665,1183.157496,0,0
6415,34,soft-hit,637.98323,14.43947,551.415328,1203.8380280000001,0,0
6415,34,soft-hit,618.893078,14.536647,531.372681,1164.8024059999998,0,0
6415,34,soft-hit,624.052467,13.785261,536.365862,1174.20359,0,0
6415,34,soft-hit,621.506597,13.54773,535.029793,1170.08412,0,0
6415,34,soft-hit,624.364305,41.244047,537.115711,1202.7240630000001,0,0
6415,34,soft-hit,617.257385,14.611011,530.825035,1162.693431,0,0
6415,34,soft-hit,628.677047,13.916051,541.376319,1183.969417,0,0
6415,34,soft-hit,651.59565,14.459061,563.824766,1229.879477,0,0
6415,34,soft-hit,618.246591,14.302336,531.100086,1163.649013,0,0
6415,34,soft-hit,617.443309,14.375055,530.013081,1161.831445,0,0
6415,34,soft-hit,628.750555,35.572077,534.015945,1198.338577,0,0
6415,34,soft-hit,616.632539,13.937588,529.669551,1160.239678,0,0
6415,34,soft-hit,632.852649,15.360527,545.128679,1193.3418550000001,0,0
6415,34,soft-hit,625.958002,13.812157,539.291625,1179.061784,0,0
6415,34,soft-hit,622.216957,14.034756,534.252906,1170.504619,0,0
6415,34,soft-hit,628.832718,14.454195,541.646856,1184.933769,0,0
6415,34,soft-hit,630.344703,13.720035,542.823009,1186.887747,0,0
6415,34,soft-hit,620.157194,28.116805,532.333127,1180.6071259999999,0,0
6415,34,soft-hit,635.550209,13.76831,548.725354,1198.043873,0,0
6415,34,soft-hit,631.890798,14.016697,545.031351,1190.938846,0,0
6415,34,soft-hit,640.603869,12.841984,541.962647,1195.4085,0,0
6415,34,soft-hit,645.112928,14.207412,558.641944,1217.962284,0,0
6415,34,soft-hit,619.106172,28.799592,532.110673,1180.016437,0,0
6415,34,soft-hit,616.411192,37.007334,531.65056,1185.069086,0,0
6415,34,soft-hit,617.242219,27.92285,530.96508,1176.130149,0,0
6415,34,soft-hit,629.711926,37.462512,543.273933,1210.448371,0,0
6415,34,soft-hit,623.550575,16.157885,541.13698,1180.84544,0,0
6415,34,soft-hit,630.767684,14.189194,543.475746,1188.432624,0,0
6415,34,soft-hit,622.899624,30.334775,534.894245,1188.128644,0,0
6415,34,soft-hit,621.23908,17.448564,534.517621,1173.205265,0,0
6415,34,soft-hit,630.555873,13.454972,531.408219,1175.4190640000002,0,0
6415,34,soft-hit,618.33237,29.164374,532.210127,1179.7068709999999,0,0
6415,34,soft-hit,622.76453,30.093587,535.028267,1187.886384,0,0
17196,32,miss,596.025631,13.531077,513.466439,0,1123.0231469999999,0
17196,32,soft-hit,592.417795,13.865717,509.685044,1115.9685559999998,0,0
17196,32,soft-hit,589.802841,13.128897,506.815843,1109.747581,0,0
17196,32,soft-hit,588.936077,22.125492,505.422541,1116.4841099999999,0,0
17196,32,soft-hit,592.033842,13.549158,509.850766,1115.433766,0,0
17196,32,soft-hit,606.451512,13.404493,524.203466,1144.059471,0,0
17196,32,soft-hit,588.508593,13.270208,505.564236,1107.343037,0,0
17196,32,soft-hit,588.50661,14.44473,505.681552,1108.632892,0,0
17196,32,soft-hit,605.559214,12.565178,510.83013,1128.954522,0,0
17196,33,soft-hit,600.652759,15.621998,520.502843,1136.7776,0,0
17196,33,soft-hit,605.850651,13.814459,521.596401,1141.261511,0,0
17196,33,soft-hit,617.467335,14.360434,533.110875,1164.938644,0,0
17196,33,soft-hit,623.607855,36.75117,537.064415,1197.42344,0,0
17196,33,soft-hit,606.053882,14.468422,521.888566,1142.4108700000002,0,0
17196,33,soft-hit,609.966812,14.609373,525.253934,1149.830119,0,0
17196,33,soft-hit,609.140007,42.010336,524.202318,1175.352661,0,0
17196,33,soft-hit,602.178617,39.931371,518.051531,1160.161519,0,0
17196,33,soft-hit,604.265836,14.874715,519.716693,1138.857244,0,0
17196,33,soft-hit,615.281316,26.265787,531.158789,1172.705892,0,0
17196,33,soft-hit,603.097738,33.491577,519.513582,1156.1028970000002,0,0
17196,33,soft-hit,608.541434,13.959283,524.554884,1147.055601,0,0
17196,33,soft-hit,617.064079,13.98154,532.696858,1163.742477,0,0
17196,33,soft-hit,615.11275,29.168339,529.986409,1174.267498,0,0
17196,33,soft-hit,604.610141,32.260128,520.821352,1157.691621,0,0
17196,33,soft-hit,604.688532,14.153152,520.204488,1139.0461719999998,0,0
17196,33,soft-hit,606.190281,19.675937,521.584267,1147.4504849999998,0,0
17196,33,soft-hit,605.726329,13.820634,522.50875,1142.055713,0,0
17196,33,soft-hit,606.233189,14.561746,521.217131,1142.012066,0,0
17196,33,soft-hit,605.020174,36.305731,520.991499,1162.317404,0,0
17196,33,soft-hit,605.216612,35.756843,523.220237,1164.193692,0,0
17196,33,soft-hit,610.077826,15.6111,522.348821,1148.0377469999999,0,0
17196,33,soft-hit,643.822413,13.848665,559.297392,1216.9684699999998,0,0
17196,33,soft-hit,604.191753,29.072858,519.4957,1152.760311,0,0
17196,33,soft-hit,610.029405,24.36008,526.075381,1160.464866,0,0
17196,33,soft-hit,618.657494,24.847432,533.868017,1177.372943,0,0
17196,33,soft-hit,604.992054,13.820945,521.270906,1140.083905,0,0
17196,33,soft-hit,590.098473,12.820237,518.884715,1121.803425,0,0
17196,33,soft-hit,604.340213,14.444466,520.707152,1139.4918309999998,0,0
17196,33,soft-hit,608.153891,14.338917,523.077197,1145.570005,0,0
17196,33,soft-hit,624.757626,13.6916,528.10482,1166.554046,0,0
17196,33,soft-hit,606.776617,13.674612,520.990532,1141.441761,0,0
32634,23,miss,447.233652,19.288756,383.030409,0,849.552817,0
32634,23,soft-hit,450.24992,13.165957,386.97668,850.3925569999999,0,0
32634,23,soft-hit,444.64448,22.116473,380.663687,847.42464,0,0
32634,23,soft-hit,443.28992,12.802322,379.044953,835.137195,0,0
32634,23,soft-hit,440.148929,18.926093,378.51243,837.587452,0,0
32634,23,soft-hit,443.678959,12.3681,379.233672,835.2807310000001,0,0
32634,23,soft-hit,442.47308,14.834744,378.289479,835.597303,0,0
32634,23,soft-hit,451.90762,19.366148,387.115648,858.389416,0,0
32634,23,soft-hit,442.967167,14.166356,378.852023,835.985546,0,0
32634,23,soft-hit,443.182873,12.962046,378.426943,834.571862,0,0
32634,23,soft-hit,443.430226,12.825305,379.186025,835.441556,0,0
32634,23,soft-hit,443.528915,26.57831,379.42498,849.532205,0,0
32634,23,soft-hit,455.705123,12.413295,378.847398,846.965816,0,0
32634,23,soft-hit,424.040242,27.280965,390.179028,841.500235,0,0
32634,23,soft-hit,457.75958,13.835769,393.896482,865.491831,0,0
32634,23,soft-hit,444.465108,24.749683,379.802666,849.0174569999999,0,0
32634,23,soft-hit,444.337651,14.331888,380.522663,839.192202,0,0
32634,23,soft-hit,445.359505,14.031968,379.53135,838.922823,0,0
32634,23,soft-hit,446.1174,28.616144,380.77694,855.510484,0,0
32634,23,soft-hit,462.789262,31.311652,397.470352,891.5712659999999,0,0
32634,23,soft-hit,446.156993,12.94514,382.143907,841.24604,0,0
32634,23,soft-hit,443.632502,12.476226,378.992594,835.101322,0,0
32634,23,soft-hit,444.123421,24.392922,379.346358,847.862701,0,0
32634,23,soft-hit,451.712115,21.250236,386.827329,859.7896800000001,0,0
32634,23,soft-hit,444.684654,26.105869,380.728161,851.518684,0,0
32634,23,soft-hit,443.380163,37.472852,379.2988,860.1518149999999,0,0
32634,23,soft-hit,457.575721,21.393145,379.720383,858.689249,0,0
32634,23,soft-hit,443.292154,30.191793,379.716841,853.200788,0,0
32634,23,soft-hit,446.706428,24.915714,381.68708,853.309222,0,0
32634,23,soft-hit,443.844113,23.786639,379.972549,847.603301,0,0
32634,23,soft-hit,444.130605,23.800875,380.231454,848.162934,0,0
32634,23,soft-hit,443.950598,25.372998,380.492003,849.815599,0,0
32634,23,soft-hit,444.365481,16.778216,380.511324,841.655021,0,0
32634,23,soft-hit,463.194089,13.901078,398.466298,875.561465,0,0
32634,23,soft-hit,448.53622,13.776832,384.639413,846.9524650000001,0,0
32634,23,soft-hit,445.056901,27.511258,380.976853,853.545012,0,0
32634,23,soft-hit,444.10445,12.235199,380.352056,836.691705,0,0
32634,23,soft-hit,445.471442,16.90433,381.0866,843.462372,0,0
32634,23,soft-hit,446.607267,12.309483,381.978192,840.8949419999999,0,0
32634,23,soft-hit,451.139704,14.239892,386.812828,852.1924240000001,0,0
32634,23,soft-hit,445.005563,32.595275,380.653728,858.2545660000001,0,0
6533,33,miss,590.68204,14.935742,523.737427,0,1129.355209,0
6533,used GE,hit,0,12.100372,0,12.100372,0,0
6533,34,soft-hit,625.990463,35.999252,538.235473,1200.225188,0,0
6533,used GE,hit,0,27.317902,0,27.317902,0,0
6533,used GE,hit,0,13.14454,0,13.14454,0,0
6533,used GE,hit,0,14.264544,0,14.264544,0,0
6533,used GE,hit,0,13.368126,0,13.368126,0,0
6533,used GE,hit,0,36.644309,0,36.644309,0,0
6533,used GE,hit,0,28.871454,0,28.871454,0,0
6533,used GE,hit,0,16.278103,0,16.278103,0,0
6533,used GE,hit,0,15.845396,0,15.845396,0,0
6533,used GE,hit,0,16.087121,0,16.087121,0,0
6533,used GE,hit,0,16.493947,0,16.493947,0,0
6533,used GE,hit,0,27.168936,0,27.168936,0,0
6533,used GE,hit,0,18.209316,0,18.209316,0,0
6533,used GE,hit,0,16.781719,0,16.781719,0,0
6533,used GE,hit,0,41.407965,0,41.407965,0,0
6533,used GE,hit,0,38.784698,0,38.784698,0,0
6533,used GE,hit,0,38.144192,0,38.144192,0,0
6533,used GE,hit,0,30.55242,0,30.55242,0,0
6533,used GE,hit,0,14.381167,0,14.381167,0,0
6533,used GE,hit,0,33.129942,0,33.129942,0,0
6533,used GE,hit,0,15.397142,0,15.397142,0,0
6533,used GE,hit,0,16.931261,0,16.931261,0,0
6533,used GE,hit,0,19.977775,0,19.977775,0,0
6533,used GE,hit,0,16.801781,0,16.801781,0,0
6533,used GE,hit,0,14.408903,0,14.408903,0,0
6533,used GE,hit,0,15.564388,0,15.564388,0,0
6533,used GE,hit,0,13.270569,0,13.270569,0,0
6533,used GE,hit,0,14.542912,0,14.542912,0,0
6533,used GE,hit,0,29.732153,0,29.732153,0,0
6533,used GE,hit,0,12.821333,0,12.821333,0,0
6533,used GE,hit,0,27.709261,0,27.709261,0,0
6533,used GE,hit,0,14.238346,0,14.238346,0,0
6533,used GE,hit,0,15.141633,0,15.141633,0,0
6533,used GE,hit,0,26.22887,0,26.22887,0,0
6533,used GE,hit,0,11.895317,0,11.895317,0,0
6533,used GE,hit,0,13.691886,0,13.691886,0,0
6533,used GE,hit,0,15.867236,0,15.867236,0,0
6533,used GE,hit,0,13.962182,0,13.962182,0,0
6533,used GE,hit,0,16.971365,0,16.971365,0,0
17225,36,miss,671.026066,16.671065,580.634661,0,1268.331792,0
17225,36,soft-hit,661.326804,14.978166,570.70789,1247.01286,0,0
17225,36,soft-hit,673.051331,50.900687,583.654548,1307.606566,0,0
17225,36,soft-hit,666.76011,15.488637,576.425555,1258.6743020000001,0,0
17225,36,soft-hit,671.379928,14.069244,581.500476,1266.949648,0,0
17225,36,soft-hit,685.249352,14.86001,594.012148,1294.12151,0,0
17225,36,soft-hit,667.636014,33.810857,577.58302,1279.0298910000001,0,0
17225,36,soft-hit,677.82353,39.640545,587.539136,1305.003211,0,0
17225,36,soft-hit,677.107525,39.150461,580.994404,1297.25239,0,0
17225,36,soft-hit,679.471112,17.809701,589.905876,1287.1866890000001,0,0
17225,36,soft-hit,676.01891,15.617134,585.25889,1276.894934,0,0
17225,36,soft-hit,664.106486,14.703502,572.906635,1251.716623,0,0
17225,36,soft-hit,664.912036,25.988287,574.522358,1265.422681,0,0
17225,36,soft-hit,662.00734,39.220684,572.571674,1273.799698,0,0
17225,36,soft-hit,659.666318,15.307653,569.353904,1244.327875,0,0
17225,36,soft-hit,659.459294,15.910989,573.630872,1249.001155,0,0
17225,36,soft-hit,663.778694,18.99915,572.971225,1255.749069,0,0
17225,36,soft-hit,658.706542,17.183017,569.205149,1245.094708,0,0
17225,36,soft-hit,671.346097,29.92189,586.255544,1287.5235309999998,0,0
17225,36,soft-hit,660.671018,32.351589,569.750286,1262.7728929999998,0,0
17225,36,soft-hit,667.474772,15.379961,580.202051,1263.0567839999999,0,0
17225,36,soft-hit,670.366689,16.599112,579.847135,1266.8129359999998,0,0
17225,36,soft-hit,670.956803,32.693238,580.437099,1284.08714,0,0
17225,36,soft-hit,661.885637,30.929092,571.222842,1264.0375709999998,0,0
17225,36,soft-hit,660.255868,14.001543,570.930699,1245.18811,0,0
17225,36,soft-hit,665.442817,15.149143,575.21633,1255.80829,0,0
17225,36,soft-hit,664.167728,15.456358,574.31315,1253.937236,0,0
17225,36,soft-hit,665.954248,13.916226,576.101402,1255.971876,0,0
17225,36,soft-hit,680.689597,13.694166,583.336042,1277.7198050000002,0,0
17225,36,soft-hit,675.409967,69.142516,585.628749,1330.181232,0,0
17225,36,soft-hit,670.748488,14.566946,579.576872,1264.892306,0,0
17225,36,soft-hit,663.712408,14.222481,572.386433,1250.321322,0,0
17225,36,soft-hit,661.672258,13.581348,571.434502,1246.688108,0,0
17225,36,soft-hit,662.575829,14.714588,572.035961,1249.3263780000002,0,0
17225,36,soft-hit,662.598671,54.686302,572.280166,1289.5651389999998,0,0
17225,36,soft-hit,665.668924,29.753792,575.517535,1270.940251,0,0
17225,36,soft-hit,669.16373,35.003968,578.494272,1282.66197,0,0
17225,36,soft-hit,669.450277,36.392127,579.91348,1285.7558840000002,0,0
17225,36,soft-hit,689.813145,33.222455,588.276831,1311.3124309999998,0,0
17225,36,soft-hit,669.140589,51.298181,579.866929,1300.305699,0,0
17225,36,soft-hit,662.619187,13.821085,572.824431,1249.264703,0,0
32774,35,miss,648.146772,37.147781,558.846918,0,1244.141471,0
32774,used GE,hit,0,20.092205,0,20.092205,0,0
32774,used GE,hit,0,14.843192,0,14.843192,0,0
32774,used GE,hit,0,14.087207,0,14.087207,0,0
32774,used GE,hit,0,49.628173,0,49.628173,0,0
32774,used GE,hit,0,27.612514,0,27.612514,0,0
32774,used GE,hit,0,15.665877,0,15.665877,0,0
32774,used GE,hit,0,37.979441,0,37.979441,0,0
32774,used GE,hit,0,31.381712,0,31.381712,0,0
32774,used GE,hit,0,17.837363,0,17.837363,0,0
32774,used GE,hit,0,15.408082,0,15.408082,0,0
32774,used GE,hit,0,20.179769,0,20.179769,0,0
32774,used GE,hit,0,14.714718,0,14.714718,0,0
32774,used GE,hit,0,14.401564,0,14.401564,0,0
32774,used GE,hit,0,13.56675,0,13.56675,0,0
32774,used GE,hit,0,37.715232,0,37.715232,0,0
32774,used GE,hit,0,29.796755,0,29.796755,0,0
32774,used GE,hit,0,29.72336,0,29.72336,0,0
32774,used GE,hit,0,43.160785,0,43.160785,0,0
32774,used GE,hit,0,18.048651,0,18.048651,0,0
32774,used GE,hit,0,16.679995,0,16.679995,0,0
32774,used GE,hit,0,33.439924,0,33.439924,0,0
32774,used GE,hit,0,18.440795,0,18.440795,0,0
32774,used GE,hit,0,17.805639,0,17.805639,0,0
32774,used GE,hit,0,17.276953,0,17.276953,0,0
32774,used GE,hit,0,37.496299,0,37.496299,0,0
32774,used GE,hit,0,46.221251,0,46.221251,0,0
32774,used GE,hit,0,17.496618,0,17.496618,0,0
32774,used GE,hit,0,29.475231,0,29.475231,0,0
32774,used GE,hit,0,15.160103,0,15.160103,0,0
32774,used GE,hit,0,12.612595,0,12.612595,0,0
32774,used GE,hit,0,11.935576,0,11.935576,0,0
32774,used GE,hit,0,13.253732,0,13.253732,0,0
32774,used GE,hit,0,24.45023,0,24.45023,0,0
32774,used GE,hit,0,11.416839,0,11.416839,0,0
32774,used GE,hit,0,34.704075,0,34.704075,0,0
32774,used GE,hit,0,12.007458,0,12.007458,0,0
32774,used GE,hit,0,11.936873,0,11.936873,0,0
32774,used GE,hit,0,10.4023,0,10.4023,0,0
32774,used GE,hit,0,11.439032,0,11.439032,0,0
32774,used GE,hit,0,32.415387,0,32.415387,0,0
6979,41,miss,763.239547,34.536204,665.801935,0,1463.577686,0
6979,41,soft-hit,755.125014,46.210644,656.950796,1458.286454,0,0
6979,41,soft-hit,745.952918,41.682421,647.298537,1434.933876,0,0
6979,41,soft-hit,746.420386,40.354035,648.615483,1435.3899040000001,0,0
6979,41,soft-hit,749.598062,23.551363,651.75378,1424.903205,0,0
6979,41,soft-hit,748.06272,21.913438,650.503548,1420.479706,0,0
6979,41,soft-hit,778.095689,32.347565,670.699417,1481.142671,0,0
6979,41,soft-hit,753.123055,16.05931,655.62506,1424.807425,0,0
6979,41,soft-hit,759.636573,46.659936,660.212189,1466.508698,0,0
6979,41,soft-hit,748.464937,23.822632,649.472882,1421.760451,0,0
6979,41,soft-hit,746.959098,15.013056,649.220053,1411.192207,0,0
6979,41,soft-hit,755.347995,29.277072,657.497282,1442.122349,0,0
6979,41,soft-hit,747.307517,13.904879,648.96344,1410.175836,0,0
6979,41,soft-hit,747.207936,19.854329,648.422654,1415.484919,0,0
6979,41,soft-hit,748.692531,30.712349,649.659491,1429.064371,0,0
6979,41,soft-hit,763.519765,53.846316,665.485984,1482.852065,0,0
6979,41,soft-hit,748.387891,16.311106,650.004789,1414.703786,0,0
6979,41,soft-hit,752.68513,35.652857,649.396297,1437.7342840000001,0,0
6979,41,soft-hit,747.658655,15.045006,649.355424,1412.0590849999999,0,0
6979,41,soft-hit,764.531223,15.654983,666.376095,1446.562301,0,0
6979,41,soft-hit,755.659235,15.061512,656.434427,1427.155174,0,0
6979,41,soft-hit,749.190305,35.847036,651.565967,1436.603308,0,0
6979,41,soft-hit,748.768765,21.389091,651.118124,1421.27598,0,0
6979,41,soft-hit,749.428565,15.691986,652.037856,1417.1584070000001,0,0
6979,41,soft-hit,761.535611,33.820667,652.211522,1447.5677999999998,0,0
6979,41,soft-hit,748.820265,30.775411,651.01256,1430.608236,0,0
6979,41,soft-hit,747.005541,43.867722,650.050928,1440.924191,0,0
6979,41,soft-hit,746.835603,13.670207,648.641757,1409.147567,0,0
6979,41,soft-hit,748.98058,13.976291,650.797623,1413.754494,0,0
6979,41,soft-hit,759.800674,13.556144,661.033214,1434.390032,0,0
6979,41,soft-hit,770.511635,29.675813,671.793544,1471.9809919999998,0,0
6979,41,soft-hit,750.031053,50.674772,651.562896,1452.268721,0,0
6979,41,soft-hit,750.34436,14.019272,652.576035,1416.939667,0,0
6979,41,soft-hit,759.977198,34.140366,650.549554,1444.6671179999998,0,0
6979,41,soft-hit,745.732298,44.859768,652.215354,1442.80742,0,0
6979,41,soft-hit,750.026151,38.926896,651.281794,1440.234841,0,0
6979,41,soft-hit,749.30284,14.138547,650.227719,1413.6691059999998,0,0
6979,41,soft-hit,750.377097,26.917324,651.731319,1429.02574,0,0
6979,41,soft-hit,765.788751,28.163538,667.689894,1461.642183,0,0
6979,41,soft-hit,758.525888,44.732993,664.473016,1467.7318970000001,0,0
6979,41,soft-hit,749.316082,14.387825,651.072887,1414.776794,0,0
17467,40,miss,764.468059,23.738671,666.481661,0,1454.6883910000001,0
17467,40,soft-hit,735.535098,57.333069,638.180733,1431.0489,0,0
17467,40,soft-hit,738.950723,14.944533,637.033025,1390.928281,0,0
17467,40,soft-hit,739.378649,15.9275,640.449292,1395.755441,0,0
17467,40,soft-hit,735.607423,19.024183,638.159736,1392.791342,0,0
17467,40,soft-hit,743.213794,36.213378,645.912237,1425.3394090000002,0,0
17467,40,soft-hit,738.881098,17.775573,642.183641,1398.8403119999998,0,0
17467,40,soft-hit,743.071935,14.142147,645.940059,1403.154141,0,0
17467,40,soft-hit,735.302088,16.093916,637.326531,1388.722535,0,0
17467,40,soft-hit,741.756207,16.252626,644.605133,1402.613966,0,0
17467,40,soft-hit,739.807098,47.834389,642.513167,1430.154654,0,0
17467,40,soft-hit,752.951469,46.018411,642.366897,1441.336777,0,0
17467,40,soft-hit,730.165571,40.836966,637.237693,1408.2402299999999,0,0
17467,40,soft-hit,738.443726,15.758465,639.186442,1393.388633,0,0
17467,40,soft-hit,729.185766,24.537978,637.978954,1391.702698,0,0
17467,40,soft-hit,737.006261,26.304644,640.063513,1403.3744179999999,0,0
17467,40,soft-hit,734.245264,35.649232,637.325539,1407.220035,0,0
17467,40,soft-hit,733.987552,16.204137,636.813949,1387.005638,0,0
17467,40,soft-hit,736.46429,16.060801,637.387474,1389.912565,0,0
17467,40,soft-hit,739.686489,20.578841,641.959307,1402.224637,0,0
17467,40,soft-hit,736.865398,25.977596,639.830085,1402.6730790000001,0,0
17467,40,soft-hit,754.528826,15.615201,658.627939,1428.7719659999998,0,0
17467,40,soft-hit,752.400011,14.593382,655.080829,1422.074222,0,0
17467,40,soft-hit,736.114395,15.858994,638.754726,1390.728115,0,0
17467,40,soft-hit,736.982392,34.663475,640.115735,1411.761602,0,0
17467,40,soft-hit,736.505106,31.062623,639.668182,1407.235911,0,0
17467,40,soft-hit,735.46941,14.434499,637.991444,1387.895353,0,0
17467,40,soft-hit,735.376593,39.273246,637.596638,1412.246477,0,0
17467,40,soft-hit,736.689977,14.235395,638.879402,1389.8047740000002,0,0
17467,40,soft-hit,736.791178,14.957054,639.402163,1391.150395,0,0
17467,40,soft-hit,743.09701,15.700977,638.037725,1396.835712,0,0
17467,40,soft-hit,739.277825,42.62375,639.274069,1421.175644,0,0
17467,40,soft-hit,748.697811,45.694577,651.260775,1445.653163,0,0
17467,40,soft-hit,737.193276,16.529325,639.208282,1392.930883,0,0
17467,40,soft-hit,734.066377,44.643642,639.890113,1418.600132,0,0
17467,40,soft-hit,737.574883,16.000541,640.645345,1394.220769,0,0
17467,40,soft-hit,736.57666,16.5202,639.370156,1392.467016,0,0
17467,40,soft-hit,743.401566,30.351832,645.775733,1419.529131,0,0
17467,40,soft-hit,752.02968,31.823002,653.433657,1437.286339,0,0
17467,40,soft-hit,749.503703,57.089393,642.172885,1448.765981,0,0
17467,40,soft-hit,743.179634,44.54895,646.361,1434.0895839999998,0,0
33011,35,miss,651.668321,22.676085,565.164303,0,1239.5087090000002,0
33011,35,soft-hit,651.193848,15.138582,564.699565,1231.031995,0,0
33011,35,soft-hit,653.310795,21.053163,566.197983,1240.561941,0,0
33011,35,soft-hit,652.591516,13.595266,565.237774,1231.424556,0,0
33011,35,soft-hit,653.701933,23.711118,566.264496,1243.677547,0,0
33011,35,soft-hit,652.039373,25.161968,565.562566,1242.763907,0,0
33011,35,soft-hit,651.860966,13.517702,565.181325,1230.5599929999998,0,0
33011,35,soft-hit,654.318851,14.045935,566.864701,1235.229487,0,0
33011,35,soft-hit,657.194016,23.750267,570.352055,1251.296338,0,0
33011,35,soft-hit,659.073595,30.888206,572.273156,1262.234957,0,0
33011,35,soft-hit,663.916862,14.472325,575.33395,1253.723137,0,0
33011,35,soft-hit,724.897052,14.817967,636.358158,1376.073177,0,0
33011,35,soft-hit,654.081289,15.186889,566.739191,1236.007369,0,0
33011,35,soft-hit,656.865198,25.792876,568.904321,1251.562395,0,0
33011,35,soft-hit,656.879998,14.686924,570.947781,1242.5147029999998,0,0
33011,35,soft-hit,655.209043,31.352048,568.088396,1254.649487,0,0
33011,35,soft-hit,653.111053,16.825163,566.647544,1236.58376,0,0
33011,35,soft-hit,654.604899,14.884612,567.275526,1236.7650370000001,0,0
33011,35,soft-hit,654.640428,40.767138,566.140387,1261.5479530000002,0,0
33011,35,soft-hit,665.757098,12.47994,566.778886,1245.015924,0,0
33011,35,soft-hit,656.693907,14.815591,570.076584,1241.586082,0,0
33011,35,soft-hit,656.119129,13.656587,569.760552,1239.5362679999998,0,0
33011,35,soft-hit,669.0537,13.962055,582.049339,1265.065094,0,0
33011,35,soft-hit,661.498272,12.754275,575.214204,1249.466751,0,0
33011,35,soft-hit,657.195723,12.626416,570.225971,1240.04811,0,0
33011,35,soft-hit,656.780591,45.915198,569.822527,1272.5183160000001,0,0
33011,35,soft-hit,653.208588,14.026684,566.597332,1233.8326040000002,0,0
33011,35,soft-hit,654.159755,21.826823,567.557715,1243.544293,0,0
33011,35,soft-hit,654.576786,13.35115,568.307301,1236.2352369999999,0,0
33011,35,soft-hit,651.384719,23.803545,567.585558,1242.773822,0,0
33011,35,soft-hit,656.331891,13.507138,567.194605,1237.0336340000001,0,0
33011,35,soft-hit,653.743908,13.745637,567.649978,1235.139523,0,0
33011,35,soft-hit,655.055917,13.891576,567.322168,1236.269661,0,0
33011,35,soft-hit,654.027823,13.519142,567.235589,1234.782554,0,0
33011,35,soft-hit,665.635833,13.067689,578.830004,1257.5335260000002,0,0
33011,35,soft-hit,690.822175,37.499044,567.080091,1295.4013100000002,0,0
33011,35,soft-hit,653.768486,13.210532,567.14186,1234.1208780000002,0,0
33011,35,soft-hit,655.855996,12.640496,567.608617,1236.105109,0,0
33011,35,soft-hit,654.640293,33.616187,567.428986,1255.685466,0,0
33011,35,soft-hit,654.240714,12.733793,567.951817,1234.926324,0,0
33011,35,soft-hit,669.712224,30.725891,570.39106,1270.829175,0,0
9476,32,miss,606.684419,25.242881,524.07064,0,1155.9979400000002,0
9476,used GE,hit,0,14.121987,0,14.121987,0,0
9476,used GE,hit,0,24.537016,0,24.537016,0,0
9476,used GE,hit,0,13.973172,0,13.973172,0,0
9476,used GE,hit,0,15.475024,0,15.475024,0,0
9476,used GE,hit,0,35.272299,0,35.272299,0,0
9476,used GE,hit,0,14.673885,0,14.673885,0,0
9476,used GE,hit,0,21.73929,0,21.73929,0,0
9476,used GE,hit,0,13.680374,0,13.680374,0,0
9476,used GE,hit,0,13.221192,0,13.221192,0,0
9476,used GE,hit,0,27.247239,0,27.247239,0,0
9476,used GE,hit,0,33.829974,0,33.829974,0,0
9476,used GE,hit,0,14.64776,0,14.64776,0,0
9476,used GE,hit,0,25.852335,0,25.852335,0,0
9476,used GE,hit,0,13.54073,0,13.54073,0,0
9476,used GE,hit,0,17.981883,0,17.981883,0,0
9476,used GE,hit,0,34.512464,0,34.512464,0,0
9476,used GE,hit,0,34.152983,0,34.152983,0,0
9476,used GE,hit,0,14.249677,0,14.249677,0,0
9476,used GE,hit,0,30.431687,0,30.431687,0,0
9476,used GE,hit,0,11.391885,0,11.391885,0,0
9476,used GE,hit,0,12.814263,0,12.814263,0,0
9476,used GE,hit,0,31.336411,0,31.336411,0,0
9476,used GE,hit,0,28.173297,0,28.173297,0,0
9476,used GE,hit,0,13.633116,0,13.633116,0,0
9476,used GE,hit,0,13.02538,0,13.02538,0,0
9476,used GE,hit,0,14.135159,0,14.135159,0,0
9476,used GE,hit,0,27.317902,0,27.317902,0,0
9476,used GE,hit,0,14.742739,0,14.742739,0,0
9476,used GE,hit,0,32.520969,0,32.520969,0,0
9476,used GE,hit,0,29.551827,0,29.551827,0,0
9476,used GE,hit,0,14.15964,0,14.15964,0,0
9476,used GE,hit,0,35.834354,0,35.834354,0,0
9476,used GE,hit,0,36.845737,0,36.845737,0,0
9476,used GE,hit,0,17.823814,0,17.823814,0,0
9476,used GE,hit,0,14.347117,0,14.347117,0,0
9476,used GE,hit,0,38.066591,0,38.066591,0,0
9476,used GE,hit,0,38.440055,0,38.440055,0,0
9476,used GE,hit,0,14.442531,0,14.442531,0,0
9476,used GE,hit,0,25.320998,0,25.320998,0,0
9476,used GE,hit,0,11.852512,0,11.852512,0,0
19345,38,miss,714.359013,17.402957,619.378467,0,1351.140437,0
19345,used GE,hit,0,48.251538,0,48.251538,0,0
19345,used GE,hit,0,18.948976,0,18.948976,0,0
19345,used GE,hit,0,31.007134,0,31.007134,0,0
19345,used GE,hit,0,49.491267,0,49.491267,0,0
19345,used GE,hit,0,15.967083,0,15.967083,0,0
19345,used GE,hit,0,15.408867,0,15.408867,0,0
19345,used GE,hit,0,14.322913,0,14.322913,0,0
19345,used GE,hit,0,40.466786,0,40.466786,0,0
19345,used GE,hit,0,17.042997,0,17.042997,0,0
19345,used GE,hit,0,25.339874,0,25.339874,0,0
19345,used GE,hit,0,15.429795,0,15.429795,0,0
19345,used GE,hit,0,15.103809,0,15.103809,0,0
19345,used GE,hit,0,17.565299,0,17.565299,0,0
19345,used GE,hit,0,14.055516,0,14.055516,0,0
19345,used GE,hit,0,15.000258,0,15.000258,0,0
19345,used GE,hit,0,34.508121,0,34.508121,0,0
19345,used GE,hit,0,31.897156,0,31.897156,0,0
19345,used GE,hit,0,15.608825,0,15.608825,0,0
19345,used GE,hit,0,36.54429,0,36.54429,0,0
19345,used GE,hit,0,15.312812,0,15.312812,0,0
19345,used GE,hit,0,30.065521,0,30.065521,0,0
19345,used GE,hit,0,15.334052,0,15.334052,0,0
19345,used GE,hit,0,14.956921,0,14.956921,0,0
19345,used GE,hit,0,17.579781,0,17.579781,0,0
19345,used GE,hit,0,18.647315,0,18.647315,0,0
19345,used GE,hit,0,15.266992,0,15.266992,0,0
19345,used GE,hit,0,37.274766,0,37.274766,0,0
19345,used GE,hit,0,42.009512,0,42.009512,0,0
19345,used GE,hit,0,18.567377,0,18.567377,0,0
19345,used GE,hit,0,27.594285,0,27.594285,0,0
19345,used GE,hit,0,15.535136,0,15.535136,0,0
19345,used GE,hit,0,44.780851,0,44.780851,0,0
19345,used GE,hit,0,27.045484,0,27.045484,0,0
19345,used GE,hit,0,15.810522,0,15.810522,0,0
19345,used GE,hit,0,29.170913,0,29.170913,0,0
19345,used GE,hit,0,15.556491,0,15.556491,0,0
19345,used GE,hit,0,14.714863,0,14.714863,0,0
19345,used GE,hit,0,26.147189,0,26.147189,0,0
19345,used GE,hit,0,13.411038,0,13.411038,0,0
19345,used GE,hit,0,14.353035,0,14.353035,0,0
33971,32,miss,622.408949,19.953129,540.181103,0,1182.543181,0
33971,32,soft-hit,616.65384,32.003271,534.557831,1183.214942,0,0
33971,32,soft-hit,613.232954,21.303272,531.948144,1166.48437,0,0
33971,32,soft-hit,620.888277,12.838961,539.482782,1173.21002,0,0
33971,32,soft-hit,611.945692,12.592284,530.693543,1155.231519,0,0
33971,32,soft-hit,620.471983,12.555759,538.851247,1171.8789889999998,0,0
33971,32,soft-hit,612.49745,12.785193,530.408742,1155.691385,0,0
33971,32,soft-hit,620.224831,19.700028,538.204528,1178.129387,0,0
33971,32,soft-hit,618.695625,12.633678,536.879283,1168.208586,0,0
33971,32,soft-hit,612.528953,23.422273,531.911018,1167.862244,0,0
33971,32,soft-hit,610.367908,12.40565,529.381664,1152.155222,0,0
33971,32,soft-hit,621.243647,11.51343,529.411531,1162.168608,0,0
33971,32,soft-hit,601.05736,26.435525,530.054156,1157.547041,0,0
33971,32,soft-hit,612.07807,12.474308,529.454741,1154.0071189999999,0,0
33971,32,soft-hit,613.085558,22.913149,529.820343,1165.81905,0,0
33971,32,soft-hit,611.13194,12.395542,529.774199,1153.301681,0,0
33971,32,soft-hit,612.598078,23.264541,529.600261,1165.46288,0,0
33971,32,soft-hit,611.285481,32.352252,529.974828,1173.612561,0,0
33971,32,soft-hit,610.686411,24.002481,529.748081,1164.4369729999999,0,0
33971,32,soft-hit,611.124276,25.394203,530.397247,1166.915726,0,0
33971,32,soft-hit,613.277442,17.80951,530.101452,1161.188404,0,0
33971,32,soft-hit,611.918861,12.725951,530.024266,1154.669078,0,0
33971,32,soft-hit,612.436047,12.442747,530.173212,1155.0520060000001,0,0
33971,32,soft-hit,623.091246,12.204817,530.343683,1165.639746,0,0
33971,32,soft-hit,612.902811,51.534019,530.942176,1195.3790060000001,0,0
33971,32,soft-hit,611.987634,22.325367,530.474685,1164.7876860000001,0,0
33971,32,soft-hit,614.865299,20.197019,533.41198,1168.474298,0,0
33971,32,soft-hit,611.512743,12.977948,530.350741,1154.841432,0,0
33971,32,soft-hit,617.56474,12.689034,535.359147,1165.612921,0,0
33971,32,soft-hit,616.492462,13.237222,534.574609,1164.3042930000001,0,0
33971,32,soft-hit,701.813921,12.197931,620.158834,1334.170686,0,0
33971,32,soft-hit,612.922089,12.411632,531.816621,1157.1503420000001,0,0
33971,32,soft-hit,612.858775,20.238723,531.35265,1164.4501480000001,0,0
33971,32,soft-hit,614.482917,12.828474,533.273826,1160.585217,0,0
33971,32,soft-hit,612.69005,12.361289,531.436182,1156.487521,0,0
33971,32,soft-hit,627.072194,12.221982,532.138397,1171.432573,0,0
33971,32,soft-hit,612.790071,32.299158,539.377971,1184.4672,0,0
33971,32,soft-hit,614.57369,25.235326,533.479852,1173.288868,0,0
33971,32,soft-hit,622.994595,24.987198,542.293468,1190.275261,0,0
33971,32,soft-hit,615.167207,12.952192,533.302682,1161.422081,0,0
33971,32,soft-hit,614.086252,38.480944,532.920907,1185.4881030000001,0,0
299,35,miss,665.007984,13.734377,577.088107,0,1255.830468,0
299,35,soft-hit,783.861519,13.588982,694.103796,1491.5542970000001,0,0
299,35,soft-hit,668.32008,13.826445,580.062222,1262.2087470000001,0,0
299,35,soft-hit,665.523871,13.58597,576.807094,1255.916935,0,0
299,35,soft-hit,665.854037,13.31934,577.297754,1256.471131,0,0
299,35,soft-hit,681.789767,51.847287,582.787681,1316.424735,0,0
299,35,soft-hit,668.844832,28.733961,581.20423,1278.783023,0,0
299,35,soft-hit,668.60048,14.381986,581.164436,1264.146902,0,0
299,35,soft-hit,674.502052,13.367496,586.451925,1274.321473,0,0
299,35,soft-hit,666.47619,14.12214,578.082621,1258.6809509999998,0,0
299,35,soft-hit,682.854068,32.852873,594.993628,1310.700569,0,0
299,35,soft-hit,668.448462,13.418827,580.599439,1262.4667279999999,0,0
299,35,soft-hit,666.900448,33.539728,578.782766,1279.2229419999999,0,0
299,35,soft-hit,676.279267,27.652417,587.491605,1291.423289,0,0
299,35,soft-hit,683.534426,22.918797,595.543873,1301.997096,0,0
299,35,soft-hit,669.561796,13.607349,582.785343,1265.9544879999999,0,0
299,35,soft-hit,667.6372,26.353115,579.7184,1273.708715,0,0
299,35,soft-hit,658.851948,27.920081,579.209771,1265.9818,0,0
299,35,soft-hit,675.249411,27.285773,580.863648,1283.3988319999999,0,0
299,35,soft-hit,666.915013,14.031756,579.530957,1260.477726,0,0
299,35,soft-hit,672.574337,13.57409,583.482578,1269.631005,0,0
299,35,soft-hit,666.277051,39.265097,578.164706,1283.706854,0,0
299,35,soft-hit,667.826109,19.291623,580.136063,1267.253795,0,0
299,35,soft-hit,666.846839,14.467329,578.871922,1260.1860900000001,0,0
299,35,soft-hit,672.147546,13.426541,583.949049,1269.523136,0,0
299,35,soft-hit,671.115111,28.596333,583.174024,1282.885468,0,0
299,35,soft-hit,679.661049,13.583481,591.848634,1285.093164,0,0
299,35,soft-hit,666.820826,27.208073,578.396229,1272.4251279999999,0,0
299,35,soft-hit,672.713678,13.38767,584.437574,1270.538922,0,0
299,35,soft-hit,670.56892,37.916042,581.987692,1290.4726540000001,0,0
299,35,soft-hit,684.855035,14.849942,596.749319,1296.454296,0,0
299,35,soft-hit,667.975382,14.109412,580.022507,1262.107301,0,0
299,35,soft-hit,677.347431,37.242046,586.95938,1301.548857,0,0
299,35,soft-hit,671.316791,22.799934,582.818012,1276.934737,0,0
299,35,soft-hit,668.449648,13.809578,580.394343,1262.653569,0,0
299,35,soft-hit,668.078123,13.456763,579.609752,1261.144638,0,0
299,35,soft-hit,668.18652,16.085032,580.020565,1264.292117,0,0
299,35,soft-hit,678.886075,14.65044,590.949544,1284.4860589999998,0,0
299,35,soft-hit,669.197561,24.332052,579.972672,1273.502285,0,0
299,35,soft-hit,663.81493,16.028443,580.29365,1260.137023,0,0
299,35,soft-hit,672.608309,19.508657,583.590156,1275.7071219999998,0,0
10285,37,miss,708.368099,15.0122,612.840704,0,1336.221003,0
10285,37,soft-hit,701.878989,13.460249,609.872014,1325.211252,0,0
10285,37,soft-hit,706.485431,13.410239,615.338657,1335.2343270000001,0,0
10285,37,soft-hit,703.283601,38.071147,611.476097,1352.830845,0,0
10285,37,soft-hit,702.796459,27.56298,611.50371,1341.863149,0,0
10285,37,soft-hit,700.215599,37.486285,610.287118,1347.9890019999998,0,0
10285,37,soft-hit,700.839407,13.150877,609.7094,1323.6996840000002,0,0
10285,37,soft-hit,701.237942,13.814367,609.974103,1325.026412,0,0
10285,37,soft-hit,717.353562,13.254406,613.284124,1343.892092,0,0
10285,37,soft-hit,702.076491,13.073163,611.369362,1326.5190160000002,0,0
10285,37,soft-hit,709.100736,14.185327,617.375013,1340.6610759999999,0,0
10285,37,soft-hit,703.472166,13.438877,612.225229,1329.1362720000002,0,0
10285,37,soft-hit,702.277654,29.171881,612.469955,1343.91949,0,0
10285,37,soft-hit,701.305121,16.206009,610.734043,1328.245173,0,0
10285,37,soft-hit,706.352886,14.2456,614.868772,1335.4672580000001,0,0
10285,37,soft-hit,705.257329,29.427137,613.754949,1348.439415,0,0
10285,37,soft-hit,704.328635,13.685445,613.281717,1331.2957969999998,0,0
10285,37,soft-hit,711.333202,17.251585,619.679684,1348.264471,0,0
10285,37,soft-hit,703.730805,38.950793,612.287702,1354.9693,0,0
10285,37,soft-hit,709.783469,12.401295,611.748903,1333.933667,0,0
10285,37,soft-hit,704.860612,14.867226,613.343239,1333.071077,0,0
10285,37,soft-hit,711.70478,25.776347,619.700086,1357.181213,0,0
10285,37,soft-hit,703.171051,13.413614,611.002575,1327.58724,0,0
10285,37,soft-hit,702.28798,13.399395,610.822155,1326.5095299999998,0,0
10285,37,soft-hit,701.090819,16.119043,610.954569,1328.1644310000001,0,0
10285,37,soft-hit,701.886961,25.388965,610.750429,1338.026355,0,0
10285,37,soft-hit,702.002544,13.127058,611.005141,1326.134743,0,0
10285,37,soft-hit,713.523469,29.162179,622.625612,1365.31126,0,0
10285,37,soft-hit,702.498207,13.520331,611.729963,1327.748501,0,0
10285,37,soft-hit,716.32782,18.87927,625.3516,1360.5586899999998,0,0
10285,37,soft-hit,731.885758,17.402198,631.258217,1380.546173,0,0
10285,37,soft-hit,704.384785,13.344431,613.727904,1331.45712,0,0
10285,38,soft-hit,720.500705,28.68861,627.647028,1376.836343,0,0
10285,38,soft-hit,718.956721,16.402726,626.551591,1361.9110380000002,0,0
10285,38,soft-hit,719.485958,30.70698,626.814417,1377.0073550000002,0,0
10285,38,soft-hit,719.268082,30.095573,626.916858,1376.2805130000002,0,0
10285,38,soft-hit,723.245428,13.960036,630.559562,1367.765026,0,0
10285,38,soft-hit,736.884099,14.812961,644.552864,1396.249924,0,0
10285,38,soft-hit,720.826226,22.804206,628.623061,1372.2534930000002,0,0
10285,38,soft-hit,720.088965,13.492258,627.369833,1360.9510559999999,0,0
10285,38,soft-hit,734.216656,14.336557,629.023555,1377.576768,0,0
19392,38,miss,722.408604,16.625728,629.762607,0,1368.7969389999998,0
19392,38,soft-hit,723.571501,13.261223,630.0147,1366.847424,0,0
19392,38,soft-hit,719.045225,13.236388,627.767335,1360.048948,0,0
19392,38,soft-hit,736.035509,13.886572,644.73737,1394.659451,0,0
19392,38,soft-hit,723.203254,36.024633,631.997435,1391.225322,0,0
19392,38,soft-hit,729.768463,19.890273,638.106813,1387.765549,0,0
19392,38,soft-hit,726.079276,13.780453,633.46438,1373.3241090000001,0,0
19392,38,soft-hit,733.24853,13.457955,641.619829,1388.326314,0,0
19392,38,soft-hit,740.516723,36.116755,648.929998,1425.5634759999998,0,0
19392,38,soft-hit,720.271484,23.790576,629.201712,1373.263772,0,0
19392,38,soft-hit,719.273917,13.670603,628.79664,1361.74116,0,0
19392,38,soft-hit,731.964158,13.27413,639.585593,1384.823881,0,0
19392,38,soft-hit,724.01245,13.469705,632.14513,1369.627285,0,0
19392,38,soft-hit,722.726599,34.506804,631.665041,1388.898444,0,0
19392,38,soft-hit,721.887352,13.348635,630.79345,1366.029437,0,0
19392,38,soft-hit,721.035014,41.761709,629.850351,1392.647074,0,0
19392,38,soft-hit,721.51425,22.137097,629.670454,1373.321801,0,0
19392,38,soft-hit,722.271575,18.350937,630.319851,1370.9423630000001,0,0
19392,38,soft-hit,725.278623,21.450132,632.420084,1379.148839,0,0
19392,38,soft-hit,721.740192,21.031412,630.217728,1372.989332,0,0
19392,38,soft-hit,732.638844,15.046879,630.860842,1378.546565,0,0
19392,38,soft-hit,723.577858,38.359417,631.418176,1393.355451,0,0
19392,38,soft-hit,730.748354,26.931006,635.277398,1392.9567579999998,0,0
19392,38,soft-hit,723.887728,13.744992,631.032883,1368.665603,0,0
19392,38,soft-hit,721.206121,14.106623,629.065892,1364.378636,0,0
19392,38,soft-hit,735.316377,13.087074,642.340194,1390.743645,0,0
19392,38,soft-hit,731.743815,13.535669,638.502415,1383.781899,0,0
19392,38,soft-hit,730.202888,13.057775,637.378084,1380.638747,0,0
19392,38,soft-hit,736.526059,35.207061,643.917548,1415.650668,0,0
19392,38,soft-hit,723.380894,13.565208,631.264569,1368.210671,0,0
19392,38,soft-hit,719.052144,37.427542,631.336288,1387.815974,0,0
19392,38,soft-hit,723.88745,13.183414,632.220498,1369.291362,0,0
19392,38,soft-hit,722.666353,13.249165,631.001745,1366.9172629999998,0,0
19392,38,soft-hit,723.934711,13.428221,631.468724,1368.8316559999998,0,0
19392,38,soft-hit,723.46405,15.485834,630.978109,1369.927993,0,0
19392,38,soft-hit,723.283751,13.504442,631.210684,1367.998877,0,0
19392,38,soft-hit,728.272578,13.40655,635.805998,1377.485126,0,0
19392,38,soft-hit,723.941102,18.741266,631.230996,1373.913364,0,0
19392,38,soft-hit,722.52329,13.31423,630.937369,1366.7748889999998,0,0
19392,38,soft-hit,733.733552,13.358155,641.537828,1388.629535,0,0
34772,28,miss,551.88976,15.606901,478.055335,0,1045.5519960000001,0
34772,28,soft-hit,565.17306,9.860986,479.509791,1054.543837,0,0
34772,28,soft-hit,525.56712,24.113059,488.21139,1037.891569,0,0
34772,28,soft-hit,557.195896,11.652334,485.019236,1053.867466,0,0
34772,28,soft-hit,563.822801,16.267321,489.826481,1069.9166030000001,0,0
34772,28,soft-hit,552.600091,30.584532,479.91523,1063.0998530000002,0,0
34772,28,soft-hit,556.290684,11.424911,482.842451,1050.558046,0,0
34772,28,soft-hit,555.756955,11.808003,482.703964,1050.268922,0,0
34772,28,soft-hit,553.993491,11.056214,480.746115,1045.7958199999998,0,0
34772,28,soft-hit,553.874995,11.200978,480.352133,1045.428106,0,0
34772,28,soft-hit,554.025713,11.095054,481.150338,1046.271105,0,0
34772,28,soft-hit,551.706686,27.198638,481.796187,1060.701511,0,0
34772,28,soft-hit,561.387366,11.299077,489.193464,1061.879907,0,0
34772,28,soft-hit,558.409233,13.295361,484.95977,1056.664364,0,0
34772,28,soft-hit,555.467408,11.337163,481.753087,1048.557658,0,0
34772,28,soft-hit,568.798659,21.869776,484.416237,1075.084672,0,0
34772,28,soft-hit,557.603073,30.401949,484.894414,1072.899436,0,0
34772,28,soft-hit,553.128196,27.264735,479.389174,1059.782105,0,0
34772,28,soft-hit,560.768314,36.533042,487.904455,1085.205811,0,0
34772,28,soft-hit,565.194296,22.220619,492.647713,1080.0626280000001,0,0
34772,28,soft-hit,567.596138,11.855966,494.53319,1073.985294,0,0
34772,28,soft-hit,555.159931,11.341039,482.472803,1048.9737730000002,0,0
34772,28,soft-hit,557.937274,30.155109,484.839875,1072.932258,0,0
34772,28,soft-hit,553.412272,11.067376,480.5882,1045.0678480000001,0,0
34772,28,soft-hit,559.431648,11.277862,485.920766,1056.630276,0,0
34772,28,soft-hit,555.610181,33.207632,483.113845,1071.931658,0,0
34772,28,soft-hit,558.02427,11.232643,484.906382,1054.163295,0,0
34772,28,soft-hit,557.000656,11.517275,482.723617,1051.241548,0,0
34772,28,soft-hit,577.291451,17.130384,495.883548,1090.3053830000001,0,0
34772,28,soft-hit,529.375223,31.182993,492.075213,1052.633429,0,0
34772,28,soft-hit,562.742914,12.152154,484.64348,1059.538548,0,0
34772,28,soft-hit,596.557771,24.712216,523.496142,1144.766129,0,0
34772,28,soft-hit,552.330653,11.667164,480.060427,1044.058244,0,0
34772,28,soft-hit,554.532856,11.205272,481.839346,1047.577474,0,0
34772,28,soft-hit,557.944541,13.931786,484.698405,1056.574732,0,0
34772,28,soft-hit,560.243164,23.378459,487.309269,1070.9308919999999,0,0
34772,28,soft-hit,553.208267,11.1044,483.25417,1047.5668369999999,0,0
34772,28,soft-hit,557.880979,11.416847,484.439799,1053.737625,0,0
34772,28,soft-hit,554.749439,38.586402,481.657747,1074.993588,0,0
34772,28,soft-hit,553.415602,10.976688,480.703358,1045.095648,0,0
364,33,miss,641.572934,47.891728,557.270925,0,1246.7355870000001,0
364,used GE,hit,0,11.464415,0,11.464415,0,0
364,used GE,hit,0,10.762646,0,10.762646,0,0
364,used GE,hit,0,26.695696,0,26.695696,0,0
364,used GE,hit,0,24.849239,0,24.849239,0,0
364,used GE,hit,0,19.970672,0,19.970672,0,0
364,used GE,hit,0,13.162805,0,13.162805,0,0
364,used GE,hit,0,18.544997,0,18.544997,0,0
364,used GE,hit,0,13.877419,0,13.877419,0,0
364,used GE,hit,0,12.611054,0,12.611054,0,0
364,used GE,hit,0,12.121907,0,12.121907,0,0
364,used GE,hit,0,12.793099,0,12.793099,0,0
364,used GE,hit,0,12.271649,0,12.271649,0,0
364,used GE,hit,0,26.307942,0,26.307942,0,0
364,used GE,hit,0,21.581547,0,21.581547,0,0
364,used GE,hit,0,12.770216,0,12.770216,0,0
364,used GE,hit,0,13.471853,0,13.471853,0,0
364,used GE,hit,0,13.224364,0,13.224364,0,0
364,used GE,hit,0,13.011102,0,13.011102,0,0
364,used GE,hit,0,12.995328,0,12.995328,0,0
364,used GE,hit,0,12.897288,0,12.897288,0,0
364,used GE,hit,0,13.169667,0,13.169667,0,0
364,used GE,hit,0,33.485337,0,33.485337,0,0
364,used GE,hit,0,36.862158,0,36.862158,0,0
364,used GE,hit,0,14.22119,0,14.22119,0,0
364,used GE,hit,0,13.351532,0,13.351532,0,0
364,used GE,hit,0,27.812291,0,27.812291,0,0
364,used GE,hit,0,14.496262,0,14.496262,0,0
364,used GE,hit,0,13.279684,0,13.279684,0,0
364,used GE,hit,0,13.395171,0,13.395171,0,0
364,used GE,hit,0,13.080766,0,13.080766,0,0
364,used GE,hit,0,40.632577,0,40.632577,0,0
364,used GE,hit,0,14.949244,0,14.949244,0,0
364,used GE,hit,0,46.843158,0,46.843158,0,0
364,used GE,hit,0,14.51613,0,14.51613,0,0
364,used GE,hit,0,13.614459,0,13.614459,0,0
364,used GE,hit,0,14.002502,0,14.002502,0,0
364,used GE,hit,0,14.655522,0,14.655522,0,0
364,used GE,hit,0,13.071115,0,13.071115,0,0
364,used GE,hit,0,18.154508,0,18.154508,0,0
11315,35,miss,681.609542,20.385727,595.086919,0,1297.0821879999999,0
11315,35,soft-hit,719.731561,14.161105,627.240246,1361.132912,0,0
11315,35,soft-hit,688.833176,20.609526,602.400774,1311.843476,0,0
11315,35,soft-hit,683.565477,62.417462,595.006646,1340.989585,0,0
11315,35,soft-hit,691.359087,66.446834,604.215787,1362.021708,0,0
11315,35,soft-hit,677.249737,38.852845,590.240999,1306.343581,0,0
11315,35,soft-hit,680.204499,18.035027,594.20608,1292.4456060000002,0,0
11315,35,soft-hit,673.135841,29.345807,590.987423,1293.469071,0,0
11315,35,soft-hit,693.434937,26.174078,607.582061,1327.191076,0,0
11315,35,soft-hit,686.084392,29.368795,599.677688,1315.1308749999998,0,0
11315,35,soft-hit,688.3422,67.247071,600.098572,1355.6878430000002,0,0
11315,35,soft-hit,680.482995,57.612473,591.157064,1329.252532,0,0
11315,35,soft-hit,691.031364,66.158912,590.131764,1347.32204,0,0
11315,35,soft-hit,678.222837,65.486166,590.545774,1334.254777,0,0
11315,35,soft-hit,676.490674,13.434073,590.488535,1280.413282,0,0
11315,35,soft-hit,677.768821,59.523808,590.707112,1327.999741,0,0
11315,35,soft-hit,677.622083,21.967323,591.319989,1290.909395,0,0
11315,35,soft-hit,687.057299,24.997549,600.601851,1312.6566990000001,0,0
11315,35,soft-hit,687.395762,66.878005,600.760761,1355.0345280000001,0,0
11315,35,soft-hit,677.494184,18.018963,591.151804,1286.664951,0,0
11315,35,soft-hit,677.457815,58.352425,590.753893,1326.5641329999999,0,0
11315,35,soft-hit,678.458288,13.660634,591.298657,1283.417579,0,0
11315,35,soft-hit,681.343851,57.756802,594.498828,1333.599481,0,0
11315,35,soft-hit,678.716146,20.879071,591.758007,1291.353224,0,0
11315,35,soft-hit,690.567473,61.436139,591.720814,1343.724426,0,0
11315,35,soft-hit,679.439528,81.695571,592.1211,1353.256199,0,0
11315,35,soft-hit,680.957142,66.251134,592.548307,1339.7565829999999,0,0
11315,35,soft-hit,678.25054,36.046597,591.737538,1306.0346749999999,0,0
11315,35,soft-hit,679.082371,29.50658,591.67544,1300.264391,0,0
11315,35,soft-hit,683.10365,64.04346,596.043574,1343.1906840000001,0,0
11315,35,soft-hit,685.754131,26.572316,599.554434,1311.880881,0,0
11315,35,soft-hit,687.274759,60.210927,599.772818,1347.258504,0,0
11315,35,soft-hit,682.683297,36.703048,595.952397,1315.338742,0,0
11315,35,soft-hit,683.6472,66.535606,597.092703,1347.275509,0,0
11315,35,soft-hit,675.54992,18.047026,593.463854,1287.0608,0,0
11315,35,soft-hit,697.872363,25.785837,599.531297,1323.1894969999998,0,0
11315,35,soft-hit,684.247932,58.021612,597.788078,1340.057622,0,0
11315,35,soft-hit,683.706664,20.271998,596.793467,1300.772129,0,0
11315,35,soft-hit,678.997487,30.284152,593.343905,1302.625544,0,0
11315,35,soft-hit,680.340945,57.661405,593.471889,1331.4742390000001,0,0
21345,51,miss,956.428431,49.862839,839.064657,0,1845.355927,0
21345,51,soft-hit,959.261388,29.945934,840.789149,1829.996471,0,0
21345,51,soft-hit,969.578406,54.967683,851.656733,1876.202822,0,0
21345,51,soft-hit,971.783995,17.781488,853.790191,1843.355674,0,0
21345,51,soft-hit,972.433586,15.832574,842.72843,1830.99459,0,0
21345,51,soft-hit,959.400385,21.184698,843.490109,1824.075192,0,0
21345,51,soft-hit,964.069805,57.94573,842.602316,1864.617851,0,0
21345,51,soft-hit,960.420702,18.440863,841.823968,1820.685533,0,0
21345,51,soft-hit,958.094817,17.721077,840.296362,1816.1122560000001,0,0
21345,51,soft-hit,960.376622,38.532781,843.955933,1842.8653359999998,0,0
21345,51,soft-hit,964.515304,17.849438,846.74743,1829.112172,0,0
21345,51,soft-hit,958.895805,17.462994,840.435939,1816.794738,0,0
21345,51,soft-hit,971.145896,51.591972,840.409909,1863.147777,0,0
21345,51,soft-hit,958.629858,17.446773,840.809591,1816.886222,0,0
21345,51,soft-hit,958.972688,17.485356,841.067253,1817.5252970000001,0,0
21345,51,soft-hit,959.192721,18.101391,840.679279,1817.973391,0,0
21345,51,soft-hit,966.113983,17.508456,848.297941,1831.92038,0,0
21345,51,soft-hit,960.929369,21.620239,842.833548,1825.3831559999999,0,0
21345,51,soft-hit,972.790725,21.128807,855.09166,1849.011192,0,0
21345,51,soft-hit,960.931832,17.283641,843.514619,1821.730092,0,0
21345,51,soft-hit,967.224717,65.581309,849.894028,1882.7000540000001,0,0
21345,51,soft-hit,962.622565,19.028491,848.728996,1830.380052,0,0
21345,51,soft-hit,966.577569,17.596758,847.54292,1831.717247,0,0
21345,51,soft-hit,969.086878,40.376144,851.581093,1861.044115,0,0
21345,51,soft-hit,966.916413,50.979662,849.602941,1867.499016,0,0
21345,51,soft-hit,972.000933,18.196393,854.315832,1844.513158,0,0
21345,51,soft-hit,979.019577,18.037996,860.569709,1857.627282,0,0
21345,51,soft-hit,961.444514,40.312479,843.731664,1845.488657,0,0
21345,51,soft-hit,974.63074,17.748424,857.32464,1849.703804,0,0
21345,51,soft-hit,973.598076,49.751572,846.137484,1869.487132,0,0
21345,51,soft-hit,961.611652,17.84472,843.420633,1822.877005,0,0
21345,51,soft-hit,963.560125,34.979801,844.808151,1843.3480769999999,0,0
21345,51,soft-hit,961.326291,18.421325,844.00234,1823.749956,0,0
21345,51,soft-hit,962.858565,29.026727,845.494192,1837.379484,0,0
21345,51,soft-hit,961.106881,19.312314,843.57236,1823.991555,0,0
21345,51,soft-hit,960.448306,17.592475,843.281633,1821.3224140000002,0,0
21345,51,soft-hit,961.706856,17.526805,843.200514,1822.4341749999999,0,0
21345,51,soft-hit,961.929396,28.745089,844.243569,1834.918054,0,0
21345,51,soft-hit,969.710386,18.029713,852.097814,1839.8379129999998,0,0
21345,51,soft-hit,963.537211,18.469913,844.654983,1826.662107,0,0
34912,45,miss,859.006509,31.776088,752.241799,0,1643.024396,0
34912,used GE,hit,0,20.002614,0,20.002614,0,0
34912,used GE,hit,0,16.219387,0,16.219387,0,0
34912,used GE,hit,0,35.843182,0,35.843182,0,0
34912,used GE,hit,0,16.082101,0,16.082101,0,0
34912,used GE,hit,0,15.672069,0,15.672069,0,0
34912,used GE,hit,0,15.949743,0,15.949743,0,0
34912,used GE,hit,0,34.977487,0,34.977487,0,0
34912,used GE,hit,0,16.556521,0,16.556521,0,0
34912,used GE,hit,0,45.747918,0,45.747918,0,0
34912,used GE,hit,0,39.963151,0,39.963151,0,0
34912,used GE,hit,0,17.017944,0,17.017944,0,0
34912,used GE,hit,0,17.160171,0,17.160171,0,0
34912,used GE,hit,0,15.22076,0,15.22076,0,0
34912,used GE,hit,0,24.972926,0,24.972926,0,0
34912,used GE,hit,0,16.062803,0,16.062803,0,0
34912,used GE,hit,0,16.820153,0,16.820153,0,0
34912,used GE,hit,0,16.100109,0,16.100109,0,0
34912,used GE,hit,0,42.377292,0,42.377292,0,0
34912,used GE,hit,0,22.438438,0,22.438438,0,0
34912,used GE,hit,0,49.280367,0,49.280367,0,0
34912,used GE,hit,0,16.743729,0,16.743729,0,0
34912,used GE,hit,0,20.062009,0,20.062009,0,0
34912,used GE,hit,0,40.102973,0,40.102973,0,0
34912,used GE,hit,0,17.552754,0,17.552754,0,0
34912,used GE,hit,0,16.484727,0,16.484727,0,0
34912,used GE,hit,0,17.106945,0,17.106945,0,0
34912,used GE,hit,0,16.641008,0,16.641008,0,0
34912,used GE,hit,0,15.937728,0,15.937728,0,0
34912,used GE,hit,0,28.101356,0,28.101356,0,0
34912,used GE,hit,0,16.886759,0,16.886759,0,0
34912,used GE,hit,0,15.611621,0,15.611621,0,0
34912,used GE,hit,0,14.929192,0,14.929192,0,0
34912,used GE,hit,0,14.669701,0,14.669701,0,0
34912,used GE,hit,0,30.27821,0,30.27821,0,0
34912,used GE,hit,0,29.419487,0,29.419487,0,0
34912,used GE,hit,0,18.10667,0,18.10667,0,0
34912,used GE,hit,0,16.269563,0,16.269563,0,0
34912,used GE,hit,0,20.351312,0,20.351312,0,0
34912,used GE,hit,0,16.198311,0,16.198311,0,0
721,37,miss,728.810007,15.102273,635.79038,0,1379.70266,0
721,37,soft-hit,734.067936,14.948237,641.399571,1390.415744,0,0
721,37,soft-hit,724.870189,15.064249,632.33502,1372.269458,0,0
721,37,soft-hit,731.080187,38.572963,638.42179,1408.07494,0,0
721,37,soft-hit,730.020837,18.323664,637.359197,1385.703698,0,0
721,37,soft-hit,753.984337,19.820846,650.762493,1424.567676,0,0
721,37,soft-hit,723.868595,15.615512,631.885078,1371.369185,0,0
721,37,soft-hit,741.893481,39.898086,649.396815,1431.1883819999998,0,0
721,37,soft-hit,743.583483,14.59094,639.62992,1397.804343,0,0
721,37,soft-hit,748.14213,18.140813,656.933046,1423.2159889999998,0,0
721,37,soft-hit,729.049081,15.919924,634.521942,1379.490947,0,0
721,37,soft-hit,740.296323,37.94693,648.597357,1426.84061,0,0
721,37,soft-hit,722.659884,15.103632,630.447112,1368.2106279999998,0,0
721,37,soft-hit,742.956465,15.160793,649.930431,1408.047689,0,0
721,37,soft-hit,724.704468,39.64524,631.877049,1396.226757,0,0
721,37,soft-hit,724.878873,36.014816,632.924513,1393.818202,0,0
721,37,soft-hit,754.996989,15.34899,662.56892,1432.9148989999999,0,0
721,37,soft-hit,741.875467,17.322898,649.408418,1408.606783,0,0
721,37,soft-hit,723.342056,30.000734,630.919178,1384.2619679999998,0,0
721,37,soft-hit,755.346381,28.794721,649.366089,1433.507191,0,0
721,37,soft-hit,722.821607,16.88428,631.008173,1370.71406,0,0
721,37,soft-hit,741.969226,14.889021,649.377784,1406.236031,0,0
721,37,soft-hit,724.06396,34.293516,631.006219,1389.363695,0,0
721,37,soft-hit,741.917306,40.273122,649.074929,1431.265357,0,0
721,37,soft-hit,725.276412,14.946854,632.180714,1372.40398,0,0
721,37,soft-hit,742.557084,14.836307,650.094716,1407.4881070000001,0,0
721,37,soft-hit,724.916119,15.000818,632.526557,1372.443494,0,0
721,37,soft-hit,744.33152,28.542452,652.818368,1425.69234,0,0
721,37,soft-hit,732.039711,14.737776,644.260562,1391.0380490000002,0,0
721,37,soft-hit,748.193134,17.791682,656.043858,1422.0286740000001,0,0
721,37,soft-hit,738.922157,39.842652,640.419454,1419.184263,0,0
721,37,soft-hit,746.788873,25.162712,654.943518,1426.895103,0,0
721,37,soft-hit,729.010893,14.998185,633.838119,1377.847197,0,0
721,37,soft-hit,749.345729,14.929468,655.22096,1419.496157,0,0
721,37,soft-hit,727.900694,37.26029,635.406333,1400.567317,0,0
721,37,soft-hit,744.662763,36.59994,652.327714,1433.590417,0,0
721,37,soft-hit,727.075133,15.113285,634.196603,1376.385021,0,0
721,37,soft-hit,765.066979,21.209511,672.149096,1458.4255859999998,0,0
721,37,soft-hit,726.038281,34.424064,634.508199,1394.970544,0,0
721,37,soft-hit,747.789989,36.115512,654.394833,1438.300334,0,0
11374,42,miss,823.782952,16.844818,721.806104,0,1562.433874,0
11374,used GE,hit,0,20.17247,0,20.17247,0,0
11374,used GE,hit,0,33.758621,0,33.758621,0,0
11374,used GE,hit,0,20.67307,0,20.67307,0,0
11374,used GE,hit,0,66.69724,0,66.69724,0,0
11374,used GE,hit,0,23.269584,0,23.269584,0,0
11374,used GE,hit,0,39.516022,0,39.516022,0,0
11374,used GE,hit,0,19.214623,0,19.214623,0,0
11374,used GE,hit,0,18.835624,0,18.835624,0,0
11374,used GE,hit,0,18.02449,0,18.02449,0,0
11374,used GE,hit,0,16.681821,0,16.681821,0,0
11374,used GE,hit,0,36.545908,0,36.545908,0,0
11374,used GE,hit,0,17.573245,0,17.573245,0,0
11374,used GE,hit,0,20.360933,0,20.360933,0,0
11374,used GE,hit,0,16.749506,0,16.749506,0,0
11374,used GE,hit,0,26.846745,0,26.846745,0,0
11374,43,soft-hit,831.610888,31.834195,727.780749,1591.225832,0,0
11374,used GE,hit,0,26.630303,0,26.630303,0,0
11374,used GE,hit,0,17.098504,0,17.098504,0,0
11374,used GE,hit,0,16.549416,0,16.549416,0,0
11374,used GE,hit,0,44.947892,0,44.947892,0,0
11374,used GE,hit,0,30.925838,0,30.925838,0,0
11374,used GE,hit,0,34.612362,0,34.612362,0,0
11374,used GE,hit,0,21.780261,0,21.780261,0,0
11374,used GE,hit,0,38.973944,0,38.973944,0,0
11374,used GE,hit,0,18.71812,0,18.71812,0,0
11374,used GE,hit,0,36.978784,0,36.978784,0,0
11374,used GE,hit,0,27.843065,0,27.843065,0,0
11374,used GE,hit,0,17.965195,0,17.965195,0,0
11374,used GE,hit,0,17.684863,0,17.684863,0,0
11374,used GE,hit,0,17.163106,0,17.163106,0,0
11374,used GE,hit,0,49.43751,0,49.43751,0,0
11374,used GE,hit,0,19.806246,0,19.806246,0,0
11374,used GE,hit,0,18.024493,0,18.024493,0,0
11374,used GE,hit,0,43.576394,0,43.576394,0,0
11374,used GE,hit,0,19.453093,0,19.453093,0,0
11374,used GE,hit,0,33.765781,0,33.765781,0,0
11374,used GE,hit,0,47.275443,0,47.275443,0,0
11374,used GE,hit,0,47.708927,0,47.708927,0,0
11374,used GE,hit,0,20.038797,0,20.038797,0,0
21396,43,miss,843.531182,38.357082,729.343115,0,1611.2313789999998,0
21396,used GE,hit,0,46.217411,0,46.217411,0,0
21396,used GE,hit,0,22.752829,0,22.752829,0,0
21396,used GE,hit,0,10.502285,0,10.502285,0,0
21396,used GE,hit,0,25.724904,0,25.724904,0,0
21396,used GE,hit,0,19.377223,0,19.377223,0,0
21396,used GE,hit,0,17.640395,0,17.640395,0,0
21396,used GE,hit,0,20.732136,0,20.732136,0,0
21396,used GE,hit,0,10.534581,0,10.534581,0,0
21396,used GE,hit,0,10.124202,0,10.124202,0,0
21396,used GE,hit,0,48.540608,0,48.540608,0,0
21396,used GE,hit,0,25.330947,0,25.330947,0,0
21396,used GE,hit,0,22.045075,0,22.045075,0,0
21396,used GE,hit,0,10.123248,0,10.123248,0,0
21396,used GE,hit,0,13.823356,0,13.823356,0,0
21396,used GE,hit,0,46.779865,0,46.779865,0,0
21396,used GE,hit,0,11.394571,0,11.394571,0,0
21396,used GE,hit,0,27.933317,0,27.933317,0,0
21396,used GE,hit,0,29.478512,0,29.478512,0,0
21396,used GE,hit,0,13.721641,0,13.721641,0,0
21396,used GE,hit,0,14.171971,0,14.171971,0,0
21396,used GE,hit,0,38.074007,0,38.074007,0,0
21396,used GE,hit,0,16.993922,0,16.993922,0,0
21396,used GE,hit,0,15.482608,0,15.482608,0,0
21396,used GE,hit,0,15.496355,0,15.496355,0,0
21396,used GE,hit,0,46.782417,0,46.782417,0,0
21396,used GE,hit,0,28.844794,0,28.844794,0,0
21396,used GE,hit,0,15.952157,0,15.952157,0,0
21396,used GE,hit,0,47.308572,0,47.308572,0,0
21396,used GE,hit,0,17.097077,0,17.097077,0,0
21396,used GE,hit,0,17.773645,0,17.773645,0,0
21396,used GE,hit,0,18.986776,0,18.986776,0,0
21396,used GE,hit,0,18.73954,0,18.73954,0,0
21396,used GE,hit,0,17.496779,0,17.496779,0,0
21396,used GE,hit,0,33.893001,0,33.893001,0,0
21396,used GE,hit,0,17.848347,0,17.848347,0,0
21396,used GE,hit,0,42.638842,0,42.638842,0,0
21396,used GE,hit,0,36.506267,0,36.506267,0,0
21396,used GE,hit,0,17.465894,0,17.465894,0,0
21396,used GE,hit,0,46.40967,0,46.40967,0,0
35240,37,miss,794.511834,36.041711,702.958311,0,1533.511856,0
35240,37,soft-hit,750.190357,29.874306,648.990164,1429.054827,0,0
35240,37,soft-hit,730.155719,14.259871,638.700518,1383.116108,0,0
35240,37,soft-hit,731.215074,14.223408,640.479964,1385.918446,0,0
35240,37,soft-hit,740.360636,14.14273,648.518735,1403.022101,0,0
35240,37,soft-hit,737.136479,27.500811,644.868503,1409.505793,0,0
35240,37,soft-hit,745.341232,14.143845,654.57345,1414.0585270000001,0,0
35240,37,soft-hit,730.9581,26.272106,640.073633,1397.303839,0,0
35240,37,soft-hit,730.075797,13.173278,639.700397,1382.9494719999998,0,0
35240,37,soft-hit,730.769363,32.631464,638.685884,1402.086711,0,0
35240,37,soft-hit,729.961262,15.386748,638.877581,1384.225591,0,0
35240,37,soft-hit,731.825876,24.855055,640.86643,1397.547361,0,0
35240,37,soft-hit,736.392171,37.645258,649.849128,1423.8865569999998,0,0
35240,37,soft-hit,752.722561,13.259024,654.194764,1420.1763489999998,0,0
35240,37,soft-hit,734.889975,13.358568,644.689659,1392.938202,0,0
35240,37,soft-hit,736.513596,13.414557,645.532051,1395.460204,0,0
35240,37,soft-hit,737.742923,22.122442,646.568551,1406.433916,0,0
35240,37,soft-hit,732.181194,22.201357,641.079641,1395.462192,0,0
35240,37,soft-hit,757.232762,13.520397,666.535003,1437.2881619999998,0,0
35240,37,soft-hit,735.958127,13.375954,644.358541,1393.692622,0,0
35240,37,soft-hit,731.771566,22.044073,640.549399,1394.365038,0,0
35240,37,soft-hit,731.703862,13.59675,640.60303,1385.903642,0,0
35240,37,soft-hit,744.628219,25.706165,641.126531,1411.4609149999999,0,0
35240,37,soft-hit,730.648212,13.25416,640.831684,1384.7340559999998,0,0
35240,37,soft-hit,745.289312,14.187661,654.774466,1414.2514390000001,0,0
35240,37,soft-hit,731.929221,13.377115,641.410896,1386.717232,0,0
35240,37,soft-hit,735.892092,35.78533,644.863998,1416.54142,0,0
35240,37,soft-hit,734.099327,14.551166,642.910287,1391.56078,0,0
35240,37,soft-hit,734.026342,13.085678,642.903622,1390.015642,0,0
35240,37,soft-hit,738.627832,13.415293,647.675431,1399.718556,0,0
35240,37,soft-hit,732.871288,13.701489,641.69122,1388.263997,0,0
35240,37,soft-hit,732.554468,45.880884,642.188396,1420.623748,0,0
35240,37,soft-hit,742.493345,31.713901,649.929613,1424.136859,0,0
35240,37,soft-hit,733.121083,30.130109,642.253542,1405.504734,0,0
35240,37,soft-hit,744.740518,13.689727,654.828973,1413.259218,0,0
35240,37,soft-hit,744.472721,30.246782,653.052792,1427.772295,0,0
35240,37,soft-hit,734.949441,13.420654,644.13177,1392.501865,0,0
35240,37,soft-hit,732.308844,13.459141,642.515057,1388.283042,0,0
35240,37,soft-hit,747.654314,30.171993,656.748635,1434.5749420000002,0,0
35240,37,soft-hit,741.449542,22.176815,650.574313,1414.20067,0,0
1023,42,miss,829.41709,17.324474,729.426555,0,1576.168119,0
1023,used GE,hit,0,14.037911,0,14.037911,0,0
1023,used GE,hit,0,13.999537,0,13.999537,0,0
1023,used GE,hit,0,13.38557,0,13.38557,0,0
1023,used GE,hit,0,13.381523,0,13.381523,0,0
1023,used GE,hit,0,13.746028,0,13.746028,0,0
1023,used GE,hit,0,13.989456,0,13.989456,0,0
1023,used GE,hit,0,13.95302,0,13.95302,0,0
1023,used GE,hit,0,13.770202,0,13.770202,0,0
1023,used GE,hit,0,13.9968,0,13.9968,0,0
1023,used GE,hit,0,13.819471,0,13.819471,0,0
1023,used GE,hit,0,14.984562,0,14.984562,0,0
1023,used GE,hit,0,13.917948,0,13.917948,0,0
1023,used GE,hit,0,42.926009,0,42.926009,0,0
1023,used GE,hit,0,15.792311,0,15.792311,0,0
1023,used GE,hit,0,15.988506,0,15.988506,0,0
1023,used GE,hit,0,14.70195,0,14.70195,0,0
1023,used GE,hit,0,27.167022,0,27.167022,0,0
1023,used GE,hit,0,14.68007,0,14.68007,0,0
1023,used GE,hit,0,9.990747,0,9.990747,0,0
1023,used GE,hit,0,39.689677,0,39.689677,0,0
1023,43,soft-hit,839.6998,21.884425,738.262232,1599.846457,0,0
1023,used GE,hit,0,13.073473,0,13.073473,0,0
1023,used GE,hit,0,12.863354,0,12.863354,0,0
1023,used GE,hit,0,40.469089,0,40.469089,0,0
1023,used GE,hit,0,14.98471,0,14.98471,0,0
1023,used GE,hit,0,15.234604,0,15.234604,0,0
1023,used GE,hit,0,15.067131,0,15.067131,0,0
1023,used GE,hit,0,32.308992,0,32.308992,0,0
1023,used GE,hit,0,28.660685,0,28.660685,0,0
1023,used GE,hit,0,15.470998,0,15.470998,0,0
1023,used GE,hit,0,15.115414,0,15.115414,0,0
1023,used GE,hit,0,14.889253,0,14.889253,0,0
1023,used GE,hit,0,14.243198,0,14.243198,0,0
1023,used GE,hit,0,21.234909,0,21.234909,0,0
1023,used GE,hit,0,14.585798,0,14.585798,0,0
1023,used GE,hit,0,41.834394,0,41.834394,0,0
1023,used GE,hit,0,49.00211,0,49.00211,0,0
1023,used GE,hit,0,16.006625,0,16.006625,0,0
1023,used GE,hit,0,15.356005,0,15.356005,0,0
11595,42,miss,826.128566,18.514644,725.58969,0,1570.2329,0
11595,42,soft-hit,833.902702,28.233323,732.547593,1594.683618,0,0
11595,42,soft-hit,832.977696,15.415938,732.960243,1581.353877,0,0
11595,42,soft-hit,839.073848,22.011014,727.296653,1588.381515,0,0
11595,42,soft-hit,830.185704,14.8377,729.086477,1574.1098809999999,0,0
11595,42,soft-hit,843.973514,14.905302,743.478965,1602.3577810000002,0,0
11595,42,soft-hit,829.933166,13.916335,732.671536,1576.521037,0,0
11595,42,soft-hit,828.062434,35.0243,728.062449,1591.149183,0,0
11595,42,soft-hit,825.866734,14.184902,724.923768,1564.9754039999998,0,0
11595,42,soft-hit,826.730848,29.456765,725.881677,1582.06929,0,0
11595,42,soft-hit,825.043795,14.129084,725.144653,1564.317532,0,0
11595,42,soft-hit,825.344279,14.046775,724.361573,1563.752627,0,0
11595,42,soft-hit,824.200515,14.964453,724.324475,1563.489443,0,0
11595,42,soft-hit,830.879139,45.619449,730.194313,1606.692901,0,0
11595,42,soft-hit,839.029237,17.374508,738.93352,1595.3372650000001,0,0
11595,42,soft-hit,831.324265,15.226704,728.56903,1575.119999,0,0
11595,42,soft-hit,829.168746,24.407921,726.784071,1580.360738,0,0
11595,42,soft-hit,842.915314,42.819912,741.063959,1626.7991849999999,0,0
11595,42,soft-hit,837.647096,15.553088,736.860603,1590.060787,0,0
11595,42,soft-hit,833.360124,30.104086,732.684949,1596.149159,0,0
11595,42,soft-hit,837.155322,45.262708,736.249353,1618.667383,0,0
11595,42,soft-hit,826.296421,17.793973,725.252934,1569.343328,0,0
11595,42,soft-hit,827.456765,17.831275,727.210539,1572.498579,0,0
11595,42,soft-hit,827.132411,25.828641,725.811961,1578.773013,0,0
11595,42,soft-hit,825.687475,14.545809,725.937698,1566.1709819999999,0,0
11595,42,soft-hit,833.859791,14.616435,733.732643,1582.208869,0,0
11595,42,soft-hit,829.194554,31.648972,727.779537,1588.623063,0,0
11595,42,soft-hit,833.646997,42.202567,733.111541,1608.961105,0,0
11595,42,soft-hit,813.396746,27.103246,725.781593,1566.2815850000002,0,0
11595,42,soft-hit,826.713636,40.553547,726.263994,1593.5311769999998,0,0
11595,42,soft-hit,841.382531,14.461874,741.222007,1597.066412,0,0
11595,42,soft-hit,829.650722,29.618778,729.039498,1588.308998,0,0
11595,42,soft-hit,827.522398,21.612913,726.917105,1576.052416,0,0
11595,42,soft-hit,829.066871,14.574023,728.368445,1572.009339,0,0
11595,42,soft-hit,838.675768,26.076145,729.800707,1594.55262,0,0
11595,42,soft-hit,844.807472,16.432422,737.944775,1599.184669,0,0
11595,42,soft-hit,835.620445,27.888166,733.853582,1597.362193,0,0
11595,42,soft-hit,837.603649,14.248868,737.600038,1589.452555,0,0
11595,42,soft-hit,836.509759,30.152345,736.093403,1602.7555069999999,0,0
11595,42,soft-hit,836.709746,14.705065,736.279307,1587.694118,0,0
22735,38,miss,757.969862,25.578275,663.493282,0,1447.0414190000001,0
22735,used GE,hit,0,29.768052,0,29.768052,0,0
22735,used GE,hit,0,15.618255,0,15.618255,0,0
22735,used GE,hit,0,15.087959,0,15.087959,0,0
22735,used GE,hit,0,14.697031,0,14.697031,0,0
22735,used GE,hit,0,30.501885,0,30.501885,0,0
22735,used GE,hit,0,60.613111,0,60.613111,0,0
22735,used GE,hit,0,40.468668,0,40.468668,0,0
22735,used GE,hit,0,17.146848,0,17.146848,0,0
22735,used GE,hit,0,16.505538,0,16.505538,0,0
22735,used GE,hit,0,15.420145,0,15.420145,0,0
22735,used GE,hit,0,44.649803,0,44.649803,0,0
22735,used GE,hit,0,28.17099,0,28.17099,0,0
22735,used GE,hit,0,16.233569,0,16.233569,0,0
22735,used GE,hit,0,56.803508,0,56.803508,0,0
22735,used GE,hit,0,31.809217,0,31.809217,0,0
22735,used GE,hit,0,15.817666,0,15.817666,0,0
22735,used GE,hit,0,15.06805,0,15.06805,0,0
22735,used GE,hit,0,17.514494,0,17.514494,0,0
22735,used GE,hit,0,35.44071,0,35.44071,0,0
22735,used GE,hit,0,16.124945,0,16.124945,0,0
22735,used GE,hit,0,45.453608,0,45.453608,0,0
22735,used GE,hit,0,42.299925,0,42.299925,0,0
22735,used GE,hit,0,24.952588,0,24.952588,0,0
22735,used GE,hit,0,16.479236,0,16.479236,0,0
22735,used GE,hit,0,17.835281,0,17.835281,0,0
22735,used GE,hit,0,15.594166,0,15.594166,0,0
22735,used GE,hit,0,14.876758,0,14.876758,0,0
22735,used GE,hit,0,14.448378,0,14.448378,0,0
22735,used GE,hit,0,14.686417,0,14.686417,0,0
22735,used GE,hit,0,32.180969,0,32.180969,0,0
22735,used GE,hit,0,34.531879,0,34.531879,0,0
22735,used GE,hit,0,16.33171,0,16.33171,0,0
22735,used GE,hit,0,18.643558,0,18.643558,0,0
22735,used GE,hit,0,14.872391,0,14.872391,0,0
22735,used GE,hit,0,18.635743,0,18.635743,0,0
22735,used GE,hit,0,15.248341,0,15.248341,0,0
22735,used GE,hit,0,14.379594,0,14.379594,0,0
22735,used GE,hit,0,13.629743,0,13.629743,0,0
22735,used GE,hit,0,37.737507,0,37.737507,0,0
36241,36,miss,726.072889,38.749396,636.815418,0,1401.637703,0
36241,used GE,hit,0,13.661432,0,13.661432,0,0
36241,used GE,hit,0,27.916107,0,27.916107,0,0
36241,used GE,hit,0,13.045276,0,13.045276,0,0
36241,used GE,hit,0,13.6549,0,13.6549,0,0
36241,used GE,hit,0,13.175174,0,13.175174,0,0
36241,used GE,hit,0,14.598072,0,14.598072,0,0
36241,used GE,hit,0,23.402932,0,23.402932,0,0
36241,used GE,hit,0,39.962376,0,39.962376,0,0
36241,used GE,hit,0,29.921205,0,29.921205,0,0
36241,used GE,hit,0,13.434839,0,13.434839,0,0
36241,used GE,hit,0,14.850745,0,14.850745,0,0
36241,used GE,hit,0,25.808241,0,25.808241,0,0
36241,used GE,hit,0,41.372431,0,41.372431,0,0
36241,used GE,hit,0,58.7478,0,58.7478,0,0
36241,used GE,hit,0,12.556072,0,12.556072,0,0
36241,used GE,hit,0,12.388811,0,12.388811,0,0
36241,used GE,hit,0,13.307687,0,13.307687,0,0
36241,used GE,hit,0,36.684183,0,36.684183,0,0
36241,used GE,hit,0,33.673575,0,33.673575,0,0
36241,used GE,hit,0,26.200348,0,26.200348,0,0
36241,used GE,hit,0,14.084866,0,14.084866,0,0
36241,used GE,hit,0,14.040568,0,14.040568,0,0
36241,used GE,hit,0,13.460116,0,13.460116,0,0
36241,used GE,hit,0,12.745494,0,12.745494,0,0
36241,used GE,hit,0,12.905201,0,12.905201,0,0
36241,37,soft-hit,746.97958,30.49406,655.032206,1432.505846,0,0
36241,used GE,hit,0,14.257535,0,14.257535,0,0
36241,used GE,hit,0,25.371348,0,25.371348,0,0
36241,used GE,hit,0,13.444106,0,13.444106,0,0
36241,used GE,hit,0,13.063943,0,13.063943,0,0
36241,used GE,hit,0,16.381779,0,16.381779,0,0
36241,used GE,hit,0,17.552809,0,17.552809,0,0
36241,used GE,hit,0,13.277612,0,13.277612,0,0
36241,used GE,hit,0,13.964816,0,13.964816,0,0
36241,used GE,hit,0,12.759647,0,12.759647,0,0
36241,used GE,hit,0,13.626915,0,13.626915,0,0
36241,used GE,hit,0,12.774952,0,12.774952,0,0
36241,used GE,hit,0,35.835413,0,35.835413,0,0
36241,used GE,hit,0,13.73887,0,13.73887,0,0
1545,33,miss,672.445013,12.835475,587.586472,0,1272.8669599999998,0
1545,33,soft-hit,672.300836,35.370645,587.07965,1294.751131,0,0
1545,33,soft-hit,671.492191,26.753779,587.252842,1285.498812,0,0
1545,33,soft-hit,671.654019,14.428675,587.434761,1273.517455,0,0
1545,33,soft-hit,672.174966,36.751069,587.800422,1296.7264570000002,0,0
1545,33,soft-hit,631.547728,16.387921,586.32136,1234.257009,0,0
1545,33,soft-hit,674.725811,13.917096,588.765203,1277.40811,0,0
1545,33,soft-hit,667.426771,36.327976,588.813083,1292.56783,0,0
1545,33,soft-hit,673.662376,14.645612,587.26883,1275.576818,0,0
1545,33,soft-hit,684.191335,13.157785,598.582025,1295.931145,0,0
1545,33,soft-hit,680.048797,13.02602,594.664214,1287.739031,0,0
1545,33,soft-hit,680.311892,12.675298,593.417226,1286.4044159999999,0,0
1545,33,soft-hit,673.621966,34.091035,587.631926,1295.344927,0,0
1545,33,soft-hit,675.452596,27.749461,589.32022,1292.522277,0,0
1545,33,soft-hit,672.278159,36.793013,587.422901,1296.4940729999998,0,0
1545,33,soft-hit,675.906879,36.728396,587.993254,1300.628529,0,0
1545,33,soft-hit,674.701759,13.080185,588.813576,1276.59552,0,0
1545,33,soft-hit,692.429857,18.329977,593.639187,1304.399021,0,0
1545,33,soft-hit,675.83215,34.531188,591.395216,1301.758554,0,0
1545,33,soft-hit,671.885323,13.60346,588.151083,1273.639866,0,0
1545,33,soft-hit,672.69182,13.218377,588.505756,1274.4159530000002,0,0
1545,33,soft-hit,669.345714,13.628888,589.319015,1272.293617,0,0
1545,33,soft-hit,672.291406,24.679767,589.227826,1286.1989990000002,0,0
1545,33,soft-hit,672.653606,12.793005,589.133448,1274.580059,0,0
1545,33,soft-hit,681.626482,15.178929,597.21912,1294.024531,0,0
1545,33,soft-hit,674.073033,21.027231,590.481386,1285.58165,0,0
1545,33,soft-hit,674.470443,12.846308,591.053593,1278.370344,0,0
1545,33,soft-hit,675.345959,34.567264,590.955402,1300.868625,0,0
1545,33,soft-hit,674.745161,12.683568,590.617826,1278.0465550000001,0,0
1545,33,soft-hit,676.763867,13.1655,592.863776,1282.7931429999999,0,0
1545,33,soft-hit,685.054982,17.362118,593.596892,1296.0139920000001,0,0
1545,33,soft-hit,675.665021,13.252903,590.67292,1279.5908439999998,0,0
1545,33,soft-hit,683.697234,12.953302,599.177665,1295.828201,0,0
1545,33,soft-hit,674.024329,12.953518,589.731773,1276.70962,0,0
1545,33,soft-hit,674.749534,35.166019,590.436211,1300.351764,0,0
1545,33,soft-hit,685.61912,26.110359,601.942051,1313.67153,0,0
1545,33,soft-hit,697.294461,13.248056,612.807329,1323.349846,0,0
1545,33,soft-hit,682.68311,36.414618,598.336808,1317.4345360000002,0,0
1545,33,soft-hit,686.855097,39.070967,603.066592,1328.992656,0,0
1545,33,soft-hit,684.389419,13.071487,600.860606,1298.321512,0,0
11650,33,miss,676.282224,13.742879,592.675451,0,1282.700554,0
11650,33,soft-hit,676.468105,26.800439,592.041668,1295.3102119999999,0,0
11650,33,soft-hit,678.330638,28.79082,594.205554,1301.3270120000002,0,0
11650,33,soft-hit,677.13068,28.868191,593.615135,1299.614006,0,0
11650,33,soft-hit,682.43393,13.171333,597.949083,1293.554346,0,0
11650,33,soft-hit,681.065008,18.921599,596.592145,1296.578752,0,0
11650,33,soft-hit,680.833952,27.795436,596.269185,1304.898573,0,0
11650,33,soft-hit,681.477975,14.466489,597.377587,1293.322051,0,0
11650,33,soft-hit,680.074155,22.863286,596.334879,1299.27232,0,0
11650,33,soft-hit,678.493217,12.971616,594.848475,1286.313308,0,0
11650,33,soft-hit,679.011036,32.289024,594.37154,1305.6716000000001,0,0
11650,33,soft-hit,682.705781,35.260399,598.051107,1316.0172870000001,0,0
11650,33,soft-hit,682.356454,36.732055,598.99637,1318.084879,0,0
11650,33,soft-hit,673.443606,12.952342,593.046397,1279.442345,0,0
11650,33,soft-hit,678.110986,36.132432,594.345745,1308.589163,0,0
11650,33,soft-hit,687.897528,12.607958,592.932298,1293.437784,0,0
11650,33,soft-hit,676.85664,18.052288,592.516119,1287.425047,0,0
11650,33,soft-hit,683.53801,13.320798,600.03051,1296.889318,0,0
11650,33,soft-hit,679.307178,13.119015,598.653957,1291.08015,0,0
11650,33,soft-hit,685.337635,13.22064,600.65411,1299.2123849999998,0,0
11650,33,soft-hit,682.042166,13.042909,597.519835,1292.60491,0,0
11650,33,soft-hit,689.317455,13.322904,605.020883,1307.6612420000001,0,0
11650,33,soft-hit,689.206653,19.024659,604.788515,1313.019827,0,0
11650,33,soft-hit,682.677413,12.954166,599.114868,1294.746447,0,0
11650,33,soft-hit,683.911779,12.957016,598.897876,1295.7666709999999,0,0
11650,33,soft-hit,684.781358,20.99723,600.800968,1306.579556,0,0
11650,33,soft-hit,682.96294,32.709205,599.033878,1314.706023,0,0
11650,33,soft-hit,688.652348,25.392311,604.850013,1318.894672,0,0
11650,33,soft-hit,649.990707,34.29723,604.582928,1288.870865,0,0
11650,33,soft-hit,687.002026,33.849785,599.985521,1320.837332,0,0
11650,33,soft-hit,682.725448,13.547458,599.22551,1295.498416,0,0
11650,33,soft-hit,679.33123,13.042681,595.092427,1287.4663380000002,0,0
11650,33,soft-hit,677.156822,27.633588,592.927391,1297.717801,0,0
11650,33,soft-hit,676.136239,35.204543,592.686993,1304.027775,0,0
11650,33,soft-hit,677.586564,13.413108,593.700251,1284.699923,0,0
11650,33,soft-hit,673.575269,12.888389,593.288878,1279.752536,0,0
11650,33,soft-hit,677.417758,25.759643,592.962849,1296.14025,0,0
11650,33,soft-hit,678.358518,13.886494,592.873749,1285.118761,0,0
11650,33,soft-hit,677.36297,37.552461,593.107069,1308.0225,0,0
11650,33,soft-hit,677.832021,13.214064,593.258421,1284.304506,0,0
23519,42,miss,853.141832,14.319626,739.131389,0,1606.592847,0
23519,used GE,hit,0,13.194655,0,13.194655,0,0
23519,used GE,hit,0,12.748822,0,12.748822,0,0
23519,used GE,hit,0,30.685971,0,30.685971,0,0
23519,used GE,hit,0,13.487126,0,13.487126,0,0
23519,used GE,hit,0,31.232964,0,31.232964,0,0
23519,used GE,hit,0,38.453077,0,38.453077,0,0
23519,used GE,hit,0,16.197073,0,16.197073,0,0
23519,used GE,hit,0,14.690843,0,14.690843,0,0
23519,used GE,hit,0,14.548204,0,14.548204,0,0
23519,used GE,hit,0,13.909392,0,13.909392,0,0
23519,43,soft-hit,945.092292,14.38043,842.835935,1802.308657,0,0
23519,used GE,hit,0,28.510346,0,28.510346,0,0
23519,used GE,hit,0,14.495382,0,14.495382,0,0
23519,used GE,hit,0,15.193371,0,15.193371,0,0
23519,used GE,hit,0,14.28203,0,14.28203,0,0
23519,used GE,hit,0,14.25143,0,14.25143,0,0
23519,used GE,hit,0,14.787409,0,14.787409,0,0
23519,used GE,hit,0,13.860226,0,13.860226,0,0
23519,used GE,hit,0,13.22645,0,13.22645,0,0
23519,used GE,hit,0,13.14756,0,13.14756,0,0
23519,used GE,hit,0,55.977785,0,55.977785,0,0
23519,used GE,hit,0,23.042321,0,23.042321,0,0
23519,used GE,hit,0,29.143788,0,29.143788,0,0
23519,used GE,hit,0,16.858677,0,16.858677,0,0
23519,used GE,hit,0,14.471928,0,14.471928,0,0
23519,used GE,hit,0,42.920172,0,42.920172,0,0
23519,used GE,hit,0,56.404198,0,56.404198,0,0
23519,used GE,hit,0,14.593808,0,14.593808,0,0
23519,used GE,hit,0,48.310632,0,48.310632,0,0
23519,used GE,hit,0,43.749782,0,43.749782,0,0
23519,used GE,hit,0,34.680897,0,34.680897,0,0
23519,used GE,hit,0,32.865532,0,32.865532,0,0
23519,used GE,hit,0,15.190551,0,15.190551,0,0
23519,used GE,hit,0,22.112638,0,22.112638,0,0
23519,used GE,hit,0,44.08481,0,44.08481,0,0
23519,used GE,hit,0,47.806872,0,47.806872,0,0
23519,used GE,hit,0,16.015886,0,16.015886,0,0
23519,used GE,hit,0,15.569195,0,15.569195,0,0
23519,used GE,hit,0,14.463544,0,14.463544,0,0
36371,34,miss,711.787137,13.635576,616.547012,0,1341.969725,0
36371,34,soft-hit,709.058733,14.635945,623.249173,1346.943851,0,0
36371,34,soft-hit,706.008088,15.301841,616.404006,1337.713935,0,0
36371,34,soft-hit,704.860444,26.769002,615.774837,1347.404283,0,0
36371,34,soft-hit,700.656826,13.974551,614.319582,1328.950959,0,0
36371,34,soft-hit,699.328563,13.947084,613.122496,1326.398143,0,0
36371,34,soft-hit,701.115114,25.058554,614.418083,1340.591751,0,0
36371,34,soft-hit,718.645468,14.618654,632.214776,1365.478898,0,0
36371,34,soft-hit,705.553069,14.005704,618.795838,1338.3546110000002,0,0
36371,34,soft-hit,698.509348,16.866741,612.085679,1327.4617680000001,0,0
36371,34,soft-hit,699.228255,13.926562,612.670304,1325.8251209999999,0,0
36371,34,soft-hit,699.254942,14.764176,612.751082,1326.7702,0,0
36371,34,soft-hit,702.507049,33.723037,615.713818,1351.943904,0,0
36371,34,soft-hit,659.631967,12.334211,612.582559,1284.548737,0,0
36371,34,soft-hit,725.272828,45.399588,639.243141,1409.915557,0,0
36371,34,soft-hit,703.186349,28.229266,617.380288,1348.795903,0,0
36371,34,soft-hit,710.841526,14.425297,624.099725,1349.366548,0,0
36371,34,soft-hit,702.67721,13.936374,615.206961,1331.820545,0,0
36371,34,soft-hit,703.39102,14.003197,616.614615,1334.008832,0,0
36371,34,soft-hit,699.670664,14.267457,613.199323,1327.137444,0,0
36371,34,soft-hit,699.8945,31.17708,613.662595,1344.734175,0,0
36371,34,soft-hit,700.619236,13.98602,614.275467,1328.8807230000002,0,0
36371,34,soft-hit,701.284376,15.088412,615.063692,1331.4364799999998,0,0
36371,34,soft-hit,705.587125,14.510952,619.082521,1339.180598,0,0
36371,34,soft-hit,700.802803,14.073171,614.193213,1329.069187,0,0
36371,34,soft-hit,700.469588,24.920386,613.579063,1338.969037,0,0
36371,34,soft-hit,697.131606,36.333641,615.082913,1348.5481599999998,0,0
36371,34,soft-hit,703.478518,14.13927,617.028903,1334.646691,0,0
36371,34,soft-hit,719.314626,35.46438,632.904714,1387.68372,0,0
36371,34,soft-hit,700.001619,37.637618,613.946406,1351.585643,0,0
36371,34,soft-hit,699.973226,13.976245,614.567194,1328.5166649999999,0,0
36371,34,soft-hit,707.742781,14.132244,620.565863,1342.440888,0,0
36371,34,soft-hit,707.394984,14.191174,620.589756,1342.175914,0,0
36371,34,soft-hit,700.721981,14.045298,614.722784,1329.4900630000002,0,0
36371,34,soft-hit,709.430625,16.935303,622.877133,1349.243061,0,0
36371,34,soft-hit,705.470861,25.234464,619.163072,1349.8683970000002,0,0
36371,34,soft-hit,705.098779,13.980889,618.345171,1337.4248390000002,0,0
36371,34,soft-hit,701.536873,14.323476,614.805423,1330.665772,0,0
36371,34,soft-hit,719.33392,31.211576,625.456866,1376.0023620000002,0,0
36371,34,soft-hit,698.84005,15.688413,616.966361,1331.4948239999999,0,0
1912,32,miss,672.441439,12.853523,584.1948,0,1269.489762,0
1912,32,soft-hit,662.087025,12.673847,580.071658,1254.8325300000001,0,0
1912,32,soft-hit,662.335553,27.156516,580.667069,1270.159138,0,0
1912,32,soft-hit,662.187803,26.216356,580.352564,1268.756723,0,0
1912,32,soft-hit,670.912623,12.728061,588.452411,1272.0930950000002,0,0
1912,32,soft-hit,669.507846,12.780841,586.867761,1269.156448,0,0
1912,32,soft-hit,672.76572,24.079284,590.082021,1286.927025,0,0
1912,32,soft-hit,663.534054,17.594158,581.327027,1262.455239,0,0
1912,32,soft-hit,662.925219,19.901147,580.65987,1263.486236,0,0
1912,32,soft-hit,663.253947,18.230422,581.072292,1262.556661,0,0
1912,32,soft-hit,674.828678,15.605829,592.801107,1283.235614,0,0
1912,32,soft-hit,685.238805,23.925033,594.608892,1303.77273,0,0
1912,32,soft-hit,668.907389,41.916464,586.704771,1297.528624,0,0
1912,32,soft-hit,666.704964,35.682746,587.753944,1290.141654,0,0
1912,32,soft-hit,711.533786,13.493817,630.193967,1355.2215700000002,0,0
1912,32,soft-hit,664.576537,12.646501,582.863559,1260.086597,0,0
1912,32,soft-hit,664.043811,17.642651,582.414429,1264.100891,0,0
1912,32,soft-hit,672.920171,13.051204,591.577499,1277.548874,0,0
1912,32,soft-hit,669.508035,12.890638,587.836384,1270.2350569999999,0,0
1912,32,soft-hit,676.018721,13.380071,593.941192,1283.3399840000002,0,0
1912,32,soft-hit,673.889226,15.573242,591.79238,1281.254848,0,0
1912,32,soft-hit,667.468842,12.749092,585.49848,1265.716414,0,0
1912,32,soft-hit,665.166881,12.725056,583.404218,1261.296155,0,0
1912,32,soft-hit,679.591186,18.234704,598.255822,1296.081712,0,0
1912,32,soft-hit,670.342906,26.702999,589.323795,1286.3697,0,0
1912,32,soft-hit,664.403438,12.803379,583.839599,1261.0464160000001,0,0
1912,32,soft-hit,667.861149,12.635213,585.947579,1266.443941,0,0
1912,32,soft-hit,665.517027,15.008386,586.043439,1266.5688519999999,0,0
1912,32,soft-hit,667.304751,25.093586,587.186897,1279.5852340000001,0,0
1912,32,soft-hit,672.24843,12.906532,590.283537,1275.4384989999999,0,0
1912,32,soft-hit,665.613977,12.939436,583.676232,1262.229645,0,0
1912,32,soft-hit,669.891589,13.009772,587.437911,1270.339272,0,0
1912,32,soft-hit,666.791077,34.892458,585.195335,1286.87887,0,0
1912,32,soft-hit,665.507465,13.413117,583.710308,1262.63089,0,0
1912,32,soft-hit,667.178469,13.327711,584.279723,1264.785903,0,0
1912,32,soft-hit,668.9623,17.611477,586.988595,1273.562372,0,0
1912,32,soft-hit,670.349755,12.832549,588.070415,1271.252719,0,0
1912,32,soft-hit,648.757477,11.656854,587.350693,1247.7650239999998,0,0
1912,32,soft-hit,673.176997,10.869326,586.142343,1270.188666,0,0
12108,39,miss,798.083887,34.462525,704.630087,0,1537.1764990000001,0
12108,used GE,hit,0,32.394086,0,32.394086,0,0
12108,used GE,hit,0,14.279008,0,14.279008,0,0
12108,used GE,hit,0,16.003381,0,16.003381,0,0
12108,used GE,hit,0,63.520266,0,63.520266,0,0
12108,used GE,hit,0,17.949432,0,17.949432,0,0
12108,used GE,hit,0,14.689051,0,14.689051,0,0
12108,used GE,hit,0,15.939406,0,15.939406,0,0
12108,used GE,hit,0,18.837518,0,18.837518,0,0
12108,used GE,hit,0,33.756226,0,33.756226,0,0
12108,used GE,hit,0,39.027819,0,39.027819,0,0
12108,used GE,hit,0,15.208588,0,15.208588,0,0
12108,used GE,hit,0,23.964675,0,23.964675,0,0
12108,used GE,hit,0,18.54558,0,18.54558,0,0
12108,used GE,hit,0,15.236804,0,15.236804,0,0
12108,used GE,hit,0,15.353132,0,15.353132,0,0
12108,used GE,hit,0,15.116125,0,15.116125,0,0
12108,used GE,hit,0,42.423107,0,42.423107,0,0
12108,used GE,hit,0,35.896813,0,35.896813,0,0
12108,used GE,hit,0,16.62567,0,16.62567,0,0
12108,used GE,hit,0,21.034207,0,21.034207,0,0
12108,used GE,hit,0,16.177472,0,16.177472,0,0
12108,used GE,hit,0,87.870202,0,87.870202,0,0
12108,used GE,hit,0,16.562034,0,16.562034,0,0
12108,used GE,hit,0,15.355822,0,15.355822,0,0
12108,used GE,hit,0,16.336303,0,16.336303,0,0
12108,used GE,hit,0,15.552105,0,15.552105,0,0
12108,used GE,hit,0,24.198923,0,24.198923,0,0
12108,used GE,hit,0,41.240259,0,41.240259,0,0
12108,used GE,hit,0,15.311837,0,15.311837,0,0
12108,used GE,hit,0,14.671821,0,14.671821,0,0
12108,used GE,hit,0,40.080556,0,40.080556,0,0
12108,used GE,hit,0,28.773459,0,28.773459,0,0
12108,used GE,hit,0,21.959693,0,21.959693,0,0
12108,used GE,hit,0,24.212244,0,24.212244,0,0
12108,used GE,hit,0,36.758514,0,36.758514,0,0
12108,used GE,hit,0,28.362734,0,28.362734,0,0
12108,used GE,hit,0,14.676962,0,14.676962,0,0
12108,used GE,hit,0,15.592876,0,15.592876,0,0
26648,44,miss,912.568904,25.562166,795.281328,0,1733.412398,0
26648,used GE,hit,0,43.80288,0,43.80288,0,0
26648,used GE,hit,0,21.922436,0,21.922436,0,0
26648,used GE,hit,0,27.707195,0,27.707195,0,0
26648,used GE,hit,0,22.127275,0,22.127275,0,0
26648,used GE,hit,0,21.400493,0,21.400493,0,0
26648,used GE,hit,0,21.355833,0,21.355833,0,0
26648,used GE,hit,0,21.182571,0,21.182571,0,0
26648,used GE,hit,0,21.598383,0,21.598383,0,0
26648,used GE,hit,0,53.707332,0,53.707332,0,0
26648,used GE,hit,0,56.037266,0,56.037266,0,0
26648,used GE,hit,0,23.515657,0,23.515657,0,0
26648,used GE,hit,0,22.44432,0,22.44432,0,0
26648,used GE,hit,0,42.113177,0,42.113177,0,0
26648,used GE,hit,0,22.592454,0,22.592454,0,0
26648,used GE,hit,0,26.59286,0,26.59286,0,0
26648,used GE,hit,0,22.229575,0,22.229575,0,0
26648,used GE,hit,0,22.318255,0,22.318255,0,0
26648,used GE,hit,0,21.963816,0,21.963816,0,0
26648,used GE,hit,0,79.594015,0,79.594015,0,0
26648,used GE,hit,0,22.73771,0,22.73771,0,0
26648,used GE,hit,0,22.127653,0,22.127653,0,0
26648,used GE,hit,0,21.532021,0,21.532021,0,0
26648,used GE,hit,0,22.893323,0,22.893323,0,0
26648,used GE,hit,0,22.218268,0,22.218268,0,0
26648,used GE,hit,0,21.730417,0,21.730417,0,0
26648,used GE,hit,0,47.918975,0,47.918975,0,0
26648,used GE,hit,0,22.829738,0,22.829738,0,0
26648,used GE,hit,0,25.702032,0,25.702032,0,0
26648,used GE,hit,0,32.02363,0,32.02363,0,0
26648,used GE,hit,0,51.018322,0,51.018322,0,0
26648,used GE,hit,0,46.509593,0,46.509593,0,0
26648,used GE,hit,0,23.767862,0,23.767862,0,0
26648,used GE,hit,0,41.85387,0,41.85387,0,0
26648,used GE,hit,0,35.652719,0,35.652719,0,0
26648,used GE,hit,0,49.292936,0,49.292936,0,0
26648,used GE,hit,0,23.836986,0,23.836986,0,0
26648,used GE,hit,0,27.363038,0,27.363038,0,0
26648,used GE,hit,0,22.482011,0,22.482011,0,0
2857,44,miss,906.80298,14.126401,792.669196,0,1713.5985770000002,0
2857,used GE,hit,0,30.179481,0,30.179481,0,0
2857,used GE,hit,0,27.296907,0,27.296907,0,0
2857,used GE,hit,0,10.837087,0,10.837087,0,0
2857,used GE,hit,0,11.52987,0,11.52987,0,0
2857,used GE,hit,0,10.810822,0,10.810822,0,0
2857,used GE,hit,0,10.345355,0,10.345355,0,0
2857,used GE,hit,0,20.492658,0,20.492658,0,0
2857,used GE,hit,0,10.528374,0,10.528374,0,0
2857,used GE,hit,0,14.57055,0,14.57055,0,0
2857,used GE,hit,0,10.744857,0,10.744857,0,0
2857,used GE,hit,0,49.366502,0,49.366502,0,0
2857,used GE,hit,0,11.058555,0,11.058555,0,0
2857,used GE,hit,0,10.574254,0,10.574254,0,0
2857,used GE,hit,0,11.060381,0,11.060381,0,0
2857,used GE,hit,0,10.652324,0,10.652324,0,0
2857,used GE,hit,0,10.409412,0,10.409412,0,0
2857,used GE,hit,0,10.301956,0,10.301956,0,0
2857,used GE,hit,0,10.786979,0,10.786979,0,0
2857,used GE,hit,0,11.187106,0,11.187106,0,0
2857,used GE,hit,0,12.716032,0,12.716032,0,0
2857,used GE,hit,0,15.452635,0,15.452635,0,0
2857,used GE,hit,0,10.63494,0,10.63494,0,0
2857,used GE,hit,0,10.74656,0,10.74656,0,0
2857,used GE,hit,0,11.880267,0,11.880267,0,0
2857,used GE,hit,0,10.647723,0,10.647723,0,0
2857,used GE,hit,0,34.707836,0,34.707836,0,0
2857,used GE,hit,0,19.350443,0,19.350443,0,0
2857,used GE,hit,0,34.379392,0,34.379392,0,0
2857,used GE,hit,0,26.386958,0,26.386958,0,0
2857,used GE,hit,0,15.521161,0,15.521161,0,0
2857,used GE,hit,0,14.682746,0,14.682746,0,0
2857,used GE,hit,0,39.215665,0,39.215665,0,0
2857,used GE,hit,0,29.577287,0,29.577287,0,0
2857,used GE,hit,0,16.361528,0,16.361528,0,0
2857,used GE,hit,0,16.067298,0,16.067298,0,0
2857,used GE,hit,0,40.776819,0,40.776819,0,0
2857,used GE,hit,0,17.449965,0,17.449965,0,0
2857,used GE,hit,0,45.623315,0,45.623315,0,0
12499,30,miss,639.285535,12.639736,559.848557,0,1211.7738279999999,0
12499,used GE,hit,0,21.325198,0,21.325198,0,0
12499,used GE,hit,0,22.840367,0,22.840367,0,0
12499,used GE,hit,0,10.487733,0,10.487733,0,0
12499,used GE,hit,0,10.201084,0,10.201084,0,0
12499,used GE,hit,0,43.98925,0,43.98925,0,0
12499,used GE,hit,0,44.107064,0,44.107064,0,0
12499,used GE,hit,0,27.362012,0,27.362012,0,0
12499,used GE,hit,0,14.069971,0,14.069971,0,0
12499,used GE,hit,0,13.034365,0,13.034365,0,0
12499,used GE,hit,0,14.115469,0,14.115469,0,0
12499,used GE,hit,0,50.16584,0,50.16584,0,0
12499,used GE,hit,0,13.72995,0,13.72995,0,0
12499,used GE,hit,0,26.448997,0,26.448997,0,0
12499,used GE,hit,0,20.059697,0,20.059697,0,0
12499,used GE,hit,0,13.383107,0,13.383107,0,0
12499,used GE,hit,0,14.915482,0,14.915482,0,0
12499,used GE,hit,0,36.965818,0,36.965818,0,0
12499,used GE,hit,0,13.359936,0,13.359936,0,0
12499,used GE,hit,0,12.126245,0,12.126245,0,0
12499,used GE,hit,0,12.607996,0,12.607996,0,0
12499,used GE,hit,0,46.478613,0,46.478613,0,0
12499,used GE,hit,0,28.739943,0,28.739943,0,0
12499,used GE,hit,0,15.541996,0,15.541996,0,0
12499,used GE,hit,0,18.330041,0,18.330041,0,0
12499,used GE,hit,0,12.636615,0,12.636615,0,0
12499,used GE,hit,0,28.254772,0,28.254772,0,0
12499,used GE,hit,0,12.931315,0,12.931315,0,0
12499,used GE,hit,0,37.177054,0,37.177054,0,0
12499,used GE,hit,0,27.660882,0,27.660882,0,0
12499,used GE,hit,0,13.556067,0,13.556067,0,0
12499,used GE,hit,0,12.992285,0,12.992285,0,0
12499,used GE,hit,0,32.733044,0,32.733044,0,0
12499,used GE,hit,0,13.616583,0,13.616583,0,0
12499,used GE,hit,0,12.894065,0,12.894065,0,0
12499,used GE,hit,0,28.007107,0,28.007107,0,0
12499,used GE,hit,0,21.800432,0,21.800432,0,0
12499,used GE,hit,0,21.907424,0,21.907424,0,0
12499,used GE,hit,0,12.58609,0,12.58609,0,0
5674,51,miss,48.697404,47.187802,930.751393,0,1026.636599,0
5674,used GE,hit,0,28.890044,0,28.890044,0,0
5674,used GE,hit,0,49.255687,0,49.255687,0,0
5674,used GE,hit,0,19.524481,0,19.524481,0,0
5674,used GE,hit,0,47.8188,0,47.8188,0,0
5674,used GE,hit,0,21.810954,0,21.810954,0,0
5674,used GE,hit,0,12.651987,0,12.651987,0,0
5674,used GE,hit,0,27.608853,0,27.608853,0,0
5674,used GE,hit,0,93.704564,0,93.704564,0,0
5674,used GE,hit,0,12.732635,0,12.732635,0,0
5674,used GE,hit,0,34.38546,0,34.38546,0,0
5674,52,soft-hit,56.405875,16.665279,931.432117,1004.503271,0,0
5674,used GE,hit,0,27.718465,0,27.718465,0,0
5674,used GE,hit,0,17.261925,0,17.261925,0,0
5674,used GE,hit,0,47.288224,0,47.288224,0,0
5674,used GE,hit,0,19.276849,0,19.276849,0,0
5674,used GE,hit,0,19.672901,0,19.672901,0,0
5674,used GE,hit,0,18.613394,0,18.613394,0,0
5674,used GE,hit,0,18.553527,0,18.553527,0,0
5674,used GE,hit,0,32.867282,0,32.867282,0,0
5674,used GE,hit,0,18.768545,0,18.768545,0,0
5674,used GE,hit,0,36.207587,0,36.207587,0,0
5674,used GE,hit,0,18.723405,0,18.723405,0,0
5674,used GE,hit,0,21.100763,0,21.100763,0,0
5674,used GE,hit,0,17.761312,0,17.761312,0,0
5674,used GE,hit,0,24.112929,0,24.112929,0,0
5674,used GE,hit,0,29.335742,0,29.335742,0,0
5674,used GE,hit,0,41.108365,0,41.108365,0,0
5674,used GE,hit,0,37.701877,0,37.701877,0,0
5674,used GE,hit,0,19.332033,0,19.332033,0,0
5674,used GE,hit,0,33.274135,0,33.274135,0,0
5674,used GE,hit,0,50.924619,0,50.924619,0,0
5674,used GE,hit,0,19.42592,0,19.42592,0,0
5674,used GE,hit,0,18.425308,0,18.425308,0,0
5674,used GE,hit,0,29.235836,0,29.235836,0,0
5674,used GE,hit,0,31.771494,0,31.771494,0,0
5674,used GE,hit,0,18.712879,0,18.712879,0,0
5674,used GE,hit,0,43.82448,0,43.82448,0,0
5674,used GE,hit,0,18.988873,0,18.988873,0,0
31086,62,miss,253.557519,18.727281,117.126265,0,389.411065,0
31086,used GE,hit,0,17.282108,0,17.282108,0,0
31086,used GE,hit,0,38.697414,0,38.697414,0,0
31086,used GE,hit,0,21.324891,0,21.324891,0,0
31086,used GE,hit,0,58.955187,0,58.955187,0,0
31086,used GE,hit,0,22.159305,0,22.159305,0,0
31086,used GE,hit,0,21.737119,0,21.737119,0,0
31086,used GE,hit,0,58.326542,0,58.326542,0,0
31086,used GE,hit,0,23.619785,0,23.619785,0,0
31086,used GE,hit,0,59.266735,0,59.266735,0,0
31086,used GE,hit,0,23.842879,0,23.842879,0,0
31086,used GE,hit,0,24.074476,0,24.074476,0,0
31086,used GE,hit,0,42.143476,0,42.143476,0,0
31086,used GE,hit,0,21.048913,0,21.048913,0,0
31086,used GE,hit,0,39.952117,0,39.952117,0,0
31086,used GE,hit,0,22.100797,0,22.100797,0,0
31086,used GE,hit,0,20.802046,0,20.802046,0,0
31086,used GE,hit,0,60.052577,0,60.052577,0,0
31086,used GE,hit,0,23.455597,0,23.455597,0,0
31086,used GE,hit,0,62.257054,0,62.257054,0,0
31086,used GE,hit,0,23.498913,0,23.498913,0,0
31086,used GE,hit,0,22.700114,0,22.700114,0,0
31086,used GE,hit,0,21.745728,0,21.745728,0,0
31086,used GE,hit,0,54.412727,0,54.412727,0,0
31086,used GE,hit,0,22.418703,0,22.418703,0,0
31086,used GE,hit,0,25.916263,0,25.916263,0,0
31086,used GE,hit,0,20.577094,0,20.577094,0,0
31086,used GE,hit,0,41.707453,0,41.707453,0,0
31086,used GE,hit,0,22.943642,0,22.943642,0,0
31086,used GE,hit,0,20.655839,0,20.655839,0,0
31086,used GE,hit,0,19.942403,0,19.942403,0,0
31086,used GE,hit,0,20.136565,0,20.136565,0,0
31086,used GE,hit,0,21.205116,0,21.205116,0,0
31086,used GE,hit,0,29.26251,0,29.26251,0,0
31086,used GE,hit,0,23.037984,0,23.037984,0,0
31086,used GE,hit,0,32.488441,0,32.488441,0,0
31086,used GE,hit,0,44.332317,0,44.332317,0,0
31086,used GE,hit,0,20.598535,0,20.598535,0,0
31086,used GE,hit,0,59.998626,0,59.998626,0,0
9189,60,miss,211.982001,17.802412,79.760217,0,309.54463,0
9189,used GE,hit,0,33.751559,0,33.751559,0,0
9189,used GE,hit,0,18.695515,0,18.695515,0,0
9189,used GE,hit,0,20.213654,0,20.213654,0,0
9189,used GE,hit,0,20.819898,0,20.819898,0,0
9189,used GE,hit,0,20.774266,0,20.774266,0,0
9189,used GE,hit,0,20.0757,0,20.0757,0,0
9189,used GE,hit,0,84.270176,0,84.270176,0,0
9189,used GE,hit,0,61.772834,0,61.772834,0,0
9189,used GE,hit,0,22.433585,0,22.433585,0,0
9189,used GE,hit,0,63.903894,0,63.903894,0,0
9189,used GE,hit,0,51.156192,0,51.156192,0,0
9189,used GE,hit,0,25.730329,0,25.730329,0,0
9189,used GE,hit,0,33.404415,0,33.404415,0,0
9189,used GE,hit,0,22.295013,0,22.295013,0,0
9189,used GE,hit,0,20.639192,0,20.639192,0,0
9189,used GE,hit,0,26.200663,0,26.200663,0,0
9189,used GE,hit,0,20.131372,0,20.131372,0,0
9189,used GE,hit,0,62.641197,0,62.641197,0,0
9189,used GE,hit,0,35.872685,0,35.872685,0,0
9189,used GE,hit,0,21.280241,0,21.280241,0,0
9189,used GE,hit,0,20.625398,0,20.625398,0,0
9189,used GE,hit,0,67.034924,0,67.034924,0,0
9189,used GE,hit,0,20.371943,0,20.371943,0,0
9189,used GE,hit,0,35.33099,0,35.33099,0,0
9189,used GE,hit,0,37.656055,0,37.656055,0,0
9189,used GE,hit,0,30.914866,0,30.914866,0,0
9189,used GE,hit,0,16.1189,0,16.1189,0,0
9189,used GE,hit,0,48.674097,0,48.674097,0,0
9189,used GE,hit,0,14.350996,0,14.350996,0,0
9189,used GE,hit,0,13.91937,0,13.91937,0,0
9189,used GE,hit,0,13.770481,0,13.770481,0,0
9189,used GE,hit,0,34.925838,0,34.925838,0,0
9189,used GE,hit,0,15.586284,0,15.586284,0,0
9189,used GE,hit,0,50.736434,0,50.736434,0,0
9189,used GE,hit,0,14.475834,0,14.475834,0,0
9189,used GE,hit,0,92.023282,0,92.023282,0,0
9189,used GE,hit,0,19.149231,0,19.149231,0,0
9189,used GE,hit,0,35.412553,0,35.412553,0,0
34380,52,miss,57.616353,28.532427,942.636965,0,1028.785745,0
34380,52,soft-hit,74.447517,15.977074,955.276098,1045.700689,0,0
34380,52,soft-hit,70.936412,16.987043,951.573993,1039.4974479999998,0,0
34380,52,soft-hit,64.676526,23.169512,945.3052,1033.1512380000001,0,0
34380,52,soft-hit,66.389475,16.212053,946.919506,1029.5210339999999,0,0
34380,52,soft-hit,68.881992,16.058952,949.68369,1034.624634,0,0
34380,52,soft-hit,76.591632,15.980353,947.000266,1039.572251,0,0
34380,52,soft-hit,63.606397,49.075456,945.177654,1057.859507,0,0
34380,52,soft-hit,61.527614,15.64409,942.726764,1019.898468,0,0
34380,52,soft-hit,63.328126,15.619317,943.325188,1022.272631,0,0
34380,52,soft-hit,64.509551,41.735058,946.016088,1052.260697,0,0
34380,52,soft-hit,64.005424,15.710711,944.957935,1024.67407,0,0
34380,52,soft-hit,66.328083,32.288317,946.673082,1045.2894820000001,0,0
34380,52,soft-hit,62.945777,15.997265,949.41176,1028.3548019999998,0,0
34380,52,soft-hit,66.788739,16.331297,947.408235,1030.528271,0,0
34380,52,soft-hit,65.012004,56.605392,946.066295,1067.683691,0,0
34380,52,soft-hit,68.378829,18.208107,949.958431,1036.5453670000002,0,0
34380,52,soft-hit,64.79774,45.065301,944.863701,1054.726742,0,0
34380,52,soft-hit,63.362458,15.723263,944.684647,1023.770368,0,0
34380,52,soft-hit,70.338704,16.197098,950.923524,1037.4593260000001,0,0
34380,52,soft-hit,63.101528,32.261871,944.902355,1040.265754,0,0
34380,52,soft-hit,74.746339,37.583361,955.899812,1068.2295119999999,0,0
34380,52,soft-hit,65.037587,27.836425,945.816673,1038.690685,0,0
34380,52,soft-hit,63.939298,32.639231,945.36721,1041.945739,0,0
34380,52,soft-hit,68.645143,48.038626,949.391095,1066.074864,0,0
34380,52,soft-hit,74.438108,40.931511,951.675122,1067.044741,0,0
34380,52,soft-hit,64.334762,16.245814,945.35146,1025.932036,0,0
34380,52,soft-hit,63.835903,16.129615,945.093845,1025.0593629999998,0,0
34380,52,soft-hit,62.19614,15.691512,943.603863,1021.491515,0,0
34380,52,soft-hit,65.513037,48.062607,946.855618,1060.431262,0,0
34380,52,soft-hit,63.599251,33.314384,945.505634,1042.419269,0,0
34380,52,soft-hit,65.271003,43.742993,945.257292,1054.271288,0,0
34380,52,soft-hit,63.758994,46.73436,945.390985,1055.884339,0,0
34380,52,soft-hit,64.991142,17.237388,945.589585,1027.818115,0,0
34380,52,soft-hit,74.675616,15.273987,946.268892,1036.218495,0,0
34380,52,soft-hit,75.685543,31.393202,956.318995,1063.3977399999999,0,0
34380,52,soft-hit,67.389479,19.25741,949.419927,1036.066816,0,0
34380,52,soft-hit,70.775167,15.846305,950.304606,1036.926078,0,0
34380,52,soft-hit,73.672673,28.411728,954.224336,1056.308737,0,0
12148,58,miss,180.439188,18.979615,51.387271,0,250.806074,0
12148,used GE,hit,0,55.75357,0,55.75357,0,0
12148,used GE,hit,0,36.008779,0,36.008779,0,0
12148,used GE,hit,0,19.825612,0,19.825612,0,0
12148,used GE,hit,0,19.269178,0,19.269178,0,0
12148,used GE,hit,0,18.995548,0,18.995548,0,0
12148,used GE,hit,0,19.193078,0,19.193078,0,0
12148,used GE,hit,0,29.498703,0,29.498703,0,0
12148,used GE,hit,0,19.418056,0,19.418056,0,0
12148,used GE,hit,0,18.730742,0,18.730742,0,0
12148,used GE,hit,0,60.698917,0,60.698917,0,0
12148,used GE,hit,0,54.281286,0,54.281286,0,0
12148,used GE,hit,0,21.090495,0,21.090495,0,0
12148,used GE,hit,0,46.363506,0,46.363506,0,0
12148,used GE,hit,0,52.154504,0,52.154504,0,0
12148,used GE,hit,0,20.992434,0,20.992434,0,0
12148,used GE,hit,0,19.712361,0,19.712361,0,0
12148,used GE,hit,0,19.605199,0,19.605199,0,0
12148,used GE,hit,0,31.494812,0,31.494812,0,0
12148,used GE,hit,0,16.628786,0,16.628786,0,0
12148,used GE,hit,0,14.562648,0,14.562648,0,0
12148,used GE,hit,0,14.018121,0,14.018121,0,0
12148,used GE,hit,0,62.603682,0,62.603682,0,0
12148,used GE,hit,0,14.56955,0,14.56955,0,0
12148,used GE,hit,0,22.377164,0,22.377164,0,0
12148,59,soft-hit,201.859879,18.920317,71.672884,292.45308,0,0
12148,used GE,hit,0,16.741539,0,16.741539,0,0
12148,used GE,hit,0,16.582431,0,16.582431,0,0
12148,used GE,hit,0,16.259697,0,16.259697,0,0
12148,used GE,hit,0,45.498975,0,45.498975,0,0
12148,used GE,hit,0,55.846216,0,55.846216,0,0
12148,used GE,hit,0,55.091252,0,55.091252,0,0
12148,used GE,hit,0,21.140663,0,21.140663,0,0
12148,used GE,hit,0,20.930793,0,20.930793,0,0
12148,used GE,hit,0,20.524315,0,20.524315,0,0
12148,used GE,hit,0,20.78485,0,20.78485,0,0
12148,used GE,hit,0,20.188441,0,20.188441,0,0
12148,used GE,hit,0,20.200166,0,20.200166,0,0
12148,used GE,hit,0,20.00803,0,20.00803,0,0
13708,63,miss,277.326357,50.106303,139.131803,0,466.56446299999993,0
13708,63,soft-hit,288.405216,60.040209,150.999566,499.44499099999996,0,0
13708,63,soft-hit,287.130902,58.434447,149.22564,494.79098899999997,0,0
13708,63,soft-hit,300.288194,33.74478,148.061669,482.09464299999996,0,0
13708,63,soft-hit,280.580014,18.895538,142.287959,441.763511,0,0
13708,63,soft-hit,280.092077,18.789698,143.258253,442.14002800000003,0,0
13708,63,soft-hit,290.052378,19.07903,151.024334,460.155742,0,0
13708,63,soft-hit,283.947202,18.768627,146.694859,449.41068800000005,0,0
13708,63,soft-hit,278.586983,20.820342,141.372207,440.779532,0,0
13708,63,soft-hit,279.810178,45.782283,142.188979,467.78144,0,0
13708,63,soft-hit,279.583473,48.902372,140.504308,468.990153,0,0
13708,63,soft-hit,288.898165,55.94086,149.554917,494.393942,0,0
13708,63,soft-hit,278.889589,20.405435,143.245683,442.540707,0,0
13708,63,soft-hit,292.422725,18.600374,152.363645,463.386744,0,0
13708,63,soft-hit,284.617539,18.738372,145.779919,449.13583000000006,0,0
13708,63,soft-hit,294.326773,19.126377,151.533608,464.986758,0,0
13708,63,soft-hit,286.540871,18.60721,157.784865,462.932946,0,0
13708,63,soft-hit,224.996443,16.939106,139.910153,381.845702,0,0
13708,63,soft-hit,293.771655,19.591543,155.165848,468.529046,0,0
13708,63,soft-hit,239.989069,17.759838,143.232674,400.981581,0,0
13708,63,soft-hit,235.237233,16.72659,150.453236,402.417059,0,0
13708,63,soft-hit,238.359529,25.918716,147.39512,411.673365,0,0
13708,63,soft-hit,281.13278,17.56192,142.824234,441.518934,0,0
13708,63,soft-hit,299.332251,63.610264,162.11861,525.061125,0,0
13708,63,soft-hit,298.48592,29.904163,158.732254,487.122337,0,0
13708,63,soft-hit,282.914055,58.548351,145.4691,486.931506,0,0
13708,63,soft-hit,238.29068,56.012403,143.236092,437.539175,0,0
13708,63,soft-hit,297.732233,18.715558,155.042879,471.49067,0,0
13708,63,soft-hit,229.338692,16.259148,144.088218,389.686058,0,0
13708,63,soft-hit,235.652145,16.65677,146.404723,398.71363799999995,0,0
13708,63,soft-hit,289.458342,18.49842,154.693093,462.649855,0,0
13708,63,soft-hit,371.085808,36.344675,229.547661,636.9781439999999,0,0
13708,63,soft-hit,285.65687,38.299606,168.291749,492.24822500000005,0,0
13708,63,soft-hit,257.537489,68.212309,159.527955,485.27775299999996,0,0
13708,63,soft-hit,301.112071,49.715968,164.659899,515.487938,0,0
13708,63,soft-hit,297.723412,18.753319,155.824432,472.301163,0,0
13708,63,soft-hit,245.81155,16.660711,154.717723,417.189984,0,0
13708,63,soft-hit,280.217684,30.435275,151.413485,462.06644400000005,0,0
13708,63,soft-hit,238.4685,41.613044,154.521393,434.602937,0,0
14996,66,miss,310.101169,17.519701,197.231864,0,524.852734,0
14996,used GE,hit,0,17.196375,0,17.196375,0,0
14996,used GE,hit,0,18.473706,0,18.473706,0,0
14996,used GE,hit,0,41.100915,0,41.100915,0,0
14996,used GE,hit,0,20.778397,0,20.778397,0,0
14996,used GE,hit,0,28.075736,0,28.075736,0,0
14996,used GE,hit,0,29.563826,0,29.563826,0,0
14996,used GE,hit,0,22.45553,0,22.45553,0,0
14996,used GE,hit,0,35.358017,0,35.358017,0,0
14996,used GE,hit,0,67.258013,0,67.258013,0,0
14996,used GE,hit,0,23.964258,0,23.964258,0,0
14996,used GE,hit,0,22.797682,0,22.797682,0,0
14996,used GE,hit,0,50.255886,0,50.255886,0,0
14996,used GE,hit,0,21.540243,0,21.540243,0,0
14996,used GE,hit,0,31.497824,0,31.497824,0,0
14996,used GE,hit,0,17.853317,0,17.853317,0,0
14996,used GE,hit,0,17.329045,0,17.329045,0,0
14996,used GE,hit,0,40.004051,0,40.004051,0,0
14996,used GE,hit,0,18.579627,0,18.579627,0,0
14996,used GE,hit,0,56.123974,0,56.123974,0,0
14996,used GE,hit,0,30.113871,0,30.113871,0,0
14996,used GE,hit,0,26.85199,0,26.85199,0,0
14996,used GE,hit,0,19.010849,0,19.010849,0,0
14996,used GE,hit,0,19.068255,0,19.068255,0,0
14996,used GE,hit,0,44.708899,0,44.708899,0,0
14996,used GE,hit,0,34.770512,0,34.770512,0,0
14996,used GE,hit,0,23.769213,0,23.769213,0,0
14996,used GE,hit,0,23.228964,0,23.228964,0,0
14996,used GE,hit,0,22.316959,0,22.316959,0,0
14996,used GE,hit,0,22.974982,0,22.974982,0,0
14996,used GE,hit,0,21.362834,0,21.362834,0,0
14996,used GE,hit,0,20.902017,0,20.902017,0,0
14996,used GE,hit,0,22.66335,0,22.66335,0,0
14996,used GE,hit,0,50.168059,0,50.168059,0,0
14996,used GE,hit,0,44.138881,0,44.138881,0,0
14996,used GE,hit,0,27.473701,0,27.473701,0,0
14996,used GE,hit,0,23.154805,0,23.154805,0,0
14996,used GE,hit,0,23.139202,0,23.139202,0,0
14996,used GE,hit,0,22.192073,0,22.192073,0,0
15486,62,miss,267.036709,17.186186,132.350289,0,416.57318399999997,0
15486,62,soft-hit,284.511597,28.149391,149.158746,461.81973400000004,0,0
15486,62,soft-hit,277.336771,22.615811,142.417877,442.370459,0,0
15486,62,soft-hit,277.263689,16.598634,135.85049,429.712813,0,0
15486,62,soft-hit,270.24046,17.326798,141.275914,428.843172,0,0
15486,62,soft-hit,267.933591,29.432742,138.896978,436.26331099999993,0,0
15486,62,soft-hit,268.577819,16.706786,133.503756,418.788361,0,0
15486,62,soft-hit,272.186107,40.848135,137.850043,450.884285,0,0
15486,62,soft-hit,283.928648,48.269836,149.404279,481.602763,0,0
15486,62,soft-hit,267.982199,17.12517,133.616908,418.724277,0,0
15486,62,soft-hit,270.026945,17.135921,135.676516,422.839382,0,0
15486,62,soft-hit,272.790072,33.75854,137.864934,444.413546,0,0
15486,62,soft-hit,293.192747,51.304899,150.779204,495.27684999999997,0,0
15486,62,soft-hit,269.115963,27.902219,135.030512,432.048694,0,0
15486,62,soft-hit,273.792573,58.343043,138.550147,470.685763,0,0
15486,62,soft-hit,280.242059,52.33419,144.859822,477.43607099999997,0,0
15486,62,soft-hit,274.940763,42.60842,141.185032,458.734215,0,0
15486,62,soft-hit,278.364383,16.899015,148.117621,443.381019,0,0
15486,62,soft-hit,271.715018,18.761885,137.160457,427.63736,0,0
15486,62,soft-hit,272.137654,30.330203,138.436364,440.904221,0,0
15486,62,soft-hit,274.331186,66.337355,135.119032,475.787573,0,0
15486,62,soft-hit,266.524597,23.815484,137.567181,427.90726200000006,0,0
15486,62,soft-hit,273.590137,48.695017,138.401849,460.687003,0,0
15486,62,soft-hit,292.677681,51.521729,158.301601,502.501011,0,0
15486,62,soft-hit,275.002838,21.588142,139.624909,436.215889,0,0
15486,62,soft-hit,278.876082,62.880752,147.328164,489.084998,0,0
15486,62,soft-hit,280.997331,19.49045,146.468538,446.956319,0,0
15486,62,soft-hit,271.626165,17.185852,135.629752,424.441769,0,0
15486,62,soft-hit,297.778018,51.646834,152.945458,502.37030999999996,0,0
15486,62,soft-hit,270.515962,59.528355,136.14935,466.193667,0,0
15486,62,soft-hit,270.038858,17.636087,135.488791,423.163736,0,0
15486,62,soft-hit,272.758541,36.265459,138.07922,447.10321999999996,0,0
15486,62,soft-hit,271.648323,16.511284,136.495692,424.655299,0,0
15486,62,soft-hit,279.146258,30.627514,145.444241,455.218013,0,0
15486,62,soft-hit,272.482097,16.846295,136.18377,425.512162,0,0
15486,62,soft-hit,277.040906,17.121119,142.559881,436.721906,0,0
15486,62,soft-hit,303.172225,37.907836,155.868493,496.94855400000006,0,0
15486,62,soft-hit,280.034327,19.704612,140.534768,440.27370700000006,0,0
15486,62,soft-hit,266.793949,16.860357,137.663671,421.317977,0,0
16607,64,miss,325.427697,17.489132,187.413861,0,530.33069,0
16607,64,soft-hit,324.001603,53.168048,185.525832,562.695483,0,0
16607,64,soft-hit,323.41739,49.236215,185.67468,558.328285,0,0
16607,64,soft-hit,308.819834,26.610548,172.089819,507.52020100000004,0,0
16607,64,soft-hit,311.058179,35.70083,172.642465,519.401474,0,0
16607,64,soft-hit,320.154212,21.03523,172.20706,513.396502,0,0
16607,64,soft-hit,310.230995,17.872134,171.78362,499.886749,0,0
16607,64,soft-hit,311.278807,34.829751,172.814922,518.9234799999999,0,0
16607,64,soft-hit,311.860262,17.428909,173.022596,502.311767,0,0
16607,64,soft-hit,313.924013,17.900809,174.125629,505.95045100000004,0,0
16607,64,soft-hit,315.128332,40.533106,175.999472,531.6609100000001,0,0
16607,64,soft-hit,329.976706,17.646875,188.95972,536.583301,0,0
16607,64,soft-hit,315.379846,48.522834,176.26838,540.17106,0,0
16607,64,soft-hit,315.565302,65.916476,176.131006,557.6127839999999,0,0
16607,64,soft-hit,310.041883,18.211394,176.538572,504.79184899999996,0,0
16607,64,soft-hit,321.1682,58.211249,182.410145,561.7895940000001,0,0
16607,64,soft-hit,329.935244,18.469704,191.026992,539.43194,0,0
16607,64,soft-hit,335.193035,17.249736,196.841547,549.284318,0,0
16607,64,soft-hit,334.432287,39.403659,196.390899,570.2268449999999,0,0
16607,64,soft-hit,317.352237,18.128712,179.124083,514.605032,0,0
16607,64,soft-hit,332.193117,22.459354,194.224166,548.876637,0,0
16607,64,soft-hit,333.00914,37.706314,193.834596,564.55005,0,0
16607,64,soft-hit,322.330475,17.558518,175.019971,514.908964,0,0
16607,64,soft-hit,317.092247,40.12785,178.668276,535.888373,0,0
16607,64,soft-hit,309.247064,17.574488,174.845549,501.667101,0,0
16607,64,soft-hit,314.779944,52.194674,176.335602,543.31022,0,0
16607,64,soft-hit,329.500148,18.15695,191.61467,539.2717680000001,0,0
16607,64,soft-hit,317.831025,18.248951,178.494624,514.5746,0,0
16607,64,soft-hit,315.786399,26.308602,184.200791,526.295792,0,0
16607,64,soft-hit,323.761201,17.720961,185.00222,526.484382,0,0
16607,64,soft-hit,321.02793,28.756785,178.675334,528.460049,0,0
16607,64,soft-hit,315.203823,58.579745,176.310986,550.094554,0,0
16607,64,soft-hit,315.490312,22.096219,175.767978,513.354509,0,0
16607,64,soft-hit,316.203716,39.482758,177.908557,533.595031,0,0
16607,64,soft-hit,321.754025,17.288174,182.637175,521.679374,0,0
16607,64,soft-hit,314.176197,18.925566,175.650074,508.751837,0,0
16607,64,soft-hit,393.709159,35.94399,255.291347,684.9444960000001,0,0
16607,64,soft-hit,316.222175,54.807984,178.095408,549.125567,0,0
16607,64,soft-hit,329.2881,22.853283,176.851034,528.9924169999999,0,0
16662,63,miss,307.144768,47.366699,169.94519,0,524.456657,0
16662,used GE,hit,0,20.610323,0,20.610323,0,0
16662,used GE,hit,0,19.121711,0,19.121711,0,0
16662,used GE,hit,0,19.568071,0,19.568071,0,0
16662,used GE,hit,0,19.130908,0,19.130908,0,0
16662,used GE,hit,0,23.980411,0,23.980411,0,0
16662,used GE,hit,0,28.842469,0,28.842469,0,0
16662,used GE,hit,0,20.806117,0,20.806117,0,0
16662,used GE,hit,0,21.299601,0,21.299601,0,0
16662,used GE,hit,0,20.089147,0,20.089147,0,0
16662,used GE,hit,0,21.435249,0,21.435249,0,0
16662,used GE,hit,0,39.765721,0,39.765721,0,0
16662,used GE,hit,0,30.677016,0,30.677016,0,0
16662,used GE,hit,0,20.185539,0,20.185539,0,0
16662,used GE,hit,0,66.908437,0,66.908437,0,0
16662,used GE,hit,0,21.113671,0,21.113671,0,0
16662,used GE,hit,0,32.337788,0,32.337788,0,0
16662,used GE,hit,0,39.586391,0,39.586391,0,0
16662,used GE,hit,0,46.823956,0,46.823956,0,0
16662,used GE,hit,0,20.644274,0,20.644274,0,0
16662,used GE,hit,0,40.455929,0,40.455929,0,0
16662,used GE,hit,0,20.399512,0,20.399512,0,0
16662,used GE,hit,0,33.813948,0,33.813948,0,0
16662,used GE,hit,0,19.990461,0,19.990461,0,0
16662,used GE,hit,0,49.372081,0,49.372081,0,0
16662,used GE,hit,0,61.925997,0,61.925997,0,0
16662,used GE,hit,0,21.788251,0,21.788251,0,0
16662,used GE,hit,0,21.340675,0,21.340675,0,0
16662,used GE,hit,0,20.220857,0,20.220857,0,0
16662,used GE,hit,0,19.697195,0,19.697195,0,0
16662,used GE,hit,0,20.831397,0,20.831397,0,0
16662,used GE,hit,0,22.679142,0,22.679142,0,0
16662,used GE,hit,0,19.557099,0,19.557099,0,0
16662,used GE,hit,0,19.625046,0,19.625046,0,0
16662,used GE,hit,0,19.956791,0,19.956791,0,0
16662,used GE,hit,0,19.962818,0,19.962818,0,0
16662,used GE,hit,0,40.968726,0,40.968726,0,0
16662,used GE,hit,0,20.780433,0,20.780433,0,0
16662,used GE,hit,0,43.976205,0,43.976205,0,0
19421,74,miss,523.771182,47.12622,356.44606,0,927.3434619999999,0
19421,used GE,hit,0,15.585336,0,15.585336,0,0
19421,used GE,hit,0,14.790796,0,14.790796,0,0
19421,used GE,hit,0,56.337996,0,56.337996,0,0
19421,used GE,hit,0,49.192046,0,49.192046,0,0
19421,used GE,hit,0,30.937079,0,30.937079,0,0
19421,used GE,hit,0,15.28563,0,15.28563,0,0
19421,used GE,hit,0,60.079776,0,60.079776,0,0
19421,used GE,hit,0,15.382053,0,15.382053,0,0
19421,used GE,hit,0,15.164873,0,15.164873,0,0
19421,used GE,hit,0,20.389964,0,20.389964,0,0
19421,used GE,hit,0,44.733039,0,44.733039,0,0
19421,used GE,hit,0,97.097063,0,97.097063,0,0
19421,used GE,hit,0,16.508185,0,16.508185,0,0
19421,used GE,hit,0,15.705037,0,15.705037,0,0
19421,used GE,hit,0,34.352233,0,34.352233,0,0
19421,used GE,hit,0,21.044231,0,21.044231,0,0
19421,used GE,hit,0,20.126494,0,20.126494,0,0
19421,used GE,hit,0,20.27385,0,20.27385,0,0
19421,used GE,hit,0,37.880272,0,37.880272,0,0
19421,used GE,hit,0,47.206894,0,47.206894,0,0
19421,used GE,hit,0,113.457654,0,113.457654,0,0
19421,used GE,hit,0,26.419966,0,26.419966,0,0
19421,used GE,hit,0,52.509061,0,52.509061,0,0
19421,used GE,hit,0,38.951805,0,38.951805,0,0
19421,used GE,hit,0,24.312717,0,24.312717,0,0
19421,used GE,hit,0,23.773919,0,23.773919,0,0
19421,used GE,hit,0,27.112992,0,27.112992,0,0
19421,used GE,hit,0,26.776878,0,26.776878,0,0
19421,used GE,hit,0,21.747137,0,21.747137,0,0
19421,used GE,hit,0,75.581254,0,75.581254,0,0
19421,used GE,hit,0,64.805062,0,64.805062,0,0
19421,used GE,hit,0,63.31708,0,63.31708,0,0
19421,used GE,hit,0,61.069249,0,61.069249,0,0
19421,used GE,hit,0,45.817004,0,45.817004,0,0
19421,used GE,hit,0,73.133282,0,73.133282,0,0
19421,used GE,hit,0,23.231898,0,23.231898,0,0
19421,used GE,hit,0,21.666182,0,21.666182,0,0
19421,used GE,hit,0,18.956276,0,18.956276,0,0
19782,59,miss,242.310676,16.936672,109.116524,0,368.363872,0
19782,used GE,hit,0,74.007333,0,74.007333,0,0
19782,used GE,hit,0,39.099516,0,39.099516,0,0
19782,used GE,hit,0,21.201883,0,21.201883,0,0
19782,used GE,hit,0,20.820961,0,20.820961,0,0
19782,used GE,hit,0,52.550936,0,52.550936,0,0
19782,used GE,hit,0,21.448945,0,21.448945,0,0
19782,used GE,hit,0,20.859988,0,20.859988,0,0
19782,used GE,hit,0,38.924355,0,38.924355,0,0
19782,used GE,hit,0,21.043104,0,21.043104,0,0
19782,used GE,hit,0,36.57446,0,36.57446,0,0
19782,used GE,hit,0,37.618767,0,37.618767,0,0
19782,used GE,hit,0,21.938318,0,21.938318,0,0
19782,used GE,hit,0,20.470805,0,20.470805,0,0
19782,used GE,hit,0,55.809814,0,55.809814,0,0
19782,used GE,hit,0,29.701395,0,29.701395,0,0
19782,used GE,hit,0,66.935161,0,66.935161,0,0
19782,used GE,hit,0,21.123328,0,21.123328,0,0
19782,used GE,hit,0,48.120063,0,48.120063,0,0
19782,used GE,hit,0,21.312859,0,21.312859,0,0
19782,used GE,hit,0,23.956525,0,23.956525,0,0
19782,used GE,hit,0,19.64335,0,19.64335,0,0
19782,used GE,hit,0,47.642305,0,47.642305,0,0
19782,used GE,hit,0,33.286934,0,33.286934,0,0
19782,used GE,hit,0,22.433706,0,22.433706,0,0
19782,used GE,hit,0,20.495357,0,20.495357,0,0
19782,used GE,hit,0,48.349019,0,48.349019,0,0
19782,used GE,hit,0,21.356492,0,21.356492,0,0
19782,used GE,hit,0,20.123788,0,20.123788,0,0
19782,used GE,hit,0,23.830456,0,23.830456,0,0
19782,used GE,hit,0,47.612119,0,47.612119,0,0
19782,used GE,hit,0,20.496565,0,20.496565,0,0
19782,used GE,hit,0,19.570932,0,19.570932,0,0
19782,used GE,hit,0,18.899959,0,18.899959,0,0
19782,used GE,hit,0,42.121995,0,42.121995,0,0
19782,used GE,hit,0,42.725711,0,42.725711,0,0
19782,used GE,hit,0,18.632591,0,18.632591,0,0
19782,used GE,hit,0,34.953435,0,34.953435,0,0
19782,used GE,hit,0,18.694428,0,18.694428,0,0
20845,60,miss,274.112782,16.417381,129.136161,0,419.666324,0
20845,used GE,hit,0,39.619815,0,39.619815,0,0
20845,used GE,hit,0,21.432225,0,21.432225,0,0
20845,used GE,hit,0,14.182646,0,14.182646,0,0
20845,used GE,hit,0,13.297642,0,13.297642,0,0
20845,used GE,hit,0,13.944374,0,13.944374,0,0
20845,used GE,hit,0,30.804947,0,30.804947,0,0
20845,used GE,hit,0,13.162675,0,13.162675,0,0
20845,used GE,hit,0,14.570872,0,14.570872,0,0
20845,used GE,hit,0,18.113853,0,18.113853,0,0
20845,used GE,hit,0,48.016285,0,48.016285,0,0
20845,used GE,hit,0,15.819963,0,15.819963,0,0
20845,used GE,hit,0,13.671511,0,13.671511,0,0
20845,used GE,hit,0,50.419732,0,50.419732,0,0
20845,used GE,hit,0,14.085053,0,14.085053,0,0
20845,used GE,hit,0,13.726886,0,13.726886,0,0
20845,used GE,hit,0,42.581394,0,42.581394,0,0
20845,used GE,hit,0,35.247913,0,35.247913,0,0
20845,used GE,hit,0,27.322187,0,27.322187,0,0
20845,used GE,hit,0,13.937261,0,13.937261,0,0
20845,used GE,hit,0,13.625918,0,13.625918,0,0
20845,used GE,hit,0,15.36065,0,15.36065,0,0
20845,used GE,hit,0,15.391358,0,15.391358,0,0
20845,61,soft-hit,303.872622,17.465516,169.255871,490.594009,0,0
20845,used GE,hit,0,54.857446,0,54.857446,0,0
20845,used GE,hit,0,20.220384,0,20.220384,0,0
20845,used GE,hit,0,19.027835,0,19.027835,0,0
20845,used GE,hit,0,40.396637,0,40.396637,0,0
20845,used GE,hit,0,41.335617,0,41.335617,0,0
20845,used GE,hit,0,25.796524,0,25.796524,0,0
20845,used GE,hit,0,21.014532,0,21.014532,0,0
20845,used GE,hit,0,62.557522,0,62.557522,0,0
20845,used GE,hit,0,23.729681,0,23.729681,0,0
20845,used GE,hit,0,51.12565,0,51.12565,0,0
20845,used GE,hit,0,23.900941,0,23.900941,0,0
20845,used GE,hit,0,20.605971,0,20.605971,0,0
20845,used GE,hit,0,53.475933,0,53.475933,0,0
20845,used GE,hit,0,69.987192,0,69.987192,0,0
20845,used GE,hit,0,19.798768,0,19.798768,0,0
23203,57,miss,209.756357,16.919823,81.004338,0,307.680518,0
23203,57,soft-hit,199.672188,17.464425,73.61816,290.754773,0,0
23203,57,soft-hit,257.543489,41.142543,130.142229,428.828261,0,0
23203,57,soft-hit,206.586238,27.574886,79.065248,313.22637199999997,0,0
23203,57,soft-hit,205.559315,18.02957,77.176123,300.76500799999997,0,0
23203,57,soft-hit,201.65915,17.747088,74.281519,293.68775700000003,0,0
23203,57,soft-hit,212.911835,19.147604,85.344348,317.40378699999997,0,0
23203,57,soft-hit,217.489016,17.217809,89.940215,324.64704,0,0
23203,57,soft-hit,216.761681,59.985649,73.797136,350.544466,0,0
23203,57,soft-hit,210.906522,18.717725,82.800321,312.424568,0,0
23203,57,soft-hit,211.511998,18.84389,83.815298,314.17118600000003,0,0
23203,57,soft-hit,206.16183,17.775497,76.960719,300.898046,0,0
23203,57,soft-hit,201.68578,36.417765,73.703804,311.807349,0,0
23203,57,soft-hit,200.292789,49.744187,73.236185,323.273161,0,0
23203,57,soft-hit,203.243746,47.293128,75.396871,325.933745,0,0
23203,57,soft-hit,277.533381,33.778042,150.672472,461.983895,0,0
23203,57,soft-hit,232.984598,17.35275,106.198218,356.535566,0,0
23203,57,soft-hit,223.352626,18.0691,82.990142,324.411868,0,0
23203,57,soft-hit,200.469214,21.503096,77.76607,299.73838,0,0
23203,57,soft-hit,205.806957,19.480206,76.976441,302.263604,0,0
23203,57,soft-hit,211.371574,21.746645,84.070673,317.188892,0,0
23203,57,soft-hit,222.820644,49.786166,96.570902,369.177712,0,0
23203,57,soft-hit,218.341099,22.199245,90.871036,331.41138,0,0
23203,57,soft-hit,205.909755,17.661135,80.59743,304.16832,0,0
23203,57,soft-hit,213.288551,16.924868,86.385313,316.59873200000004,0,0
23203,57,soft-hit,208.578564,50.569056,81.289573,340.437193,0,0
23203,57,soft-hit,240.775051,18.186639,99.069049,358.030739,0,0
23203,57,soft-hit,216.860897,26.237946,90.626757,333.7256,0,0
23203,57,soft-hit,250.64514,17.839461,123.861214,392.345815,0,0
23203,57,soft-hit,224.952122,41.98678,96.666926,363.605828,0,0
23203,57,soft-hit,210.484015,51.645041,84.08136,346.210416,0,0
23203,57,soft-hit,211.828657,17.655278,84.18132,313.665255,0,0
23203,57,soft-hit,209.071024,17.034122,82.078645,308.183791,0,0
23203,57,soft-hit,200.258029,18.202415,72.80898,291.269424,0,0
23203,57,soft-hit,207.634246,29.347976,80.963345,317.945567,0,0
23203,57,soft-hit,227.276173,47.966067,89.887416,365.129656,0,0
23203,57,soft-hit,229.737622,25.82587,96.841799,352.405291,0,0
23203,57,soft-hit,222.726785,17.529986,95.686562,335.943333,0,0
23203,57,soft-hit,210.430352,56.404408,82.578506,349.413266,0,0
24802,60,miss,269.639308,29.989261,136.303779,0,435.93234800000005,0
24802,used GE,hit,0,50.979047,0,50.979047,0,0
24802,used GE,hit,0,21.351237,0,21.351237,0,0
24802,used GE,hit,0,19.188472,0,19.188472,0,0
24802,used GE,hit,0,19.011365,0,19.011365,0,0
24802,used GE,hit,0,19.143357,0,19.143357,0,0
24802,used GE,hit,0,30.908403,0,30.908403,0,0
24802,used GE,hit,0,40.040046,0,40.040046,0,0
24802,used GE,hit,0,20.861695,0,20.861695,0,0
24802,used GE,hit,0,19.993158,0,19.993158,0,0
24802,61,soft-hit,278.138235,33.579487,143.354619,455.07234100000005,0,0
24802,used GE,hit,0,18.297375,0,18.297375,0,0
24802,used GE,hit,0,18.209334,0,18.209334,0,0
24802,used GE,hit,0,17.796346,0,17.796346,0,0
24802,used GE,hit,0,17.796233,0,17.796233,0,0
24802,used GE,hit,0,23.168425,0,23.168425,0,0
24802,used GE,hit,0,21.686508,0,21.686508,0,0
24802,used GE,hit,0,35.959258,0,35.959258,0,0
24802,used GE,hit,0,48.516726,0,48.516726,0,0
24802,used GE,hit,0,20.414934,0,20.414934,0,0
24802,used GE,hit,0,20.22673,0,20.22673,0,0
24802,used GE,hit,0,19.542527,0,19.542527,0,0
24802,used GE,hit,0,19.585718,0,19.585718,0,0
24802,used GE,hit,0,19.809413,0,19.809413,0,0
24802,used GE,hit,0,23.486815,0,23.486815,0,0
24802,used GE,hit,0,60.261239,0,60.261239,0,0
24802,used GE,hit,0,22.564191,0,22.564191,0,0
24802,used GE,hit,0,21.293805,0,21.293805,0,0
24802,used GE,hit,0,20.884175,0,20.884175,0,0
24802,used GE,hit,0,20.690697,0,20.690697,0,0
24802,used GE,hit,0,20.423361,0,20.423361,0,0
24802,used GE,hit,0,20.052396,0,20.052396,0,0
24802,used GE,hit,0,31.798978,0,31.798978,0,0
24802,used GE,hit,0,45.869603,0,45.869603,0,0
24802,used GE,hit,0,37.536303,0,37.536303,0,0
24802,used GE,hit,0,38.01624,0,38.01624,0,0
24802,used GE,hit,0,22.564466,0,22.564466,0,0
24802,used GE,hit,0,21.393297,0,21.393297,0,0
24802,used GE,hit,0,40.127059,0,40.127059,0,0
26171,57,miss,206.560026,19.547107,79.358674,0,305.465807,0
26171,57,soft-hit,203.564942,21.316824,75.58321,300.464976,0,0
26171,57,soft-hit,216.464406,55.27442,89.441846,361.18067199999996,0,0
26171,57,soft-hit,210.781148,17.97551,83.91257,312.669228,0,0
26171,57,soft-hit,207.04831,64.16218,82.492398,353.70288800000003,0,0
26171,57,soft-hit,223.202099,21.271848,95.717461,340.191408,0,0
26171,57,soft-hit,215.992602,17.615897,85.825265,319.433764,0,0
26171,57,soft-hit,215.080186,17.483632,86.770622,319.33444,0,0
26171,57,soft-hit,238.010355,30.414356,109.575569,378.00028,0,0
26171,57,soft-hit,260.758719,36.292084,134.080509,431.131312,0,0
26171,57,soft-hit,213.294803,18.409149,85.057147,316.761099,0,0
26171,57,soft-hit,226.813382,47.934554,97.444234,372.19217,0,0
26171,57,soft-hit,210.840634,17.557669,82.979783,311.378086,0,0
26171,57,soft-hit,216.892597,22.123491,89.324263,328.340351,0,0
26171,57,soft-hit,229.532572,25.750899,105.075289,360.35875999999996,0,0
26171,57,soft-hit,229.180877,51.867418,111.227553,392.275848,0,0
26171,57,soft-hit,216.753401,17.749082,87.984741,322.48722399999997,0,0
26171,57,soft-hit,216.995954,17.942787,89.85576,324.794501,0,0
26171,57,soft-hit,233.112655,17.961938,105.186935,356.261528,0,0
26171,57,soft-hit,219.33847,17.822813,91.81426,328.975543,0,0
26171,57,soft-hit,226.247655,36.238548,99.555032,362.04123500000003,0,0
26171,57,soft-hit,213.487975,17.640629,85.021609,316.150213,0,0
26171,57,soft-hit,219.05313,51.821969,78.599081,349.47418000000005,0,0
26171,57,soft-hit,189.072139,19.200817,86.920094,295.19304999999997,0,0
26171,57,soft-hit,218.901215,22.015054,90.291365,331.207634,0,0
26171,57,soft-hit,215.076731,17.661357,88.236913,320.975001,0,0
26171,57,soft-hit,226.170484,28.319625,103.038911,357.52901999999995,0,0
26171,57,soft-hit,227.77823,22.247353,100.702331,350.727914,0,0
26171,57,soft-hit,218.19697,17.751263,91.014284,326.962517,0,0
26171,57,soft-hit,225.817955,21.39567,99.647129,346.86075400000004,0,0
26171,57,soft-hit,292.64552,17.720802,165.119275,475.485597,0,0
26171,57,soft-hit,246.092542,26.081167,104.9972,377.17090900000005,0,0
26171,57,soft-hit,227.476572,17.68527,99.319171,344.481013,0,0
26171,57,soft-hit,237.143713,17.877933,109.218231,364.239877,0,0
26171,57,soft-hit,221.592263,42.992757,92.816879,357.401899,0,0
26171,57,soft-hit,228.929542,48.314731,100.649481,377.893754,0,0
26171,57,soft-hit,242.31687,29.862062,113.151155,385.330087,0,0
26171,57,soft-hit,222.596396,17.774901,95.761031,336.13232800000003,0,0
29514,74,miss,551.804707,25.124614,395.773342,0,972.702663,0
29514,74,soft-hit,562.584901,43.351745,407.554117,1013.490763,0,0
29514,74,soft-hit,575.633943,18.403752,415.484003,1009.521698,0,0
29514,74,soft-hit,559.143209,20.152706,403.809127,983.1050419999999,0,0
29514,74,soft-hit,582.335793,19.674016,426.637561,1028.64737,0,0
29514,74,soft-hit,567.167307,64.323305,412.260018,1043.75063,0,0
29514,74,soft-hit,553.329279,19.66898,396.255671,969.2539300000001,0,0
29514,74,soft-hit,555.252104,71.769944,399.654019,1026.676067,0,0
29514,74,soft-hit,562.35782,23.590234,404.589171,990.537225,0,0
29514,74,soft-hit,583.869152,20.158983,414.417183,1018.445318,0,0
29514,74,soft-hit,571.923635,20.063698,416.13646,1008.123793,0,0
29514,74,soft-hit,577.387544,59.904326,427.299571,1064.591441,0,0
29514,74,soft-hit,558.36075,33.054451,402.618402,994.0336030000001,0,0
29514,74,soft-hit,569.816249,19.900551,415.531133,1005.247933,0,0
29514,74,soft-hit,590.436895,63.786438,434.18417,1088.407503,0,0
29514,74,soft-hit,583.922672,68.06796,428.458092,1080.448724,0,0
29514,74,soft-hit,573.112494,18.791247,414.479095,1006.382836,0,0
29514,74,soft-hit,564.753984,20.45174,407.087359,992.2930829999999,0,0
29514,74,soft-hit,555.013235,18.805311,398.503444,972.32199,0,0
29514,74,soft-hit,539.823915,18.706206,385.858337,944.3884580000001,0,0
29514,74,soft-hit,546.13627,19.307346,397.013734,962.4573499999999,0,0
29514,74,soft-hit,542.033121,38.475637,386.290598,966.799356,0,0
29514,74,soft-hit,545.19544,35.504569,390.095735,970.795744,0,0
29514,74,soft-hit,563.551906,67.202137,401.150052,1031.904095,0,0
29514,74,soft-hit,559.450433,19.91776,402.770551,982.138744,0,0
29514,74,soft-hit,563.354155,19.81888,407.387021,990.560056,0,0
29514,74,soft-hit,559.796083,20.25442,403.668155,983.718658,0,0
29514,74,soft-hit,563.297698,19.396271,407.204801,989.89877,0,0
29514,74,soft-hit,555.438803,62.550341,401.244206,1019.23335,0,0
29514,74,soft-hit,591.081487,19.967755,435.290689,1046.339931,0,0
29514,74,soft-hit,585.308774,27.048449,416.873039,1029.230262,0,0
29514,74,soft-hit,566.091517,20.467646,411.970001,998.529164,0,0
29514,74,soft-hit,576.969328,36.374112,420.496056,1033.839496,0,0
29514,74,soft-hit,563.470321,21.235066,408.09478,992.8001670000001,0,0
29514,74,soft-hit,560.911357,48.686531,406.318529,1015.9164169999999,0,0
29514,74,soft-hit,558.529064,19.765091,404.106285,982.4004399999999,0,0
29514,74,soft-hit,568.673659,19.624304,413.029183,1001.3271460000001,0,0
29514,74,soft-hit,557.175445,32.717281,401.67442,991.567146,0,0
5654,60,miss,313.207537,16.557765,182.521147,0,512.286449,0
5654,60,soft-hit,281.833706,19.419408,150.640698,451.893812,0,0
5654,60,soft-hit,264.095587,45.494764,138.345202,447.935553,0,0
5654,60,soft-hit,265.765082,54.385147,136.4235,456.573729,0,0
5654,60,soft-hit,291.808224,16.782864,166.391946,474.983034,0,0
5654,60,soft-hit,273.46195,40.858107,142.664961,456.98501799999997,0,0
5654,60,soft-hit,278.311261,24.912576,148.065852,451.289689,0,0
5654,60,soft-hit,276.311168,16.772962,150.284187,443.36831700000005,0,0
5654,60,soft-hit,267.425939,67.466785,137.178446,472.07117000000005,0,0
5654,60,soft-hit,270.317689,52.928253,137.342021,460.58796299999995,0,0
5654,60,soft-hit,274.980154,16.999931,141.561733,433.54181800000003,0,0
5654,60,soft-hit,285.614135,16.703696,154.95466,457.27249099999995,0,0
5654,60,soft-hit,321.2075,17.520308,190.903073,529.630881,0,0
5654,60,soft-hit,283.267811,20.842386,153.59778,457.707977,0,0
5654,60,soft-hit,278.818663,17.058384,148.926969,444.80401600000005,0,0
5654,60,soft-hit,279.053529,16.427386,148.183551,443.664466,0,0
5654,60,soft-hit,273.139563,16.591758,142.238896,431.97021700000005,0,0
5654,60,soft-hit,282.976841,17.480258,139.266043,439.72314199999994,0,0
5654,60,soft-hit,276.630655,25.858409,145.162453,447.651517,0,0
5654,60,soft-hit,269.827502,30.08321,139.127168,439.03788,0,0
5654,60,soft-hit,269.533483,23.272741,138.593145,431.399369,0,0
5654,60,soft-hit,277.622188,40.768811,146.456211,464.84721,0,0
5654,60,soft-hit,268.096557,17.080693,138.004308,423.181558,0,0
5654,60,soft-hit,270.185572,16.391927,139.047754,425.625253,0,0
5654,60,soft-hit,268.664527,16.253867,138.125935,423.044329,0,0
5654,60,soft-hit,273.992368,54.563121,143.280635,471.836124,0,0
5654,60,soft-hit,293.116215,17.432571,155.270209,465.818995,0,0
5654,60,soft-hit,276.95896,29.484811,146.334818,452.778589,0,0
5654,60,soft-hit,277.003128,16.531786,145.875442,439.410356,0,0
5654,60,soft-hit,286.311129,24.558479,155.381435,466.251043,0,0
5654,61,soft-hit,303.255132,17.300264,170.781333,491.336729,0,0
5654,61,soft-hit,295.182135,17.671195,163.263194,476.116524,0,0
5654,61,soft-hit,290.908178,17.912311,158.925212,467.745701,0,0
5654,61,soft-hit,291.586626,50.491836,157.663845,499.74230700000004,0,0
5654,61,soft-hit,289.658688,32.425155,157.452569,479.536412,0,0
5654,61,soft-hit,298.367083,15.937403,162.935429,477.239915,0,0
5654,61,soft-hit,307.65952,16.264947,175.842994,499.767461,0,0
5654,61,soft-hit,296.876269,16.475404,165.102334,478.454007,0,0
30743,62,miss,336.35721,31.702557,199.353339,0,567.413106,0
30743,used GE,hit,0,18.861513,0,18.861513,0,0
30743,used GE,hit,0,25.440406,0,25.440406,0,0
30743,used GE,hit,0,21.030802,0,21.030802,0,0
30743,used GE,hit,0,20.856185,0,20.856185,0,0
30743,used GE,hit,0,43.411096,0,43.411096,0,0
30743,used GE,hit,0,20.726185,0,20.726185,0,0
30743,used GE,hit,0,33.530088,0,33.530088,0,0
30743,used GE,hit,0,20.881778,0,20.881778,0,0
30743,used GE,hit,0,21.713271,0,21.713271,0,0
30743,used GE,hit,0,61.537775,0,61.537775,0,0
30743,used GE,hit,0,32.563637,0,32.563637,0,0
30743,used GE,hit,0,22.29524,0,22.29524,0,0
30743,used GE,hit,0,22.319019,0,22.319019,0,0
30743,used GE,hit,0,21.595924,0,21.595924,0,0
30743,used GE,hit,0,25.720156,0,25.720156,0,0
30743,used GE,hit,0,21.583922,0,21.583922,0,0
30743,used GE,hit,0,20.841395,0,20.841395,0,0
30743,used GE,hit,0,46.959365,0,46.959365,0,0
30743,used GE,hit,0,59.984075,0,59.984075,0,0
30743,used GE,hit,0,22.313258,0,22.313258,0,0
30743,used GE,hit,0,50.908457,0,50.908457,0,0
30743,used GE,hit,0,27.408381,0,27.408381,0,0
30743,used GE,hit,0,21.13241,0,21.13241,0,0
30743,used GE,hit,0,69.753225,0,69.753225,0,0
30743,used GE,hit,0,22.98258,0,22.98258,0,0
30743,used GE,hit,0,46.405305,0,46.405305,0,0
30743,used GE,hit,0,17.154875,0,17.154875,0,0
30743,used GE,hit,0,29.083578,0,29.083578,0,0
30743,used GE,hit,0,41.365318,0,41.365318,0,0
30743,used GE,hit,0,15.685057,0,15.685057,0,0
30743,used GE,hit,0,14.054725,0,14.054725,0,0
30743,used GE,hit,0,14.735714,0,14.735714,0,0
30743,used GE,hit,0,41.621074,0,41.621074,0,0
30743,used GE,hit,0,46.55125,0,46.55125,0,0
30743,used GE,hit,0,35.341309,0,35.341309,0,0
30743,used GE,hit,0,14.952056,0,14.952056,0,0
30743,used GE,hit,0,71.08439,0,71.08439,0,0
18306,63,miss,342.3762,37.458519,203.794064,0,583.628783,0
18306,63,soft-hit,342.089144,18.5488,202.720555,563.3584989999999,0,0
18306,63,soft-hit,340.777198,17.885254,202.639536,561.3019879999999,0,0
18306,63,soft-hit,343.583379,36.81067,206.342513,586.736562,0,0
18306,63,soft-hit,351.46671,18.641976,211.406165,581.5148509999999,0,0
18306,63,soft-hit,383.40198,39.76459,256.620993,679.787563,0,0
18306,63,soft-hit,374.998161,18.607357,230.31268,623.918198,0,0
18306,63,soft-hit,361.055327,17.594517,223.599981,602.249825,0,0
18306,63,soft-hit,366.964083,18.511486,229.267148,614.742717,0,0
18306,63,soft-hit,346.273926,17.86616,211.361912,575.501998,0,0
18306,63,soft-hit,348.662237,48.811011,211.486418,608.959666,0,0
18306,63,soft-hit,338.551133,53.263715,200.818313,592.633161,0,0
18306,63,soft-hit,338.465779,60.030747,200.038538,598.5350639999999,0,0
18306,63,soft-hit,355.607101,22.456334,217.894441,595.9578759999999,0,0
18306,63,soft-hit,365.97997,16.237216,218.585386,600.8025719999999,0,0
18306,63,soft-hit,358.670289,60.369451,213.82842,632.86816,0,0
18306,63,soft-hit,401.413668,18.320983,262.707478,682.442129,0,0
18306,63,soft-hit,348.463394,58.451634,211.494315,618.409343,0,0
18306,63,soft-hit,357.442195,18.711932,219.206941,595.361068,0,0
18306,63,soft-hit,356.986421,18.443402,219.369597,594.79942,0,0
18306,63,soft-hit,372.137534,24.343828,234.672152,631.1535140000001,0,0
18306,63,soft-hit,365.957324,59.911963,228.158276,654.0275630000001,0,0
18306,63,soft-hit,547.768843,18.311689,410.837529,976.918061,0,0
18306,63,soft-hit,360.462519,17.891471,213.560655,591.914645,0,0
18306,63,soft-hit,392.00514,26.251449,253.922508,672.179097,0,0
18306,63,soft-hit,364.732791,19.245042,227.96695,611.944783,0,0
18306,63,soft-hit,354.844784,43.962871,216.466627,615.274282,0,0
18306,63,soft-hit,352.162004,52.342811,214.4166,618.921415,0,0
18306,63,soft-hit,353.499931,41.234793,216.183996,610.91872,0,0
18306,63,soft-hit,349.417323,19.171402,217.008087,585.596812,0,0
18306,63,soft-hit,339.324153,18.170647,202.361198,559.855998,0,0
18306,63,soft-hit,347.106967,31.276218,209.842598,588.225783,0,0
18306,63,soft-hit,343.128427,18.334803,203.102983,564.566213,0,0
18306,63,soft-hit,350.025564,18.16284,211.634342,579.8227459999999,0,0
18306,63,soft-hit,371.827596,18.25686,232.954855,623.039311,0,0
18306,63,soft-hit,374.352969,45.930511,236.539263,656.822743,0,0
18306,63,soft-hit,351.512265,55.492033,214.078189,621.082487,0,0
18306,63,soft-hit,353.681274,18.122716,214.927799,586.7317889999999,0,0
20239,57,miss,238.912384,17.559657,111.052879,0,367.52492,0
20239,used GE,hit,0,18.097425,0,18.097425,0,0
20239,used GE,hit,0,24.405331,0,24.405331,0,0
20239,used GE,hit,0,17.562396,0,17.562396,0,0
20239,used GE,hit,0,50.217351,0,50.217351,0,0
20239,used GE,hit,0,28.693685,0,28.693685,0,0
20239,used GE,hit,0,22.609061,0,22.609061,0,0
20239,used GE,hit,0,49.777215,0,49.777215,0,0
20239,used GE,hit,0,36.867563,0,36.867563,0,0
20239,used GE,hit,0,17.416651,0,17.416651,0,0
20239,used GE,hit,0,46.936779,0,46.936779,0,0
20239,used GE,hit,0,19.97746,0,19.97746,0,0
20239,used GE,hit,0,18.949203,0,18.949203,0,0
20239,used GE,hit,0,18.99652,0,18.99652,0,0
20239,used GE,hit,0,39.355393,0,39.355393,0,0
20239,used GE,hit,0,20.106313,0,20.106313,0,0
20239,used GE,hit,0,24.939269,0,24.939269,0,0
20239,used GE,hit,0,20.497021,0,20.497021,0,0
20239,used GE,hit,0,61.552257,0,61.552257,0,0
20239,used GE,hit,0,21.622212,0,21.622212,0,0
20239,used GE,hit,0,20.827047,0,20.827047,0,0
20239,used GE,hit,0,21.132723,0,21.132723,0,0
20239,used GE,hit,0,20.067865,0,20.067865,0,0
20239,used GE,hit,0,44.36786,0,44.36786,0,0
20239,used GE,hit,0,21.576149,0,21.576149,0,0
20239,used GE,hit,0,19.341972,0,19.341972,0,0
20239,used GE,hit,0,21.151573,0,21.151573,0,0
20239,used GE,hit,0,23.192005,0,23.192005,0,0
20239,used GE,hit,0,37.591092,0,37.591092,0,0
20239,used GE,hit,0,21.072866,0,21.072866,0,0
20239,used GE,hit,0,19.809594,0,19.809594,0,0
20239,used GE,hit,0,19.744859,0,19.744859,0,0
20239,used GE,hit,0,19.021058,0,19.021058,0,0
20239,used GE,hit,0,52.828362,0,52.828362,0,0
20239,used GE,hit,0,20.968337,0,20.968337,0,0
20239,used GE,hit,0,57.749359,0,57.749359,0,0
20239,used GE,hit,0,44.046051,0,44.046051,0,0
20239,used GE,hit,0,22.558906,0,22.558906,0,0
25113,84,miss,766.700513,20.962648,595.478801,0,1383.141962,0
25113,used GE,hit,0,21.046201,0,21.046201,0,0
25113,used GE,hit,0,21.709592,0,21.709592,0,0
25113,used GE,hit,0,23.673606,0,23.673606,0,0
25113,used GE,hit,0,24.334644,0,24.334644,0,0
25113,used GE,hit,0,65.226614,0,65.226614,0,0
25113,used GE,hit,0,62.673578,0,62.673578,0,0
25113,used GE,hit,0,48.392382,0,48.392382,0,0
25113,used GE,hit,0,65.805064,0,65.805064,0,0
25113,used GE,hit,0,17.685827,0,17.685827,0,0
25113,used GE,hit,0,17.509728,0,17.509728,0,0
25113,used GE,hit,0,17.284169,0,17.284169,0,0
25113,used GE,hit,0,37.160691,0,37.160691,0,0
25113,used GE,hit,0,18.377544,0,18.377544,0,0
25113,used GE,hit,0,28.560195,0,28.560195,0,0
25113,used GE,hit,0,69.85166,0,69.85166,0,0
25113,used GE,hit,0,23.088766,0,23.088766,0,0
25113,used GE,hit,0,17.78525,0,17.78525,0,0
25113,used GE,hit,0,29.666897,0,29.666897,0,0
25113,used GE,hit,0,62.331257,0,62.331257,0,0
25113,used GE,hit,0,28.108649,0,28.108649,0,0
25113,used GE,hit,0,18.275667,0,18.275667,0,0
25113,used GE,hit,0,50.365857,0,50.365857,0,0
25113,used GE,hit,0,18.788505,0,18.788505,0,0
25113,used GE,hit,0,22.6078,0,22.6078,0,0
25113,used GE,hit,0,20.172742,0,20.172742,0,0
25113,used GE,hit,0,18.689371,0,18.689371,0,0
25113,used GE,hit,0,29.766483,0,29.766483,0,0
25113,used GE,hit,0,26.907548,0,26.907548,0,0
25113,used GE,hit,0,26.325719,0,26.325719,0,0
25113,used GE,hit,0,25.622231,0,25.622231,0,0
25113,used GE,hit,0,70.974517,0,70.974517,0,0
25113,used GE,hit,0,55.953431,0,55.953431,0,0
25113,used GE,hit,0,29.05561,0,29.05561,0,0
25113,used GE,hit,0,71.320485,0,71.320485,0,0
25113,used GE,hit,0,27.749725,0,27.749725,0,0
25113,used GE,hit,0,27.284838,0,27.284838,0,0
25113,used GE,hit,0,25.906213,0,25.906213,0,0
25223,64,miss,381.603323,17.106581,242.384576,0,641.09448,0
25223,used GE,hit,0,15.48434,0,15.48434,0,0
25223,used GE,hit,0,28.495394,0,28.495394,0,0
25223,used GE,hit,0,26.311111,0,26.311111,0,0
25223,used GE,hit,0,18.177736,0,18.177736,0,0
25223,used GE,hit,0,49.434704,0,49.434704,0,0
25223,used GE,hit,0,19.622142,0,19.622142,0,0
25223,used GE,hit,0,27.347482,0,27.347482,0,0
25223,used GE,hit,0,19.602827,0,19.602827,0,0
25223,used GE,hit,0,32.482229,0,32.482229,0,0
25223,used GE,hit,0,18.910568,0,18.910568,0,0
25223,used GE,hit,0,58.314894,0,58.314894,0,0
25223,used GE,hit,0,59.080074,0,59.080074,0,0
25223,used GE,hit,0,24.657416,0,24.657416,0,0
25223,used GE,hit,0,24.278693,0,24.278693,0,0
25223,used GE,hit,0,55.371151,0,55.371151,0,0
25223,used GE,hit,0,45.189446,0,45.189446,0,0
25223,used GE,hit,0,21.06986,0,21.06986,0,0
25223,used GE,hit,0,19.871624,0,19.871624,0,0
25223,used GE,hit,0,19.699029,0,19.699029,0,0
25223,used GE,hit,0,20.01505,0,20.01505,0,0
25223,used GE,hit,0,19.652652,0,19.652652,0,0
25223,used GE,hit,0,20.172105,0,20.172105,0,0
25223,used GE,hit,0,60.010693,0,60.010693,0,0
25223,used GE,hit,0,20.194637,0,20.194637,0,0
25223,used GE,hit,0,19.89188,0,19.89188,0,0
25223,used GE,hit,0,19.232881,0,19.232881,0,0
25223,used GE,hit,0,19.29722,0,19.29722,0,0
25223,used GE,hit,0,57.723412,0,57.723412,0,0
25223,used GE,hit,0,20.271791,0,20.271791,0,0
25223,used GE,hit,0,32.576303,0,32.576303,0,0
25223,used GE,hit,0,45.096368,0,45.096368,0,0
25223,used GE,hit,0,20.549842,0,20.549842,0,0
25223,used GE,hit,0,36.730667,0,36.730667,0,0
25223,used GE,hit,0,20.02256,0,20.02256,0,0
25223,used GE,hit,0,20.311555,0,20.311555,0,0
25223,used GE,hit,0,56.816621,0,56.816621,0,0
25223,used GE,hit,0,21.939291,0,21.939291,0,0
26475,63,miss,356.702622,18.280432,218.625891,0,593.608945,0
26475,63,soft-hit,355.154611,49.776121,217.995349,622.9260810000001,0,0
26475,63,soft-hit,382.95629,26.92408,245.214297,655.0946670000001,0,0
26475,63,soft-hit,402.385436,16.897541,255.813212,675.0961890000001,0,0
26475,63,soft-hit,389.92631,21.2151,253.152927,664.294337,0,0
26475,63,soft-hit,374.494033,18.306851,236.502687,629.303571,0,0
26475,63,soft-hit,369.023699,20.274138,231.452728,620.750565,0,0
26475,63,soft-hit,358.943871,27.500299,221.684677,608.128847,0,0
26475,63,soft-hit,359.797161,18.555219,222.541462,600.893842,0,0
26475,63,soft-hit,384.793327,18.608181,246.306852,649.70836,0,0
26475,63,soft-hit,370.491702,20.280231,233.508917,624.28085,0,0
26475,63,soft-hit,358.870765,20.298644,221.317668,600.487077,0,0
26475,63,soft-hit,390.870414,36.273358,239.529774,666.673546,0,0
26475,63,soft-hit,384.970447,40.423197,247.230256,672.6239,0,0
26475,63,soft-hit,380.865137,50.902293,244.048524,675.8159539999999,0,0
26475,63,soft-hit,367.059698,18.48983,229.900627,615.450155,0,0
26475,63,soft-hit,385.134014,60.378899,247.974701,693.487614,0,0
26475,63,soft-hit,382.492694,58.018921,244.926972,685.438587,0,0
26475,63,soft-hit,369.048537,18.351172,231.861502,619.261211,0,0
26475,63,soft-hit,385.933714,20.362004,247.726249,654.021967,0,0
26475,63,soft-hit,386.770775,18.311102,249.032446,654.114323,0,0
26475,63,soft-hit,386.891124,18.800561,237.053627,642.745312,0,0
26475,63,soft-hit,363.783883,18.766781,225.113286,607.66395,0,0
26475,63,soft-hit,360.376197,40.047461,222.852743,623.2764010000001,0,0
26475,63,soft-hit,359.697766,18.807666,222.533186,601.038618,0,0
26475,63,soft-hit,383.160346,18.76536,245.83118,647.756886,0,0
26475,63,soft-hit,371.665676,19.07775,234.113833,624.857259,0,0
26475,63,soft-hit,381.92176,22.863728,244.729308,649.5147959999999,0,0
26475,63,soft-hit,399.051796,19.718969,262.352116,681.122881,0,0
26475,63,soft-hit,391.242819,18.812516,253.573599,663.6289340000001,0,0
26475,63,soft-hit,400.94066,45.021311,250.764376,696.726347,0,0
26475,63,soft-hit,371.033296,18.348599,234.083225,623.4651200000001,0,0
26475,63,soft-hit,370.173809,18.184072,232.48974,620.847621,0,0
26475,63,soft-hit,369.906123,18.307081,232.483346,620.69655,0,0
26475,63,soft-hit,375.775052,18.262136,238.723479,632.760667,0,0
26475,63,soft-hit,373.497736,26.61755,235.840958,635.956244,0,0
26475,63,soft-hit,379.699103,18.520628,241.953926,640.173657,0,0
26475,63,soft-hit,379.502473,67.406495,243.609042,690.51801,0,0
28490,69,miss,494.073192,32.768271,345.399645,0,872.2411079999999,0
28490,used GE,hit,0,32.615704,0,32.615704,0,0
28490,used GE,hit,0,35.684101,0,35.684101,0,0
28490,used GE,hit,0,47.51381,0,47.51381,0,0
28490,used GE,hit,0,17.172841,0,17.172841,0,0
28490,used GE,hit,0,30.953782,0,30.953782,0,0
28490,used GE,hit,0,54.117763,0,54.117763,0,0
28490,used GE,hit,0,16.703818,0,16.703818,0,0
28490,used GE,hit,0,37.361072,0,37.361072,0,0
28490,used GE,hit,0,17.066043,0,17.066043,0,0
28490,used GE,hit,0,16.906069,0,16.906069,0,0
28490,used GE,hit,0,62.434641,0,62.434641,0,0
28490,used GE,hit,0,30.965319,0,30.965319,0,0
28490,used GE,hit,0,16.738993,0,16.738993,0,0
28490,used GE,hit,0,16.49836,0,16.49836,0,0
28490,used GE,hit,0,16.466641,0,16.466641,0,0
28490,used GE,hit,0,20.571177,0,20.571177,0,0
28490,used GE,hit,0,22.669964,0,22.669964,0,0
28490,used GE,hit,0,63.810305,0,63.810305,0,0
28490,used GE,hit,0,27.973132,0,27.973132,0,0
28490,used GE,hit,0,19.24445,0,19.24445,0,0
28490,used GE,hit,0,17.879944,0,17.879944,0,0
28490,used GE,hit,0,70.277504,0,70.277504,0,0
28490,used GE,hit,0,56.381729,0,56.381729,0,0
28490,70,soft-hit,525.243002,50.119097,372.927624,948.2897230000001,0,0
28490,used GE,hit,0,22.265191,0,22.265191,0,0
28490,used GE,hit,0,21.109902,0,21.109902,0,0
28490,used GE,hit,0,23.311548,0,23.311548,0,0
28490,used GE,hit,0,92.884074,0,92.884074,0,0
28490,71,soft-hit,543.99225,34.042597,390.668137,968.702984,0,0
28490,used GE,hit,0,63.404388,0,63.404388,0,0
28490,used GE,hit,0,30.192253,0,30.192253,0,0
28490,used GE,hit,0,57.769719,0,57.769719,0,0
28490,used GE,hit,0,49.954912,0,49.954912,0,0
28490,used GE,hit,0,24.898513,0,24.898513,0,0
28490,used GE,hit,0,83.208682,0,83.208682,0,0
28490,used GE,hit,0,29.31433,0,29.31433,0,0
28490,used GE,hit,0,51.066597,0,51.066597,0,0
30707,51,miss,139.710152,15.896286,21.134351,0,176.740789,0
30707,used GE,hit,0,18.807536,0,18.807536,0,0
30707,used GE,hit,0,62.225359,0,62.225359,0,0
30707,used GE,hit,0,18.345691,0,18.345691,0,0
30707,used GE,hit,0,46.119738,0,46.119738,0,0
30707,used GE,hit,0,33.826297,0,33.826297,0,0
30707,used GE,hit,0,18.671574,0,18.671574,0,0
30707,used GE,hit,0,29.081561,0,29.081561,0,0
30707,used GE,hit,0,18.624299,0,18.624299,0,0
30707,used GE,hit,0,30.368888,0,30.368888,0,0
30707,used GE,hit,0,18.373018,0,18.373018,0,0
30707,used GE,hit,0,18.021188,0,18.021188,0,0
30707,used GE,hit,0,17.340859,0,17.340859,0,0
30707,used GE,hit,0,28.770807,0,28.770807,0,0
30707,used GE,hit,0,49.192269,0,49.192269,0,0
30707,used GE,hit,0,18.750962,0,18.750962,0,0
30707,used GE,hit,0,18.488864,0,18.488864,0,0
30707,used GE,hit,0,21.954607,0,21.954607,0,0
30707,used GE,hit,0,17.350692,0,17.350692,0,0
30707,used GE,hit,0,18.059044,0,18.059044,0,0
30707,used GE,hit,0,48.007487,0,48.007487,0,0
30707,used GE,hit,0,34.463593,0,34.463593,0,0
30707,used GE,hit,0,47.311377,0,47.311377,0,0
30707,used GE,hit,0,73.016542,0,73.016542,0,0
30707,used GE,hit,0,31.696128,0,31.696128,0,0
30707,used GE,hit,0,35.060009,0,35.060009,0,0
30707,used GE,hit,0,32.68564,0,32.68564,0,0
30707,used GE,hit,0,29.895538,0,29.895538,0,0
30707,used GE,hit,0,18.539032,0,18.539032,0,0
30707,used GE,hit,0,17.538891,0,17.538891,0,0
30707,used GE,hit,0,33.830929,0,33.830929,0,0
30707,used GE,hit,0,33.907936,0,33.907936,0,0
30707,used GE,hit,0,20.42323,0,20.42323,0,0
30707,used GE,hit,0,19.024596,0,19.024596,0,0
30707,used GE,hit,0,28.798442,0,28.798442,0,0
30707,used GE,hit,0,74.073472,0,74.073472,0,0
30707,used GE,hit,0,19.403661,0,19.403661,0,0
30707,used GE,hit,0,38.046605,0,38.046605,0,0
453,58,miss,300.724674,16.804076,167.632296,0,485.161046,0
453,used GE,hit,0,14.261839,0,14.261839,0,0
453,used GE,hit,0,49.89042,0,49.89042,0,0
453,used GE,hit,0,48.093015,0,48.093015,0,0
453,used GE,hit,0,30.386964,0,30.386964,0,0
453,used GE,hit,0,14.165498,0,14.165498,0,0
453,used GE,hit,0,20.154168,0,20.154168,0,0
453,used GE,hit,0,13.706019,0,13.706019,0,0
453,used GE,hit,0,34.499793,0,34.499793,0,0
453,used GE,hit,0,14.478698,0,14.478698,0,0
453,used GE,hit,0,13.89636,0,13.89636,0,0
453,used GE,hit,0,13.776575,0,13.776575,0,0
453,used GE,hit,0,13.61299,0,13.61299,0,0
453,used GE,hit,0,14.932124,0,14.932124,0,0
453,used GE,hit,0,34.98021,0,34.98021,0,0
453,used GE,hit,0,14.423709,0,14.423709,0,0
453,used GE,hit,0,13.765257,0,13.765257,0,0
453,used GE,hit,0,55.346447,0,55.346447,0,0
453,used GE,hit,0,15.051826,0,15.051826,0,0
453,used GE,hit,0,14.33014,0,14.33014,0,0
453,used GE,hit,0,72.750278,0,72.750278,0,0
453,used GE,hit,0,14.340749,0,14.340749,0,0
453,used GE,hit,0,14.660575,0,14.660575,0,0
453,used GE,hit,0,16.439663,0,16.439663,0,0
453,used GE,hit,0,41.973377,0,41.973377,0,0
453,used GE,hit,0,85.536015,0,85.536015,0,0
453,used GE,hit,0,22.038404,0,22.038404,0,0
453,used GE,hit,0,61.925298,0,61.925298,0,0
453,used GE,hit,0,21.057049,0,21.057049,0,0
453,used GE,hit,0,20.237297,0,20.237297,0,0
453,used GE,hit,0,47.907994,0,47.907994,0,0
453,used GE,hit,0,65.594213,0,65.594213,0,0
453,used GE,hit,0,22.047709,0,22.047709,0,0
453,used GE,hit,0,21.468124,0,21.468124,0,0
453,used GE,hit,0,21.057691,0,21.057691,0,0
453,used GE,hit,0,57.601812,0,57.601812,0,0
453,used GE,hit,0,21.899809,0,21.899809,0,0
453,used GE,hit,0,20.294047,0,20.294047,0,0
33418,53,miss,192.252931,15.510481,72.075739,0,279.839151,0
33418,53,soft-hit,191.189101,15.75796,58.745638,265.692699,0,0
33418,53,soft-hit,179.653746,50.611956,60.077731,290.343433,0,0
33418,53,soft-hit,187.889078,15.566472,69.639996,273.095546,0,0
33418,53,soft-hit,189.747984,15.41164,69.116031,274.27565500000003,0,0
33418,53,soft-hit,176.256895,48.839962,58.032776,283.129633,0,0
33418,53,soft-hit,251.838537,53.803374,94.296064,399.937975,0,0
33418,53,soft-hit,175.724121,15.157461,57.762143,248.64372500000002,0,0
33418,53,soft-hit,170.660357,29.925792,51.684546,252.270695,0,0
33418,53,soft-hit,172.317713,15.491397,52.693177,240.502287,0,0
33418,53,soft-hit,169.293365,34.652444,50.802276,254.748085,0,0
33418,53,soft-hit,176.713303,19.97861,58.359483,255.051396,0,0
33418,53,soft-hit,173.782076,12.879516,50.210209,236.871801,0,0
33418,53,soft-hit,163.949961,15.846133,50.708291,230.504385,0,0
33418,53,soft-hit,169.877567,15.178006,50.334187,235.38976,0,0
33418,53,soft-hit,200.198739,30.636533,81.858056,312.693328,0,0
33418,53,soft-hit,177.808512,13.987047,61.32909,253.124649,0,0
33418,53,soft-hit,195.120427,15.971386,77.038067,288.12988,0,0
33418,53,soft-hit,188.419122,16.65649,69.881146,274.956758,0,0
33418,53,soft-hit,188.345305,16.753759,69.965327,275.064391,0,0
33418,53,soft-hit,171.154946,16.517588,52.533612,240.206146,0,0
33418,53,soft-hit,172.457775,15.492374,53.946125,241.896274,0,0
33418,53,soft-hit,170.52383,15.236055,51.616181,237.376066,0,0
33418,53,soft-hit,180.327797,15.240811,51.378188,246.946796,0,0
33418,53,soft-hit,174.451605,15.640568,56.811256,246.90342900000002,0,0
33418,53,soft-hit,172.641967,36.167259,53.995961,262.805187,0,0
33418,53,soft-hit,180.687743,40.12975,62.000493,282.817986,0,0
33418,53,soft-hit,179.301754,32.32344,59.806627,271.431821,0,0
33418,53,soft-hit,170.136028,32.021485,52.03549,254.193003,0,0
33418,53,soft-hit,171.794506,55.781719,53.001899,280.578124,0,0
33418,53,soft-hit,180.828647,25.946261,61.561371,268.336279,0,0
33418,53,soft-hit,181.434212,63.464622,62.58017,307.47900400000003,0,0
33418,53,soft-hit,185.940031,15.361769,66.732988,268.034788,0,0
33418,53,soft-hit,180.128723,58.85399,61.62454,300.607253,0,0
33418,53,soft-hit,184.031748,31.938441,63.834571,279.80476,0,0
33418,53,soft-hit,196.091959,25.407865,75.940551,297.440375,0,0
33418,53,soft-hit,176.11286,16.944214,57.392682,250.449756,0,0
33418,53,soft-hit,177.405645,46.714903,58.626142,282.74669,0,0
4494,67,miss,474.381883,18.59892,329.638821,0,822.619624,0
4494,used GE,hit,0,56.004236,0,56.004236,0,0
4494,used GE,hit,0,21.969589,0,21.969589,0,0
4494,used GE,hit,0,22.41318,0,22.41318,0,0
4494,used GE,hit,0,63.579964,0,63.579964,0,0
4494,used GE,hit,0,52.772318,0,52.772318,0,0
4494,used GE,hit,0,23.624458,0,23.624458,0,0
4494,used GE,hit,0,22.588057,0,22.588057,0,0
4494,used GE,hit,0,21.756378,0,21.756378,0,0
4494,used GE,hit,0,30.48307,0,30.48307,0,0
4494,used GE,hit,0,26.320978,0,26.320978,0,0
4494,used GE,hit,0,59.944114,0,59.944114,0,0
4494,used GE,hit,0,22.598552,0,22.598552,0,0
4494,used GE,hit,0,79.618947,0,79.618947,0,0
4494,used GE,hit,0,79.94768,0,79.94768,0,0
4494,used GE,hit,0,23.161458,0,23.161458,0,0
4494,used GE,hit,0,59.72146,0,59.72146,0,0
4494,used GE,hit,0,54.502118,0,54.502118,0,0
4494,used GE,hit,0,24.2174,0,24.2174,0,0
4494,used GE,hit,0,22.300187,0,22.300187,0,0
4494,used GE,hit,0,21.002564,0,21.002564,0,0
4494,used GE,hit,0,34.898771,0,34.898771,0,0
4494,used GE,hit,0,40.977458,0,40.977458,0,0
4494,used GE,hit,0,22.559942,0,22.559942,0,0
4494,used GE,hit,0,68.359449,0,68.359449,0,0
4494,used GE,hit,0,23.422407,0,23.422407,0,0
4494,used GE,hit,0,22.607168,0,22.607168,0,0
4494,used GE,hit,0,21.872431,0,21.872431,0,0
4494,used GE,hit,0,58.825658,0,58.825658,0,0
4494,used GE,hit,0,21.613821,0,21.613821,0,0
4494,used GE,hit,0,22.004929,0,22.004929,0,0
4494,used GE,hit,0,39.718347,0,39.718347,0,0
4494,used GE,hit,0,21.420247,0,21.420247,0,0
4494,used GE,hit,0,23.148346,0,23.148346,0,0
4494,used GE,hit,0,58.867845,0,58.867845,0,0
4494,used GE,hit,0,22.314602,0,22.314602,0,0
4494,used GE,hit,0,20.831489,0,20.831489,0,0
4494,used GE,hit,0,59.921705,0,59.921705,0,0
34039,63,miss,391.450343,18.305799,254.390736,0,664.146878,0
34039,used GE,hit,0,17.186289,0,17.186289,0,0
34039,used GE,hit,0,47.823965,0,47.823965,0,0
34039,used GE,hit,0,20.686826,0,20.686826,0,0
34039,used GE,hit,0,20.902538,0,20.902538,0,0
34039,used GE,hit,0,25.509782,0,25.509782,0,0
34039,used GE,hit,0,21.491237,0,21.491237,0,0
34039,used GE,hit,0,20.807917,0,20.807917,0,0
34039,used GE,hit,0,20.658187,0,20.658187,0,0
34039,used GE,hit,0,21.363128,0,21.363128,0,0
34039,used GE,hit,0,51.182375,0,51.182375,0,0
34039,used GE,hit,0,57.108838,0,57.108838,0,0
34039,used GE,hit,0,23.747354,0,23.747354,0,0
34039,used GE,hit,0,21.953389,0,21.953389,0,0
34039,used GE,hit,0,21.746537,0,21.746537,0,0
34039,used GE,hit,0,34.967715,0,34.967715,0,0
34039,used GE,hit,0,21.232789,0,21.232789,0,0
34039,used GE,hit,0,19.995227,0,19.995227,0,0
34039,used GE,hit,0,38.409285,0,38.409285,0,0
34039,used GE,hit,0,23.333649,0,23.333649,0,0
34039,used GE,hit,0,26.661918,0,26.661918,0,0
34039,used GE,hit,0,21.90708,0,21.90708,0,0
34039,used GE,hit,0,48.661282,0,48.661282,0,0
34039,used GE,hit,0,31.420913,0,31.420913,0,0
34039,used GE,hit,0,42.240212,0,42.240212,0,0
34039,used GE,hit,0,14.303579,0,14.303579,0,0
34039,used GE,hit,0,14.787836,0,14.787836,0,0
34039,used GE,hit,0,28.796623,0,28.796623,0,0
34039,used GE,hit,0,35.365135,0,35.365135,0,0
34039,used GE,hit,0,14.624516,0,14.624516,0,0
34039,used GE,hit,0,39.618121,0,39.618121,0,0
34039,used GE,hit,0,14.34777,0,14.34777,0,0
34039,used GE,hit,0,48.197923,0,48.197923,0,0
34039,used GE,hit,0,14.163174,0,14.163174,0,0
34039,used GE,hit,0,14.775123,0,14.775123,0,0
34039,used GE,hit,0,14.045689,0,14.045689,0,0
34039,used GE,hit,0,14.667761,0,14.667761,0,0
34039,used GE,hit,0,14.25011,0,14.25011,0,0
6367,69,miss,506.133686,18.570999,360.7962,0,885.500885,0
6367,used GE,hit,0,31.382251,0,31.382251,0,0
6367,used GE,hit,0,52.791078,0,52.791078,0,0
6367,used GE,hit,0,38.510149,0,38.510149,0,0
6367,used GE,hit,0,24.378809,0,24.378809,0,0
6367,used GE,hit,0,22.674383,0,22.674383,0,0
6367,used GE,hit,0,22.835148,0,22.835148,0,0
6367,used GE,hit,0,21.535705,0,21.535705,0,0
6367,used GE,hit,0,51.517851,0,51.517851,0,0
6367,used GE,hit,0,39.725203,0,39.725203,0,0
6367,used GE,hit,0,23.182669,0,23.182669,0,0
6367,used GE,hit,0,23.080485,0,23.080485,0,0
6367,used GE,hit,0,39.622386,0,39.622386,0,0
6367,used GE,hit,0,50.106979,0,50.106979,0,0
6367,used GE,hit,0,24.66295,0,24.66295,0,0
6367,used GE,hit,0,60.904762,0,60.904762,0,0
6367,used GE,hit,0,35.054837,0,35.054837,0,0
6367,used GE,hit,0,30.919666,0,30.919666,0,0
6367,used GE,hit,0,22.86256,0,22.86256,0,0
6367,used GE,hit,0,20.811095,0,20.811095,0,0
6367,used GE,hit,0,41.486071,0,41.486071,0,0
6367,used GE,hit,0,36.774931,0,36.774931,0,0
6367,used GE,hit,0,56.157225,0,56.157225,0,0
6367,used GE,hit,0,57.591024,0,57.591024,0,0
6367,used GE,hit,0,22.423242,0,22.423242,0,0
6367,used GE,hit,0,42.080889,0,42.080889,0,0
6367,used GE,hit,0,35.293465,0,35.293465,0,0
6367,used GE,hit,0,40.813741,0,40.813741,0,0
6367,used GE,hit,0,20.376399,0,20.376399,0,0
6367,used GE,hit,0,26.573019,0,26.573019,0,0
6367,used GE,hit,0,51.429596,0,51.429596,0,0
6367,used GE,hit,0,60.495757,0,60.495757,0,0
6367,used GE,hit,0,30.255443,0,30.255443,0,0
6367,used GE,hit,0,73.40135,0,73.40135,0,0
6367,used GE,hit,0,23.872353,0,23.872353,0,0
6367,used GE,hit,0,22.072593,0,22.072593,0,0
6367,used GE,hit,0,21.900271,0,21.900271,0,0
6367,used GE,hit,0,47.542543,0,47.542543,0,0
7069,82,miss,807.549979,20.128244,638.497701,0,1466.1759240000001,0
7069,used GE,hit,0,31.035261,0,31.035261,0,0
7069,used GE,hit,0,41.95107,0,41.95107,0,0
7069,used GE,hit,0,25.731962,0,25.731962,0,0
7069,used GE,hit,0,24.637735,0,24.637735,0,0
7069,used GE,hit,0,24.22818,0,24.22818,0,0
7069,used GE,hit,0,23.376092,0,23.376092,0,0
7069,used GE,hit,0,31.79919,0,31.79919,0,0
7069,used GE,hit,0,74.735551,0,74.735551,0,0
7069,used GE,hit,0,55.494277,0,55.494277,0,0
7069,used GE,hit,0,68.747763,0,68.747763,0,0
7069,used GE,hit,0,59.024199,0,59.024199,0,0
7069,used GE,hit,0,79.908276,0,79.908276,0,0
7069,83,soft-hit,807.578214,20.283227,637.295574,1465.157015,0,0
7069,used GE,hit,0,19.338646,0,19.338646,0,0
7069,used GE,hit,0,19.908187,0,19.908187,0,0
7069,used GE,hit,0,44.323429,0,44.323429,0,0
7069,used GE,hit,0,24.591479,0,24.591479,0,0
7069,used GE,hit,0,24.214437,0,24.214437,0,0
7069,used GE,hit,0,29.586539,0,29.586539,0,0
7069,used GE,hit,0,30.013603,0,30.013603,0,0
7069,used GE,hit,0,23.714338,0,23.714338,0,0
7069,used GE,hit,0,48.243036,0,48.243036,0,0
7069,used GE,hit,0,17.789337,0,17.789337,0,0
7069,used GE,hit,0,63.043449,0,63.043449,0,0
7069,used GE,hit,0,17.402775,0,17.402775,0,0
7069,used GE,hit,0,16.577118,0,16.577118,0,0
7069,used GE,hit,0,27.697317,0,27.697317,0,0
7069,used GE,hit,0,22.713125,0,22.713125,0,0
7069,used GE,hit,0,18.314072,0,18.314072,0,0
7069,used GE,hit,0,17.441262,0,17.441262,0,0
7069,used GE,hit,0,17.029321,0,17.029321,0,0
7069,used GE,hit,0,16.851397,0,16.851397,0,0
7069,used GE,hit,0,61.694475,0,61.694475,0,0
7069,used GE,hit,0,18.026504,0,18.026504,0,0
7069,used GE,hit,0,17.241719,0,17.241719,0,0
7069,used GE,hit,0,17.031798,0,17.031798,0,0
7069,used GE,hit,0,42.594176,0,42.594176,0,0
9746,72,miss,585.36716,20.973326,432.099329,0,1038.439815,0
9746,72,soft-hit,581.268659,58.145,429.565388,1068.9790469999998,0,0
9746,72,soft-hit,578.90295,23.878963,426.318538,1029.100451,0,0
9746,72,soft-hit,595.43752,21.653349,443.573829,1060.664698,0,0
9746,72,soft-hit,601.465565,73.229999,450.079366,1124.77493,0,0
9746,72,soft-hit,598.311118,18.782543,434.713145,1051.806806,0,0
9746,72,soft-hit,593.094737,20.384245,439.799154,1053.278136,0,0
9746,72,soft-hit,596.959993,42.507501,444.574748,1084.042242,0,0
9746,72,soft-hit,588.492966,19.164042,438.166709,1045.823717,0,0
9746,72,soft-hit,594.209107,68.696718,443.159292,1106.065117,0,0
9746,72,soft-hit,585.975487,18.971324,433.520923,1038.467734,0,0
9746,72,soft-hit,585.471392,49.874687,432.582744,1067.928823,0,0
9746,72,soft-hit,595.032347,19.114969,443.723286,1057.870602,0,0
9746,72,soft-hit,585.367212,17.844052,428.853113,1032.064377,0,0
9746,72,soft-hit,583.345394,61.207342,428.46961,1073.022346,0,0
9746,72,soft-hit,588.386997,30.050496,433.340006,1051.777499,0,0
9746,72,soft-hit,601.984134,62.110574,453.360499,1117.455207,0,0
9746,72,soft-hit,600.937158,38.260749,449.366199,1088.5641059999998,0,0
9746,72,soft-hit,657.031841,28.887879,503.353857,1189.273577,0,0
9746,72,soft-hit,609.223709,19.165294,456.511637,1084.90064,0,0
9746,72,soft-hit,588.951215,28.629094,437.009553,1054.589862,0,0
9746,72,soft-hit,592.854759,18.487167,433.793142,1045.135068,0,0
9746,72,soft-hit,585.639422,19.081784,433.80045,1038.521656,0,0
9746,72,soft-hit,655.564284,53.588244,503.957733,1213.110261,0,0
9746,72,soft-hit,618.264261,30.169725,466.420634,1114.85462,0,0
9746,72,soft-hit,593.944331,19.799415,441.311603,1055.055349,0,0
9746,72,soft-hit,591.88785,18.829447,440.329891,1051.047188,0,0
9746,72,soft-hit,592.147504,19.538323,440.365002,1052.050829,0,0
9746,72,soft-hit,590.919734,33.492673,437.784519,1062.196926,0,0
9746,72,soft-hit,587.851387,22.400761,434.908575,1045.160723,0,0
9746,72,soft-hit,593.170261,20.207421,436.942876,1050.320558,0,0
9746,72,soft-hit,595.380619,21.211786,442.323679,1058.916084,0,0
9746,72,soft-hit,592.176077,42.172771,440.101525,1074.450373,0,0
9746,72,soft-hit,597.991121,18.769161,444.251861,1061.012143,0,0
9746,72,soft-hit,615.617874,18.69317,460.008884,1094.3199280000001,0,0
9746,72,soft-hit,613.729871,21.431418,460.614426,1095.775715,0,0
9746,72,soft-hit,594.801544,19.249828,439.758574,1053.809946,0,0
9746,72,soft-hit,604.694985,19.954915,442.791981,1067.441881,0,0
9823,75,miss,659.92641,18.687574,504.8131,0,1183.427084,0
9823,75,soft-hit,677.85558,18.862566,523.560868,1220.2790140000002,0,0
9823,75,soft-hit,655.151608,32.972797,498.554453,1186.678858,0,0
9823,75,soft-hit,651.535873,29.784202,495.599582,1176.919657,0,0
9823,75,soft-hit,651.687174,49.589335,496.29658,1197.573089,0,0
9823,75,soft-hit,650.289722,55.276529,495.104204,1200.670455,0,0
9823,75,soft-hit,656.257983,16.831196,494.092379,1167.181558,0,0
9823,75,soft-hit,665.451167,23.601933,505.257917,1194.311017,0,0
9823,75,soft-hit,670.093905,17.898796,515.555483,1203.5481839999998,0,0
9823,75,soft-hit,662.865418,29.714684,507.397852,1199.977954,0,0
9823,75,soft-hit,652.334196,18.624346,497.728083,1168.686625,0,0
9823,75,soft-hit,663.599687,39.344733,509.351273,1212.295693,0,0
9823,77,soft-hit,699.111359,39.59673,541.693245,1280.4013340000001,0,0
9823,used GE,hit,0,44.847595,0,44.847595,0,0
9823,used GE,hit,0,57.839312,0,57.839312,0,0
9823,used GE,hit,0,23.14934,0,23.14934,0,0
9823,used GE,hit,0,22.525452,0,22.525452,0,0
9823,77,soft-hit,728.350064,19.012512,557.189196,1304.551772,0,0
9823,77,soft-hit,702.172037,20.012088,544.397559,1266.581684,0,0
9823,77,soft-hit,692.406047,18.866012,535.024923,1246.2969819999998,0,0
9823,77,soft-hit,693.793162,23.73382,536.104849,1253.6318310000001,0,0
9823,77,soft-hit,702.383336,21.772626,548.570967,1272.726929,0,0
9823,77,soft-hit,693.942525,20.463318,535.926619,1250.3324619999999,0,0
9823,77,soft-hit,698.221903,19.279516,539.777709,1257.2791280000001,0,0
9823,77,soft-hit,717.622336,18.467925,557.957894,1294.048155,0,0
9823,77,soft-hit,697.202225,23.726446,534.516995,1255.445666,0,0
9823,77,soft-hit,708.011819,19.090106,545.670992,1272.7729169999998,0,0
9823,77,soft-hit,690.171545,67.078841,530.939226,1288.1896120000001,0,0
9823,77,soft-hit,691.926706,18.663423,532.719667,1243.309796,0,0
9823,77,soft-hit,693.969341,18.333174,534.04436,1246.346875,0,0
9823,77,soft-hit,694.43891,18.558278,535.187128,1248.1843159999999,0,0
9823,77,soft-hit,731.915959,62.980104,573.265575,1368.161638,0,0
9823,77,soft-hit,723.053738,45.217454,552.683061,1320.9542529999999,0,0
9823,77,soft-hit,698.260676,44.653355,540.04664,1282.960671,0,0
9823,77,soft-hit,694.969287,18.810276,536.884783,1250.664346,0,0
9823,77,soft-hit,699.233089,22.999599,540.250684,1262.483372,0,0
9823,77,soft-hit,695.654973,18.574311,537.264002,1251.493286,0,0
9823,77,soft-hit,712.734478,18.752553,554.779494,1286.266525,0,0
13944,65,miss,480.822084,68.811246,340.163465,0,889.796795,0
13944,65,soft-hit,464.714629,51.106999,325.709342,841.53097,0,0
13944,65,soft-hit,462.999672,30.342057,315.534943,808.876672,0,0
13944,65,soft-hit,456.435438,19.060087,316.151996,791.647521,0,0
13944,65,soft-hit,464.06835,18.122134,322.956101,805.146585,0,0
13944,65,soft-hit,464.669943,17.129542,324.605189,806.404674,0,0
13944,65,soft-hit,469.141264,19.368091,328.388344,816.897699,0,0
13944,65,soft-hit,470.404611,18.436265,329.240488,818.081364,0,0
13944,65,soft-hit,461.572177,20.473074,319.237311,801.282562,0,0
13944,65,soft-hit,461.969948,39.416453,321.600254,822.9866549999999,0,0
13944,65,soft-hit,470.90634,18.701259,330.70026,820.307859,0,0
13944,65,soft-hit,458.488106,18.062777,307.923023,784.4739059999999,0,0
13944,65,soft-hit,446.118509,48.682482,305.990393,800.791384,0,0
13944,65,soft-hit,444.66689,18.157279,305.286306,768.1104750000001,0,0
13944,66,soft-hit,486.685396,18.882873,344.12131,849.6895790000001,0,0
13944,66,soft-hit,483.562236,47.291577,341.339458,872.193271,0,0
13944,66,soft-hit,480.064197,19.230967,337.834181,837.1293450000001,0,0
13944,66,soft-hit,478.024867,59.449152,336.726805,874.200824,0,0
13944,66,soft-hit,482.880589,33.066645,340.822422,856.7696559999999,0,0
13944,66,soft-hit,509.101785,40.692236,366.675161,916.469182,0,0
13944,66,soft-hit,497.351139,17.428015,347.004186,861.78334,0,0
13944,66,soft-hit,493.92768,22.202741,350.531692,866.6621130000001,0,0
13944,66,soft-hit,499.691176,37.027653,356.517436,893.236265,0,0
13944,66,soft-hit,489.760635,18.6165,347.466648,855.843783,0,0
13944,66,soft-hit,484.423524,51.788371,341.200357,877.412252,0,0
13944,66,soft-hit,481.681536,18.808517,339.366911,839.8569640000001,0,0
13944,66,soft-hit,481.658319,58.002736,338.947315,878.60837,0,0
13944,66,soft-hit,490.177,46.260476,348.193258,884.6307340000001,0,0
13944,66,soft-hit,482.362928,49.312591,339.362894,871.038413,0,0
13944,66,soft-hit,486.295757,18.523012,338.605366,843.424135,0,0
13944,66,soft-hit,471.092158,18.556177,328.457972,818.106307,0,0
13944,66,soft-hit,479.07704,43.472865,336.795364,859.345269,0,0
13944,66,soft-hit,474.846189,18.692897,333.690298,827.229384,0,0
13944,66,soft-hit,503.075718,19.981008,361.033714,884.09044,0,0
13944,66,soft-hit,496.68954,24.615634,355.469896,876.77507,0,0
13944,66,soft-hit,505.767142,55.158885,364.71301,925.6390369999999,0,0
13944,66,soft-hit,481.461381,40.25504,338.905465,860.621886,0,0
13944,66,soft-hit,480.822591,18.390809,339.330056,838.543456,0,0
14629,84,miss,859.139744,20.284548,685.89533,0,1565.319622,0
14629,84,soft-hit,838.083959,21.292747,672.213337,1531.5900430000002,0,0
14629,84,soft-hit,844.190549,22.419139,672.722968,1539.332656,0,0
14629,84,soft-hit,846.562294,20.593881,676.552355,1543.7085299999999,0,0
14629,84,soft-hit,863.733666,21.726798,693.045488,1578.505952,0,0
14629,84,soft-hit,864.858657,21.132704,692.967275,1578.9586359999998,0,0
14629,85,soft-hit,912.241927,69.857123,740.461049,1722.560099,0,0
14629,used GE,hit,0,56.034375,0,56.034375,0,0
14629,used GE,hit,0,42.859843,0,42.859843,0,0
14629,used GE,hit,0,21.101009,0,21.101009,0,0
14629,used GE,hit,0,22.252946,0,22.252946,0,0
14629,85,soft-hit,868.369445,40.702906,696.283878,1605.356229,0,0
14629,85,soft-hit,880.246432,31.388259,708.015291,1619.649982,0,0
14629,85,soft-hit,872.609284,20.967893,701.233201,1594.8103780000001,0,0
14629,85,soft-hit,872.912567,62.898869,700.481759,1636.293195,0,0
14629,85,soft-hit,864.210051,95.990613,693.085005,1653.285669,0,0
14629,85,soft-hit,906.416718,22.508713,734.24519,1663.170621,0,0
14629,85,soft-hit,899.950145,90.574528,715.594385,1706.119058,0,0
14629,85,soft-hit,913.791191,21.276705,733.787197,1668.8550930000001,0,0
14629,85,soft-hit,899.752423,20.996852,727.760563,1648.509838,0,0
14629,85,soft-hit,880.110209,21.302911,707.590793,1609.003913,0,0
14629,85,soft-hit,865.788955,21.155906,694.094293,1581.039154,0,0
14629,85,soft-hit,885.217544,21.051618,713.069128,1619.33829,0,0
14629,85,soft-hit,951.696043,22.617217,779.922345,1754.2356049999999,0,0
14629,85,soft-hit,920.315887,20.893046,735.258543,1676.467476,0,0
14629,85,soft-hit,865.934915,29.22336,693.945427,1589.1037019999999,0,0
14629,85,soft-hit,866.528629,36.206344,694.251562,1596.986535,0,0
14629,85,soft-hit,866.739864,28.718189,695.004671,1590.462724,0,0
14629,85,soft-hit,886.61586,22.702614,714.403675,1623.7221490000002,0,0
14629,85,soft-hit,868.557698,36.218711,695.689991,1600.4663999999998,0,0
14629,85,soft-hit,867.651388,21.062716,695.891442,1584.605546,0,0
14629,85,soft-hit,865.22485,19.387839,695.349207,1579.9618959999998,0,0
14629,85,soft-hit,868.997972,22.041978,695.894887,1586.934837,0,0
14629,85,soft-hit,877.009674,21.058902,703.883073,1601.951649,0,0
14629,85,soft-hit,867.876959,21.200703,696.285779,1585.363441,0,0
14629,85,soft-hit,868.124587,61.678785,695.563899,1625.367271,0,0
14629,85,soft-hit,882.185025,21.32875,710.495725,1614.0095000000001,0,0
14629,85,soft-hit,890.603286,20.919287,718.280899,1629.803472,0,0
17463,67,miss,543.211882,60.227694,363.605752,0,967.0453279999999,0
17463,used GE,hit,0,27.44243,0,27.44243,0,0
17463,used GE,hit,0,53.49149,0,53.49149,0,0
17463,used GE,hit,0,36.447981,0,36.447981,0,0
17463,used GE,hit,0,35.631515,0,35.631515,0,0
17463,used GE,hit,0,22.049184,0,22.049184,0,0
17463,used GE,hit,0,35.269038,0,35.269038,0,0
17463,used GE,hit,0,22.163438,0,22.163438,0,0
17463,used GE,hit,0,67.212279,0,67.212279,0,0
17463,used GE,hit,0,32.746993,0,32.746993,0,0
17463,used GE,hit,0,22.847667,0,22.847667,0,0
17463,used GE,hit,0,37.647212,0,37.647212,0,0
17463,used GE,hit,0,71.437609,0,71.437609,0,0
17463,used GE,hit,0,41.484368,0,41.484368,0,0
17463,used GE,hit,0,22.877172,0,22.877172,0,0
17463,used GE,hit,0,48.270407,0,48.270407,0,0
17463,used GE,hit,0,21.956065,0,21.956065,0,0
17463,used GE,hit,0,48.315093,0,48.315093,0,0
17463,used GE,hit,0,22.685249,0,22.685249,0,0
17463,used GE,hit,0,31.716713,0,31.716713,0,0
17463,used GE,hit,0,22.514313,0,22.514313,0,0
17463,used GE,hit,0,61.194717,0,61.194717,0,0
17463,used GE,hit,0,48.405414,0,48.405414,0,0
17463,used GE,hit,0,45.168578,0,45.168578,0,0
17463,used GE,hit,0,49.417851,0,49.417851,0,0
17463,used GE,hit,0,28.11118,0,28.11118,0,0
17463,used GE,hit,0,22.496039,0,22.496039,0,0
17463,used GE,hit,0,21.405179,0,21.405179,0,0
17463,used GE,hit,0,21.383231,0,21.383231,0,0
17463,used GE,hit,0,25.813993,0,25.813993,0,0
17463,used GE,hit,0,31.128744,0,31.128744,0,0
17463,used GE,hit,0,22.559845,0,22.559845,0,0
17463,used GE,hit,0,34.097191,0,34.097191,0,0
17463,used GE,hit,0,36.703112,0,36.703112,0,0
17463,used GE,hit,0,22.047854,0,22.047854,0,0
17463,used GE,hit,0,22.276505,0,22.276505,0,0
17463,used GE,hit,0,39.297729,0,39.297729,0,0
17463,used GE,hit,0,22.643535,0,22.643535,0,0
4331,36,miss,875.92908,14.014969,784.644854,0,1674.5889029999998,0
4331,used GE,hit,0,15.898717,0,15.898717,0,0
4331,used GE,hit,0,27.799485,0,27.799485,0,0
4331,used GE,hit,0,25.178592,0,25.178592,0,0
4331,used GE,hit,0,10.149529,0,10.149529,0,0
4331,used GE,hit,0,9.952715,0,9.952715,0,0
4331,used GE,hit,0,9.106824,0,9.106824,0,0
4331,used GE,hit,0,9.089223,0,9.089223,0,0
4331,used GE,hit,0,12.486296,0,12.486296,0,0
4331,used GE,hit,0,9.036119,0,9.036119,0,0
4331,used GE,hit,0,50.938499,0,50.938499,0,0
4331,used GE,hit,0,9.835387,0,9.835387,0,0
4331,used GE,hit,0,19.987262,0,19.987262,0,0
4331,used GE,hit,0,9.386383,0,9.386383,0,0
4331,used GE,hit,0,9.116076,0,9.116076,0,0
4331,used GE,hit,0,10.091239,0,10.091239,0,0
4331,used GE,hit,0,15.010636,0,15.010636,0,0
4331,used GE,hit,0,18.364697,0,18.364697,0,0
4331,used GE,hit,0,38.567183,0,38.567183,0,0
4331,used GE,hit,0,9.825526,0,9.825526,0,0
4331,used GE,hit,0,9.966739,0,9.966739,0,0
4331,used GE,hit,0,18.231296,0,18.231296,0,0
4331,used GE,hit,0,9.339324,0,9.339324,0,0
4331,used GE,hit,0,9.088781,0,9.088781,0,0
4331,used GE,hit,0,23.71778,0,23.71778,0,0
4331,used GE,hit,0,16.781636,0,16.781636,0,0
4331,used GE,hit,0,12.067964,0,12.067964,0,0
4331,used GE,hit,0,9.143984,0,9.143984,0,0
4331,used GE,hit,0,9.081693,0,9.081693,0,0
4331,used GE,hit,0,21.71063,0,21.71063,0,0
4331,used GE,hit,0,11.616105,0,11.616105,0,0
4331,used GE,hit,0,10.704712,0,10.704712,0,0
4331,used GE,hit,0,50.195758,0,50.195758,0,0
4331,used GE,hit,0,10.515931,0,10.515931,0,0
4331,used GE,hit,0,9.722112,0,9.722112,0,0
4331,used GE,hit,0,10.06971,0,10.06971,0,0
4331,used GE,hit,0,10.001567,0,10.001567,0,0
4331,used GE,hit,0,10.473884,0,10.473884,0,0
29540,47,miss,82.976073,15.11684,973.638346,0,1071.731259,0
29540,used GE,hit,0,52.70926,0,52.70926,0,0
29540,used GE,hit,0,15.814652,0,15.814652,0,0
29540,used GE,hit,0,15.535884,0,15.535884,0,0
29540,used GE,hit,0,26.715005,0,26.715005,0,0
29540,used GE,hit,0,19.356042,0,19.356042,0,0
29540,used GE,hit,0,30.786024,0,30.786024,0,0
29540,used GE,hit,0,15.306792,0,15.306792,0,0
29540,used GE,hit,0,14.825466,0,14.825466,0,0
29540,used GE,hit,0,14.468407,0,14.468407,0,0
29540,used GE,hit,0,14.43019,0,14.43019,0,0
29540,used GE,hit,0,14.623306,0,14.623306,0,0
29540,used GE,hit,0,14.889572,0,14.889572,0,0
29540,used GE,hit,0,16.471444,0,16.471444,0,0
29540,used GE,hit,0,21.864328,0,21.864328,0,0
29540,used GE,hit,0,16.128131,0,16.128131,0,0
29540,used GE,hit,0,16.263756,0,16.263756,0,0
29540,used GE,hit,0,16.175465,0,16.175465,0,0
29540,used GE,hit,0,30.761987,0,30.761987,0,0
29540,used GE,hit,0,16.321296,0,16.321296,0,0
29540,used GE,hit,0,15.196088,0,15.196088,0,0
29540,used GE,hit,0,14.52211,0,14.52211,0,0
29540,used GE,hit,0,16.323092,0,16.323092,0,0
29540,used GE,hit,0,15.33639,0,15.33639,0,0
29540,used GE,hit,0,14.603128,0,14.603128,0,0
29540,used GE,hit,0,61.051545,0,61.051545,0,0
29540,used GE,hit,0,74.464276,0,74.464276,0,0
29540,used GE,hit,0,46.752762,0,46.752762,0,0
29540,used GE,hit,0,41.169473,0,41.169473,0,0
29540,used GE,hit,0,40.790113,0,40.790113,0,0
29540,used GE,hit,0,46.336236,0,46.336236,0,0
29540,used GE,hit,0,17.207528,0,17.207528,0,0
29540,used GE,hit,0,16.451769,0,16.451769,0,0
29540,used GE,hit,0,31.346473,0,31.346473,0,0
29540,used GE,hit,0,17.146002,0,17.146002,0,0
29540,used GE,hit,0,18.181685,0,18.181685,0,0
29540,used GE,hit,0,16.232086,0,16.232086,0,0
29540,used GE,hit,0,16.375425,0,16.375425,0,0
5352,47,miss,95.330042,15.388174,985.483834,0,1096.20205,0
5352,used GE,hit,0,13.577534,0,13.577534,0,0
5352,used GE,hit,0,12.972708,0,12.972708,0,0
5352,used GE,hit,0,36.7819,0,36.7819,0,0
5352,used GE,hit,0,15.763788,0,15.763788,0,0
5352,used GE,hit,0,16.769186,0,16.769186,0,0
5352,used GE,hit,0,15.46894,0,15.46894,0,0
5352,used GE,hit,0,15.167894,0,15.167894,0,0
5352,used GE,hit,0,15.854814,0,15.854814,0,0
5352,used GE,hit,0,15.335073,0,15.335073,0,0
5352,used GE,hit,0,15.488619,0,15.488619,0,0
5352,used GE,hit,0,15.0883,0,15.0883,0,0
5352,used GE,hit,0,39.091128,0,39.091128,0,0
5352,used GE,hit,0,32.812094,0,32.812094,0,0
5352,used GE,hit,0,12.952574,0,12.952574,0,0
5352,used GE,hit,0,11.378073,0,11.378073,0,0
5352,used GE,hit,0,25.288675,0,25.288675,0,0
5352,used GE,hit,0,26.282511,0,26.282511,0,0
5352,used GE,hit,0,11.272694,0,11.272694,0,0
5352,used GE,hit,0,14.388396,0,14.388396,0,0
5352,used GE,hit,0,11.211108,0,11.211108,0,0
5352,used GE,hit,0,30.430012,0,30.430012,0,0
5352,used GE,hit,0,10.739191,0,10.739191,0,0
5352,used GE,hit,0,40.346354,0,40.346354,0,0
5352,used GE,hit,0,10.802294,0,10.802294,0,0
5352,used GE,hit,0,10.388555,0,10.388555,0,0
5352,used GE,hit,0,10.188266,0,10.188266,0,0
5352,used GE,hit,0,51.494802,0,51.494802,0,0
5352,used GE,hit,0,30.230472,0,30.230472,0,0
5352,used GE,hit,0,11.391103,0,11.391103,0,0
5352,used GE,hit,0,27.19652,0,27.19652,0,0
5352,used GE,hit,0,17.311173,0,17.311173,0,0
5352,used GE,hit,0,10.603335,0,10.603335,0,0
5352,used GE,hit,0,10.567238,0,10.567238,0,0
5352,used GE,hit,0,11.093199,0,11.093199,0,0
5352,used GE,hit,0,10.135316,0,10.135316,0,0
5352,used GE,hit,0,10.216869,0,10.216869,0,0
29987,53,miss,234.34467,25.003804,115.111109,0,374.459583,0
29987,53,miss,217.686848,16.361866,97.747179,0,331.795893,0
29987,53,miss,229.869376,16.835858,110.413492,0,357.118726,0
29987,53,miss,238.949264,32.212242,119.242352,0,390.403858,0
29987,53,miss,223.826149,17.015553,109.513934,0,350.355636,0
29987,53,miss,246.375206,18.61594,111.176501,0,376.167647,0
29987,53,miss,229.686835,18.892954,109.184388,0,357.764177,0
29987,53,miss,235.901958,36.94701,115.838971,0,388.68793900000003,0
29987,53,miss,218.873102,16.585785,99.677424,0,335.136311,0
29987,53,miss,219.369413,30.95605,98.393784,0,348.719247,0
29987,53,miss,218.212545,16.449114,98.663518,0,333.325177,0
29987,53,miss,219.939375,16.910508,100.112051,0,336.96193400000004,0
29987,53,miss,220.259558,16.689459,100.107819,0,337.056836,0
29987,53,miss,219.221839,48.617204,99.967227,0,367.80627,0
29987,53,miss,219.881466,16.616195,100.688747,0,337.18640800000003,0
29987,53,miss,220.123758,16.717587,100.170487,0,337.011832,0
29987,53,miss,220.89599,30.87939,101.303347,0,353.078727,0
29987,53,miss,222.98151,17.498167,103.144716,0,343.624393,0
29987,53,miss,221.987859,16.852887,101.100982,0,339.941728,0
29987,53,miss,244.27295,16.732233,123.894169,0,384.899352,0
29987,53,miss,221.388018,22.635675,100.92437,0,344.948063,0
29987,53,miss,220.384099,33.053814,100.840236,0,354.278149,0
29987,53,miss,230.668187,57.977056,111.582976,0,400.22821899999997,0
29987,53,miss,241.712133,33.104585,121.805805,0,396.622523,0
29987,53,miss,238.545813,48.872812,119.267451,0,406.686076,0
29987,53,miss,239.108271,24.496216,119.104203,0,382.70869,0
29987,53,miss,249.024017,16.687179,129.543208,0,395.254404,0
29987,53,miss,251.19108,30.348545,130.594048,0,412.133673,0
29987,53,miss,241.989886,16.856681,123.80137,0,382.647937,0
29987,53,miss,230.956186,16.732049,111.879444,0,359.567679,0
29987,53,miss,238.419765,16.958563,118.318175,0,373.696503,0
29987,53,miss,236.702291,52.595244,117.285588,0,406.583123,0
29987,53,miss,232.208014,16.240106,112.47713,0,360.92525,0
29987,53,miss,229.501391,39.14145,110.65212,0,379.294961,0
29987,53,miss,230.337161,16.989762,111.390663,0,358.717586,0
29987,53,miss,234.592707,16.750095,115.051373,0,366.394175,0
29987,53,miss,232.534799,20.475775,113.255787,0,366.26636099999996,0
5394,38,miss,903.519567,32.279523,811.67024,0,1747.4693300000001,0
5394,38,soft-hit,903.758817,24.319047,812.347677,1740.425541,0,0
5394,38,soft-hit,917.014616,34.726295,816.001069,1767.7419800000002,0,0
5394,38,soft-hit,915.359838,12.658497,821.726624,1749.744959,0,0
5394,38,soft-hit,906.865566,13.457503,815.026486,1735.3495549999998,0,0
5394,38,soft-hit,911.730916,15.243313,820.077582,1747.051811,0,0
5394,38,soft-hit,902.095737,12.803984,811.187671,1726.087392,0,0
5394,38,soft-hit,912.173973,20.890904,820.710038,1753.774915,0,0
5394,38,soft-hit,44.957332,25.108573,952.083401,1022.1493059999999,0,0
5394,38,soft-hit,903.050367,15.432464,812.022485,1730.505316,0,0
5394,38,soft-hit,909.397635,11.989599,818.052951,1739.440185,0,0
5394,38,soft-hit,912.964733,12.608292,821.286265,1746.8592899999999,0,0
5394,38,soft-hit,902.988618,12.272356,812.522062,1727.7830359999998,0,0
5394,38,soft-hit,900.665881,12.177647,809.283228,1722.1267560000001,0,0
5394,38,soft-hit,905.878375,17.726088,815.38913,1738.9935930000001,0,0
5394,38,soft-hit,919.442631,12.191147,827.6009,1759.234678,0,0
5394,38,soft-hit,910.582675,24.825986,812.514054,1747.9227150000002,0,0
5394,38,soft-hit,903.567825,21.326755,812.380777,1737.275357,0,0
5394,38,soft-hit,909.683736,12.281283,819.090689,1741.0557079999999,0,0
5394,38,soft-hit,904.610034,12.295117,814.399525,1731.3046760000002,0,0
5394,38,soft-hit,901.818805,12.442834,810.94499,1725.2066289999998,0,0
5394,38,soft-hit,906.874829,12.315101,816.275385,1735.465315,0,0
5394,38,soft-hit,910.66538,23.122772,819.94569,1753.733842,0,0
5394,38,soft-hit,904.0624,23.761311,813.422277,1741.2459880000001,0,0
5394,38,soft-hit,900.347876,16.323501,809.648453,1726.31983,0,0
5394,38,soft-hit,910.481218,12.305825,819.730979,1742.5180220000002,0,0
5394,38,soft-hit,903.904734,34.030167,813.502152,1751.437053,0,0
5394,38,soft-hit,903.258155,12.400618,812.420286,1728.0790590000001,0,0
5394,38,soft-hit,904.493578,13.05672,813.716738,1731.267036,0,0
5394,38,soft-hit,913.498822,15.372337,823.858358,1752.729517,0,0
5394,38,soft-hit,911.706916,10.99471,813.28327,1735.984896,0,0
5394,38,soft-hit,907.034644,12.998702,814.896353,1734.9296989999998,0,0
5394,38,soft-hit,904.632802,15.376539,811.47948,1731.488821,0,0
5394,38,soft-hit,914.217746,12.651643,822.620024,1749.489413,0,0
5394,38,soft-hit,915.857345,39.793376,824.681522,1780.3322429999998,0,0
5394,38,soft-hit,957.723202,13.277997,866.106742,1837.1079410000002,0,0
5394,38,soft-hit,910.722651,28.510405,815.359063,1754.592119,0,0
33728,62,miss,416.675967,17.661152,281.861007,0,716.198126,0
33728,62,soft-hit,417.829399,18.624056,283.643445,720.0969,0,0
33728,62,soft-hit,423.801539,18.737998,287.976341,730.5158779999999,0,0
33728,62,soft-hit,436.466114,17.86296,301.107139,755.436213,0,0
33728,62,soft-hit,421.837159,66.736127,287.826275,776.399561,0,0
33728,62,soft-hit,422.176611,30.715864,287.371711,740.264186,0,0
33728,62,soft-hit,432.040169,45.793994,296.479605,774.313768,0,0
33728,62,soft-hit,360.46277,36.954267,281.331307,678.748344,0,0
33728,62,soft-hit,406.127736,15.612415,303.76834,725.508491,0,0
33728,62,soft-hit,373.482289,90.687421,293.236954,757.4066640000001,0,0
33728,62,soft-hit,428.854101,49.333687,346.801661,824.989449,0,0
33728,62,soft-hit,409.594621,35.615785,302.152012,747.362418,0,0
33728,62,soft-hit,425.245612,16.747726,300.31656,742.309898,0,0
33728,62,soft-hit,421.58483,68.253413,287.36814,777.206383,0,0
33728,62,soft-hit,440.811742,48.189858,295.349144,784.3507440000001,0,0
33728,62,soft-hit,446.466644,52.980204,306.212223,805.659071,0,0
33728,62,soft-hit,383.048018,16.063083,301.530504,700.641605,0,0
33728,62,soft-hit,429.101976,17.712397,294.931994,741.746367,0,0
33728,62,soft-hit,369.218707,15.650316,286.839523,671.708546,0,0
33728,62,soft-hit,383.03919,15.111602,281.989204,680.139996,0,0
33728,62,soft-hit,365.270583,19.713273,281.507596,666.491452,0,0
33728,62,soft-hit,418.041563,16.755342,283.725871,718.522776,0,0
33728,62,soft-hit,430.019681,30.27616,295.761994,756.0578350000001,0,0
33728,62,soft-hit,434.610394,24.047714,289.668339,748.3264469999999,0,0
33728,62,soft-hit,382.304102,40.36036,284.404953,707.0694149999999,0,0
33728,62,soft-hit,412.084211,16.443733,287.861922,716.389866,0,0
33728,62,soft-hit,363.421634,18.936943,283.468743,665.82732,0,0
33728,62,soft-hit,419.345871,54.684284,284.729924,758.7600789999999,0,0
33728,62,soft-hit,427.195123,39.801821,293.117314,760.1142580000001,0,0
33728,62,soft-hit,453.133226,17.299297,323.995348,794.427871,0,0
33728,62,soft-hit,419.398553,51.628551,285.425627,756.4527310000001,0,0
33728,62,soft-hit,419.796588,17.416858,284.860781,722.074227,0,0
33728,62,soft-hit,418.211707,66.083218,284.543854,768.8387789999999,0,0
33728,62,soft-hit,440.819187,16.314043,299.119578,756.252808,0,0
33728,62,soft-hit,443.906072,17.869161,309.771496,771.546729,0,0
33728,62,soft-hit,422.106081,54.896373,287.992611,764.9950650000001,0,0
33728,62,soft-hit,430.24023,21.186652,296.519073,747.9459549999999,0,0
5704,58,miss,340.92498,33.921242,212.22652,0,587.0727420000001,0
5704,used GE,hit,0,19.152315,0,19.152315,0,0
5704,used GE,hit,0,19.581552,0,19.581552,0,0
5704,used GE,hit,0,26.335735,0,26.335735,0,0
5704,used GE,hit,0,19.039383,0,19.039383,0,0
5704,used GE,hit,0,55.845673,0,55.845673,0,0
5704,used GE,hit,0,65.761885,0,65.761885,0,0
5704,used GE,hit,0,28.204197,0,28.204197,0,0
5704,used GE,hit,0,50.153782,0,50.153782,0,0
5704,used GE,hit,0,73.195179,0,73.195179,0,0
5704,used GE,hit,0,54.133876,0,54.133876,0,0
5704,used GE,hit,0,34.31227,0,34.31227,0,0
5704,used GE,hit,0,44.659942,0,44.659942,0,0
5704,used GE,hit,0,21.403916,0,21.403916,0,0
5704,used GE,hit,0,21.020499,0,21.020499,0,0
5704,used GE,hit,0,19.936768,0,19.936768,0,0
5704,used GE,hit,0,68.479685,0,68.479685,0,0
5704,used GE,hit,0,23.360477,0,23.360477,0,0
5704,used GE,hit,0,21.430613,0,21.430613,0,0
5704,used GE,hit,0,54.639859,0,54.639859,0,0
5704,used GE,hit,0,21.152507,0,21.152507,0,0
5704,used GE,hit,0,56.242241,0,56.242241,0,0
5704,used GE,hit,0,33.785857,0,33.785857,0,0
5704,used GE,hit,0,21.386698,0,21.386698,0,0
5704,used GE,hit,0,37.515725,0,37.515725,0,0
5704,used GE,hit,0,17.880163,0,17.880163,0,0
5704,used GE,hit,0,18.626016,0,18.626016,0,0
5704,used GE,hit,0,54.358598,0,54.358598,0,0
5704,used GE,hit,0,50.894272,0,50.894272,0,0
5704,used GE,hit,0,22.71556,0,22.71556,0,0
5704,used GE,hit,0,19.841281,0,19.841281,0,0
5704,used GE,hit,0,37.204117,0,37.204117,0,0
5704,used GE,hit,0,36.159288,0,36.159288,0,0
5704,used GE,hit,0,37.419912,0,37.419912,0,0
5704,used GE,hit,0,48.448556,0,48.448556,0,0
5704,used GE,hit,0,40.623493,0,40.623493,0,0
5704,used GE,hit,0,20.9069,0,20.9069,0,0
34084,38,miss,916.017041,21.689584,823.765479,0,1761.472104,0
34084,used GE,hit,0,13.04239,0,13.04239,0,0
34084,used GE,hit,0,12.426595,0,12.426595,0,0
34084,used GE,hit,0,29.820883,0,29.820883,0,0
34084,used GE,hit,0,14.029163,0,14.029163,0,0
34084,used GE,hit,0,16.40435,0,16.40435,0,0
34084,used GE,hit,0,13.522234,0,13.522234,0,0
34084,used GE,hit,0,13.951523,0,13.951523,0,0
34084,used GE,hit,0,13.545651,0,13.545651,0,0
34084,used GE,hit,0,36.311889,0,36.311889,0,0
34084,used GE,hit,0,29.151611,0,29.151611,0,0
34084,used GE,hit,0,14.385196,0,14.385196,0,0
34084,used GE,hit,0,13.595641,0,13.595641,0,0
34084,used GE,hit,0,12.926407,0,12.926407,0,0
34084,used GE,hit,0,13.498173,0,13.498173,0,0
34084,used GE,hit,0,13.283771,0,13.283771,0,0
34084,used GE,hit,0,29.152905,0,29.152905,0,0
34084,used GE,hit,0,37.067384,0,37.067384,0,0
34084,used GE,hit,0,14.987859,0,14.987859,0,0
34084,used GE,hit,0,14.248906,0,14.248906,0,0
34084,used GE,hit,0,13.220799,0,13.220799,0,0
34084,used GE,hit,0,12.96912,0,12.96912,0,0
34084,used GE,hit,0,13.011103,0,13.011103,0,0
34084,used GE,hit,0,13.080701,0,13.080701,0,0
34084,used GE,hit,0,26.905123,0,26.905123,0,0
34084,used GE,hit,0,14.511591,0,14.511591,0,0
34084,used GE,hit,0,25.74668,0,25.74668,0,0
34084,used GE,hit,0,25.707577,0,25.707577,0,0
34084,used GE,hit,0,16.680384,0,16.680384,0,0
34084,used GE,hit,0,14.118003,0,14.118003,0,0
34084,used GE,hit,0,30.500558,0,30.500558,0,0
34084,used GE,hit,0,11.420049,0,11.420049,0,0
34084,used GE,hit,0,10.520388,0,10.520388,0,0
34084,used GE,hit,0,10.5216,0,10.5216,0,0
34084,used GE,hit,0,10.115095,0,10.115095,0,0
34084,used GE,hit,0,12.470778,0,12.470778,0,0
34084,used GE,hit,0,24.751194,0,24.751194,0,0
8830,47,miss,112.355651,32.947232,1.453331,0,146.756214,0
8830,47,soft-hit,118.313155,31.169403,9.426501,158.90905899999998,0,0
8830,47,soft-hit,120.957624,14.274736,11.56336,146.79572,0,0
8830,47,soft-hit,120.687213,15.013682,11.852342,147.553237,0,0
8830,47,soft-hit,107.317478,15.317318,997.502458,1120.137254,0,0
8830,47,soft-hit,113.100547,15.586089,3.526714,132.21335,0,0
8830,47,soft-hit,107.16392,46.435313,997.028627,1150.62786,0,0
8830,47,soft-hit,111.622031,14.490919,1.9069639999999999,128.019914,0,0
8830,47,soft-hit,106.799222,14.942432,997.383802,1119.125456,0,0
8830,47,soft-hit,133.424602,24.938571,24.214137,182.57731,0,0
8830,47,soft-hit,111.837819,27.706518,3.680904,143.22524099999998,0,0
8830,47,soft-hit,118.548383,15.624275,10.800379,144.973037,0,0
8830,47,soft-hit,124.217337,14.757869,16.025747000000003,155.000953,0,0
8830,47,soft-hit,112.918386,14.999955,4.230642,132.148983,0,0
8830,47,soft-hit,114.121468,14.965973,4.919808,134.007249,0,0
8830,47,soft-hit,112.915065,16.193092,4.994892,134.103049,0,0
8830,47,soft-hit,137.250638,22.17698,28.433713,187.861331,0,0
8830,47,soft-hit,113.966471,15.211048,4.479187,133.65670599999999,0,0
8830,47,soft-hit,126.190167,39.075707,22.350895,187.616769,0,0
8830,47,soft-hit,116.498821,14.645433,8.203035,139.34728900000002,0,0
8830,47,soft-hit,103.74264,34.962055,2.706674,141.41136899999998,0,0
8830,47,soft-hit,126.758761,15.188403,18.03928,159.986444,0,0
8830,47,soft-hit,110.307679,47.593895,1.754814,159.656388,0,0
8830,47,soft-hit,129.238281,13.986572,10.069882,153.294735,0,0
8830,47,soft-hit,131.391009,17.677964,18.710601,167.779574,0,0
8830,47,soft-hit,138.717366,16.507759,29.38811,184.613235,0,0
8830,47,soft-hit,129.225611,19.370036,20.636884,169.232531,0,0
8830,47,soft-hit,128.760618,15.123901,20.043801,163.92831999999999,0,0
8830,47,soft-hit,119.080651,27.441877,10.708344,157.230872,0,0
8830,47,soft-hit,127.310708,15.709835,22.760684,165.781227,0,0
8830,47,soft-hit,139.593483,53.58928,31.125437,224.3082,0,0
8830,47,soft-hit,115.431187,17.289589,6.664607,139.385383,0,0
8830,48,soft-hit,155.587155,17.83035,43.418013,216.83551799999998,0,0
8830,used GE,hit,0,17.667605,0,17.667605,0,0
8830,used GE,hit,0,60.526571,0,60.526571,0,0
8830,used GE,hit,0,38.846804,0,38.846804,0,0
8830,used GE,hit,0,18.809784,0,18.809784,0,0
34161,48,miss,157.058297,16.286693,47.608777,0,220.95376700000003,0
34161,used GE,hit,0,51.571538,0,51.571538,0,0
34161,used GE,hit,0,13.983218,0,13.983218,0,0
34161,used GE,hit,0,13.192823,0,13.192823,0,0
34161,used GE,hit,0,14.173491,0,14.173491,0,0
34161,used GE,hit,0,43.034858,0,43.034858,0,0
34161,used GE,hit,0,17.110916,0,17.110916,0,0
34161,used GE,hit,0,15.525657,0,15.525657,0,0
34161,used GE,hit,0,42.426315,0,42.426315,0,0
34161,used GE,hit,0,16.299258,0,16.299258,0,0
34161,used GE,hit,0,15.841084,0,15.841084,0,0
34161,used GE,hit,0,44.698479,0,44.698479,0,0
34161,used GE,hit,0,17.527521,0,17.527521,0,0
34161,used GE,hit,0,16.471856,0,16.471856,0,0
34161,used GE,hit,0,15.694564,0,15.694564,0,0
34161,used GE,hit,0,22.612572,0,22.612572,0,0
34161,used GE,hit,0,15.885854,0,15.885854,0,0
34161,used GE,hit,0,15.287698,0,15.287698,0,0
34161,used GE,hit,0,15.007662,0,15.007662,0,0
34161,used GE,hit,0,15.101501,0,15.101501,0,0
34161,used GE,hit,0,32.010117,0,32.010117,0,0
34161,used GE,hit,0,48.570873,0,48.570873,0,0
34161,used GE,hit,0,48.480532,0,48.480532,0,0
34161,used GE,hit,0,21.574378,0,21.574378,0,0
34161,used GE,hit,0,17.062384,0,17.062384,0,0
34161,used GE,hit,0,51.541493,0,51.541493,0,0
34161,used GE,hit,0,18.142297,0,18.142297,0,0
34161,used GE,hit,0,17.038487,0,17.038487,0,0
34161,used GE,hit,0,32.433582,0,32.433582,0,0
34161,used GE,hit,0,19.892672,0,19.892672,0,0
34161,used GE,hit,0,17.222038,0,17.222038,0,0
34161,used GE,hit,0,16.673229,0,16.673229,0,0
34161,used GE,hit,0,16.259327,0,16.259327,0,0
34161,used GE,hit,0,46.790014,0,46.790014,0,0
34161,used GE,hit,0,16.76923,0,16.76923,0,0
34161,used GE,hit,0,28.360354,0,28.360354,0,0
34161,used GE,hit,0,18.313852,0,18.313852,0,0
9375,50,miss,223.408346,17.079258,108.290504,0,348.778108,0
9375,50,soft-hit,194.071495,17.636996,79.694557,291.403048,0,0
9375,50,soft-hit,172.080946,26.17264,79.103486,277.357072,0,0
9375,50,soft-hit,189.309428,18.043834,73.135003,280.488265,0,0
9375,50,soft-hit,190.068811,16.81623,74.068609,280.95365000000004,0,0
9375,50,soft-hit,205.329709,16.961885,89.659533,311.951127,0,0
9375,50,soft-hit,182.967183,16.877404,68.156359,268.000946,0,0
9375,50,soft-hit,182.550057,16.765108,67.870191,267.185356,0,0
9375,50,soft-hit,195.837634,17.465449,79.880761,293.183844,0,0
9375,50,soft-hit,199.89448,42.508534,82.610219,325.013233,0,0
9375,50,soft-hit,199.323386,16.76989,84.108488,300.201764,0,0
9375,50,soft-hit,200.314075,16.998624,85.269363,302.582062,0,0
9375,50,soft-hit,199.121727,44.22023,83.328832,326.670789,0,0
9375,50,soft-hit,187.899506,17.489759,70.754365,276.14363000000003,0,0
9375,50,soft-hit,188.941421,19.109262,73.829979,281.880662,0,0
9375,50,soft-hit,192.236334,29.471217,69.419723,291.127274,0,0
9375,50,soft-hit,206.29275,17.806286,89.062143,313.161179,0,0
9375,50,soft-hit,197.677878,17.045284,80.175454,294.898616,0,0
9375,50,soft-hit,196.027265,20.022147,80.472718,296.52213,0,0
9375,50,soft-hit,180.112357,23.898305,65.734093,269.744755,0,0
9375,50,soft-hit,182.62412,17.061682,67.444075,267.129877,0,0
9375,50,soft-hit,181.931137,49.701184,67.394574,299.026895,0,0
9375,50,soft-hit,190.789783,17.311574,74.428509,282.52986599999997,0,0
9375,50,soft-hit,204.314222,38.601153,89.176111,332.09148600000003,0,0
9375,50,soft-hit,201.49284,17.73341,87.070775,306.29702499999996,0,0
9375,50,soft-hit,201.347714,17.990508,85.499185,304.837407,0,0
9375,50,soft-hit,182.862478,33.500138,66.88775,283.250366,0,0
9375,50,soft-hit,214.688161,18.714444,103.53553,336.938135,0,0
9375,50,soft-hit,220.313767,27.916097,102.862542,351.092406,0,0
9375,50,soft-hit,197.615491,16.729728,82.988882,297.33410100000003,0,0
9375,50,soft-hit,220.196643,16.513756,104.33067,341.041069,0,0
9375,50,soft-hit,187.893958,16.846453,72.616964,277.357375,0,0
9375,50,soft-hit,195.08479,35.156191,79.986448,310.22742900000003,0,0
9375,50,soft-hit,190.168742,53.49184,74.797666,318.458248,0,0
9375,50,soft-hit,208.193268,17.195963,92.946674,318.335905,0,0
9375,50,soft-hit,187.803328,16.663216,71.634419,276.100963,0,0
9375,50,soft-hit,201.199767,17.601732,83.474763,302.276262,0,0
35397,61,miss,435.392688,62.16622,300.436632,0,797.99554,0
35397,61,soft-hit,441.101217,17.159626,303.702518,761.9633610000001,0,0
35397,61,soft-hit,433.908198,59.283938,299.63157,792.823706,0,0
35397,61,soft-hit,430.740752,30.02772,297.116503,757.8849749999999,0,0
35397,61,soft-hit,426.356204,18.279756,292.558144,737.194104,0,0
35397,61,soft-hit,426.326248,18.334593,292.106064,736.766905,0,0
35397,61,soft-hit,459.732063,19.867734,324.777647,804.377444,0,0
35397,61,soft-hit,391.433914,16.575835,310.041115,718.050864,0,0
35397,61,soft-hit,451.504772,18.629192,316.359072,786.4930360000001,0,0
35397,61,soft-hit,445.355945,18.444909,312.222352,776.0232060000001,0,0
35397,61,soft-hit,448.348976,18.299189,313.918704,780.566869,0,0
35397,61,soft-hit,454.510301,32.858873,310.091988,797.4611620000001,0,0
35397,61,soft-hit,443.783391,19.567636,310.272318,773.623345,0,0
35397,61,soft-hit,439.110428,18.359845,304.459509,761.929782,0,0
35397,61,soft-hit,452.133468,19.153629,318.234717,789.521814,0,0
35397,61,soft-hit,460.791051,18.601904,327.801003,807.193958,0,0
35397,61,soft-hit,435.951278,18.324207,301.336525,755.61201,0,0
35397,61,soft-hit,435.93319,18.127747,301.313766,755.374703,0,0
35397,61,soft-hit,433.428107,27.314209,300.414042,761.156358,0,0
35397,61,soft-hit,539.584759,18.331742,406.395435,964.3119360000001,0,0
35397,61,soft-hit,436.267743,30.948292,301.76936,768.9853949999999,0,0
35397,61,soft-hit,439.757576,56.941921,305.148704,801.848201,0,0
35397,61,soft-hit,446.189504,18.402657,312.929312,777.521473,0,0
35397,61,soft-hit,448.462491,19.505286,313.35091,781.318687,0,0
35397,61,soft-hit,460.553734,18.789387,326.603301,805.946422,0,0
35397,61,soft-hit,463.784286,18.020784,334.10944,815.9145100000001,0,0
35397,61,soft-hit,445.953258,60.866471,311.391972,818.211701,0,0
35397,61,soft-hit,442.684197,19.434558,308.283744,770.402499,0,0
35397,61,soft-hit,452.355731,22.711251,319.012803,794.079785,0,0
35397,61,soft-hit,444.006056,41.104455,309.229252,794.339763,0,0
35397,61,soft-hit,451.45284,18.52083,317.100274,787.073944,0,0
35397,61,soft-hit,440.278581,33.240257,306.059667,779.578505,0,0
35397,61,soft-hit,479.417232,21.051004,340.367437,840.835673,0,0
35397,61,soft-hit,436.710433,18.460242,299.940277,755.110952,0,0
35397,61,soft-hit,464.791245,47.704655,328.178054,840.673954,0,0
35397,61,soft-hit,433.163814,21.91478,298.552142,753.6307360000001,0,0
35397,61,soft-hit,434.897045,28.284926,299.356027,762.537998,0,0
10455,55,miss,307.248804,49.703239,185.617842,0,542.569885,0
10455,55,soft-hit,328.368525,27.860757,205.453863,561.683145,0,0
10455,55,soft-hit,322.954268,21.58484,200.013801,544.552909,0,0
10455,55,soft-hit,305.141698,47.965931,182.506021,535.61365,0,0
10455,55,soft-hit,312.586185,48.927602,189.217273,550.7310600000001,0,0
10455,55,soft-hit,323.410216,31.474289,191.148131,546.032636,0,0
10455,55,soft-hit,307.020465,33.0969,184.303399,524.420764,0,0
10455,55,soft-hit,327.278188,32.09206,205.663054,565.033302,0,0
10455,55,soft-hit,311.098393,16.393717,189.517268,517.009378,0,0
10455,55,soft-hit,326.585541,50.229306,203.670804,580.485651,0,0
10455,55,soft-hit,319.310203,76.328662,197.2466,592.8854650000001,0,0
10455,55,soft-hit,303.138682,17.444552,179.743384,500.326618,0,0
10455,55,soft-hit,300.803343,27.578817,179.125788,507.507948,0,0
10455,55,soft-hit,306.591785,16.746891,185.192455,508.531131,0,0
10455,55,soft-hit,309.651497,86.426351,185.561238,581.639086,0,0
10455,55,soft-hit,304.789544,34.71336,182.883223,522.386127,0,0
10455,55,soft-hit,318.865252,14.298421,185.430602,518.5942749999999,0,0
10455,55,soft-hit,374.240342,17.659363,252.552432,644.452137,0,0
10455,55,soft-hit,316.258911,33.779999,191.363449,541.402359,0,0
10455,55,soft-hit,312.201669,17.273558,187.32028,516.795507,0,0
10455,55,soft-hit,303.691565,16.143417,182.738773,502.573755,0,0
10455,55,soft-hit,313.487307,71.632928,191.708484,576.828719,0,0
10455,55,soft-hit,336.274214,35.525713,214.453213,586.25314,0,0
10455,55,soft-hit,308.104621,30.458662,185.471804,524.035087,0,0
10455,55,soft-hit,332.115654,55.63274,209.51961,597.268004,0,0
10455,55,soft-hit,335.064512,22.593422,212.641999,570.299933,0,0
10455,55,soft-hit,341.405997,16.395206,218.609057,576.41026,0,0
10455,55,soft-hit,313.32538,30.131735,190.917321,534.374436,0,0
10455,55,soft-hit,311.173502,16.38602,189.738903,517.298425,0,0
10455,55,soft-hit,315.08279,16.470763,193.970167,525.52372,0,0
10455,55,soft-hit,310.704072,16.158353,188.54833,515.410755,0,0
10455,55,soft-hit,334.997163,16.391505,213.352804,564.7414719999999,0,0
10455,55,soft-hit,306.963282,16.59626,184.472698,508.03224,0,0
10455,55,soft-hit,304.487613,54.224977,181.756816,540.4694059999999,0,0
10455,55,soft-hit,306.978811,16.518272,184.737546,508.23462900000004,0,0
10455,55,soft-hit,323.084248,16.816891,200.778991,540.68013,0,0
10455,55,soft-hit,332.079903,43.259045,209.747834,585.0867820000001,0,0
35546,49,miss,197.117527,16.230927,82.987333,0,296.335787,0
35546,49,soft-hit,193.580113,16.267472,80.585982,290.43356700000004,0,0
35546,49,soft-hit,180.271486,20.58827,67.340319,268.20007499999997,0,0
35546,49,soft-hit,188.475238,15.870083,71.93063,276.27595099999996,0,0
35546,49,soft-hit,174.694303,15.66881,62.287582,252.65069499999998,0,0
35546,49,soft-hit,177.320381,16.267163,62.236542,255.824086,0,0
35546,49,soft-hit,205.806025,27.329457,92.347824,325.483306,0,0
35546,49,soft-hit,179.90854,16.036207,67.099621,263.04436799999996,0,0
35546,49,soft-hit,175.362243,104.150368,62.544016,342.05662700000005,0,0
35546,49,soft-hit,177.771941,49.327208,63.081177,290.180326,0,0
35546,49,soft-hit,178.091112,24.45705,64.64392000000001,267.192082,0,0
35546,49,soft-hit,193.079209,65.426006,80.369987,338.875202,0,0
35546,49,soft-hit,176.55931,41.14585,62.904037,280.609197,0,0
35546,49,soft-hit,177.2596,38.376972,64.211034,279.84760600000004,0,0
35546,49,soft-hit,183.04905,16.729485,71.133826,270.912361,0,0
35546,49,soft-hit,188.230235,23.598924,74.734179,286.563338,0,0
35546,49,soft-hit,179.235845,24.349994,66.316058,269.901897,0,0
35546,49,soft-hit,184.422498,16.628375,70.882812,271.93368499999997,0,0
35546,49,soft-hit,201.949834,16.368662,88.209226,306.52772200000004,0,0
35546,49,soft-hit,178.175071,16.171279,64.944552,259.290902,0,0
35546,49,soft-hit,177.785348,57.243953,64.8964,299.925701,0,0
35546,49,soft-hit,262.829871,16.22731,149.79806,428.855241,0,0
35546,49,soft-hit,181.616604,15.94944,68.845621,266.41166499999997,0,0
35546,49,soft-hit,178.071146,16.737179,65.84725,260.655575,0,0
35546,49,soft-hit,187.948423,27.662718,77.078478,292.689619,0,0
35546,49,soft-hit,196.147302,36.615539,82.547244,315.310085,0,0
35546,49,soft-hit,204.718277,14.313768,84.687634,303.719679,0,0
35546,49,soft-hit,182.226931,17.275418,68.399069,267.90141800000004,0,0
35546,49,soft-hit,181.376802,16.105624,65.922716,263.40514199999996,0,0
35546,49,soft-hit,179.080022,16.218718,64.565274,259.864014,0,0
35546,49,soft-hit,177.787236,16.696149,64.264836,258.748221,0,0
35546,49,soft-hit,177.273284,24.94984,64.220335,266.44345899999996,0,0
35546,49,soft-hit,217.156542,16.329376,104.178381,337.664299,0,0
35546,49,soft-hit,180.428185,17.105762,66.882092,264.416039,0,0
35546,49,soft-hit,194.095952,37.308805,80.429954,311.83471099999997,0,0
35546,49,soft-hit,202.536702,41.951845,89.232898,333.721445,0,0
35546,49,soft-hit,199.863764,37.562138,86.868405,324.294307,0,0
11135,52,miss,282.493448,17.881928,163.640298,0,464.015674,0
11135,52,soft-hit,244.612536,125.964827,125.85222,496.429583,0,0
11135,52,soft-hit,246.869738,16.996733,126.854856,390.721327,0,0
11135,52,soft-hit,251.150088,17.291726,132.443337,400.88515100000006,0,0
11135,52,soft-hit,264.715608,17.398024,146.436991,428.550623,0,0
11135,52,soft-hit,240.637765,68.83855,143.582767,453.059082,0,0
11135,52,soft-hit,255.055034,18.693316,136.861803,410.610153,0,0
11135,52,soft-hit,260.189387,84.087016,141.359885,485.63628800000004,0,0
11135,52,soft-hit,258.916459,52.865747,139.898391,451.680597,0,0
11135,52,soft-hit,256.603257,17.044239,138.163328,411.810824,0,0
11135,52,soft-hit,247.15984,17.32672,128.98695700000002,393.473517,0,0
11135,52,soft-hit,249.944606,26.914306,130.59744,407.45635200000004,0,0
11135,52,soft-hit,258.09149,54.727386,138.883459,451.702335,0,0
11135,52,soft-hit,249.498054,33.05578,130.557096,413.11093,0,0
11135,52,soft-hit,265.059122,63.844026,143.936745,472.839893,0,0
11135,52,soft-hit,250.624134,17.021912,130.12593,397.771976,0,0
11135,52,soft-hit,251.06243,42.031624,131.784719,424.878773,0,0
11135,52,soft-hit,262.913099,17.490072,144.517397,424.920568,0,0
11135,52,soft-hit,249.239078,17.253295,130.189941,396.682314,0,0
11135,52,soft-hit,267.255205,17.252283,149.392228,433.899716,0,0
11135,52,soft-hit,261.218374,17.387374,142.151814,420.757562,0,0
11135,52,soft-hit,265.96158,17.009426,147.395123,430.366129,0,0
11135,52,soft-hit,245.429286,28.301401,131.412181,405.142868,0,0
11135,52,soft-hit,248.080018,48.634047,129.97467,426.688735,0,0
11135,52,soft-hit,261.353681,17.584924,142.554349,421.492954,0,0
11135,52,soft-hit,272.499023,16.637684,140.231358,429.368065,0,0
11135,52,soft-hit,248.981312,18.322089,130.134343,397.437744,0,0
11135,52,soft-hit,264.388149,17.237253,145.643308,427.26871,0,0
11135,52,soft-hit,250.491384,17.060147,131.826715,399.378246,0,0
11135,52,soft-hit,271.603272,17.170173,153.346508,442.119953,0,0
11135,52,soft-hit,251.204299,44.502494,132.018929,427.725722,0,0
11135,52,soft-hit,247.178384,17.105254,128.937071,393.220709,0,0
11135,52,soft-hit,257.687172,56.59588,138.950548,453.23359999999997,0,0
11135,52,soft-hit,252.073237,17.36545,134.26671,403.705397,0,0
11135,52,soft-hit,256.227956,112.80903,137.508348,506.545334,0,0
11135,52,soft-hit,251.497489,46.500151,131.581604,429.579244,0,0
11135,52,soft-hit,253.694159,71.885938,133.955112,459.535209,0,0
36254,51,miss,245.11674,70.95031,114.529463,0,430.596513,0
36254,used GE,hit,0,17.856921,0,17.856921,0,0
36254,used GE,hit,0,17.015128,0,17.015128,0,0
36254,used GE,hit,0,16.939322,0,16.939322,0,0
36254,used GE,hit,0,40.404591,0,40.404591,0,0
36254,used GE,hit,0,58.432556,0,58.432556,0,0
36254,used GE,hit,0,19.400559,0,19.400559,0,0
36254,used GE,hit,0,18.224919,0,18.224919,0,0
36254,used GE,hit,0,18.313595,0,18.313595,0,0
36254,used GE,hit,0,17.631336,0,17.631336,0,0
36254,used GE,hit,0,50.181521,0,50.181521,0,0
36254,used GE,hit,0,40.54626,0,40.54626,0,0
36254,used GE,hit,0,18.139714,0,18.139714,0,0
36254,used GE,hit,0,18.629948,0,18.629948,0,0
36254,used GE,hit,0,17.551802,0,17.551802,0,0
36254,used GE,hit,0,20.962306,0,20.962306,0,0
36254,used GE,hit,0,17.87013,0,17.87013,0,0
36254,used GE,hit,0,41.246851,0,41.246851,0,0
36254,used GE,hit,0,28.271178,0,28.271178,0,0
36254,used GE,hit,0,17.422039,0,17.422039,0,0
36254,used GE,hit,0,16.641107,0,16.641107,0,0
36254,used GE,hit,0,46.898714,0,46.898714,0,0
36254,used GE,hit,0,25.407551,0,25.407551,0,0
36254,used GE,hit,0,18.306328,0,18.306328,0,0
36254,used GE,hit,0,17.471125,0,17.471125,0,0
36254,used GE,hit,0,16.654307,0,16.654307,0,0
36254,used GE,hit,0,15.830166,0,15.830166,0,0
36254,used GE,hit,0,30.324044,0,30.324044,0,0
36254,used GE,hit,0,46.945738,0,46.945738,0,0
36254,used GE,hit,0,21.447446,0,21.447446,0,0
36254,used GE,hit,0,24.099067,0,24.099067,0,0
36254,used GE,hit,0,16.984059,0,16.984059,0,0
36254,used GE,hit,0,17.215353,0,17.215353,0,0
36254,used GE,hit,0,18.160651,0,18.160651,0,0
36254,used GE,hit,0,16.369778,0,16.369778,0,0
36254,used GE,hit,0,16.246972,0,16.246972,0,0
36254,used GE,hit,0,23.328818,0,23.328818,0,0
14068,52,miss,251.283997,16.562398,132.934409,0,400.780804,0
14068,52,soft-hit,258.13984,42.190357,140.073904,440.40410099999997,0,0
14068,52,soft-hit,268.696889,47.08726,133.102214,448.886363,0,0
14068,52,soft-hit,266.3504,17.608401,151.054684,435.013485,0,0
14068,52,soft-hit,280.946975,51.773061,160.795051,493.515087,0,0
14068,52,soft-hit,281.398304,17.46844,163.681367,462.548111,0,0
14068,52,soft-hit,263.044416,16.69544,144.786783,424.52663900000005,0,0
14068,52,soft-hit,276.243707,28.458397,158.001775,462.703879,0,0
14068,52,soft-hit,251.439342,41.754089,133.376566,426.569997,0,0
14068,52,soft-hit,251.569603,45.42416,133.204659,430.198422,0,0
14068,52,soft-hit,252.807829,27.701999,134.801807,415.311635,0,0
14068,52,soft-hit,252.646313,17.082026,133.838019,403.56635800000004,0,0
14068,52,soft-hit,268.226051,19.023844,149.010428,436.26032299999997,0,0
14068,52,soft-hit,253.921418,15.399296,133.98348,403.30419399999994,0,0
14068,52,soft-hit,272.157437,24.399611,138.86085,435.41789800000004,0,0
14068,52,soft-hit,261.240444,40.151934,144.320079,445.71245700000003,0,0
14068,52,soft-hit,253.29226,16.224285,135.965728,405.482273,0,0
14068,52,soft-hit,303.929108,19.792973,185.123663,508.84574399999997,0,0
14068,52,soft-hit,252.779984,46.866992,134.746677,434.39365300000003,0,0
14068,52,soft-hit,251.953033,43.640189,134.043267,429.636489,0,0
14068,52,soft-hit,254.424678,57.497134,135.191941,447.113753,0,0
14068,52,soft-hit,256.43323499999997,17.168898,137.967591,411.56972399999995,0,0
14068,52,soft-hit,259.258486,16.714884,142.132149,418.105519,0,0
14068,52,soft-hit,258.996218,16.341625,140.24234,415.58018300000003,0,0
14068,52,soft-hit,257.288589,23.245916,138.840556,419.37506099999996,0,0
14068,52,soft-hit,262.395082,31.173287,145.30875,438.877119,0,0
14068,52,soft-hit,281.132319,29.977889,140.387653,451.497861,0,0
14068,52,soft-hit,265.149738,16.999291,147.475184,429.62421300000005,0,0
14068,52,soft-hit,258.238879,16.524838,140.052512,414.816229,0,0
14068,52,soft-hit,270.189833,16.722358,148.499727,435.411918,0,0
14068,52,soft-hit,260.924727,53.262054,149.335969,463.52275000000003,0,0
14068,52,soft-hit,255.969455,47.168389,136.620419,439.758263,0,0
14068,52,soft-hit,254.867117,17.273469,136.87807,409.018656,0,0
14068,52,soft-hit,257.153676,16.647192,140.101548,413.902416,0,0
14068,52,soft-hit,323.333565,36.342695,206.010209,565.686469,0,0
14068,52,soft-hit,252.905975,16.224071,134.650386,403.780432,0,0
14068,52,soft-hit,253.531977,30.956959,135.543116,420.032052,0,0
15088,45,miss,99.551525,33.013408,992.718305,0,1125.283238,0
15088,45,soft-hit,122.885542,33.31557,2.597257,158.798369,0,0
15088,45,soft-hit,101.280306,34.740303,996.995283,1133.015892,0,0
15088,45,soft-hit,113.139005,41.381494,4.2058029999999995,158.726302,0,0
15088,45,soft-hit,99.698315,52.297511,992.885239,1144.881065,0,0
15088,45,soft-hit,99.252586,20.988167,993.299252,1113.540005,0,0
15088,45,soft-hit,98.76393,34.410754,992.842793,1126.017477,0,0
15088,45,soft-hit,101.169622,31.677542,993.165112,1126.012276,0,0
15088,45,soft-hit,106.66537,31.360916,997.304934,1135.33122,0,0
15088,45,soft-hit,121.533421,31.461409,10.019251,163.014081,0,0
15088,45,soft-hit,100.289119,30.852016,992.843365,1123.9845,0,0
15088,45,soft-hit,121.117594,30.884226,12.83111,164.83293,0,0
15088,45,soft-hit,110.72774,44.954346,5.155832,160.837918,0,0
15088,45,soft-hit,105.164544,30.881812,998.778359,1134.824715,0,0
15088,45,soft-hit,119.040518,28.04165,993.51217,1140.5943379999999,0,0
15088,45,soft-hit,102.725682,16.065945,996.412116,1115.203743,0,0
15088,45,soft-hit,137.6748,42.183969,30.275909,210.134678,0,0
15088,45,soft-hit,106.57771,31.701136,999.663463,1137.942309,0,0
15088,45,soft-hit,103.515053,31.037137,997.130993,1131.683183,0,0
15088,45,soft-hit,104.843357,36.841743,997.400837,1139.085937,0,0
15088,45,soft-hit,103.076166,43.63272,996.926037,1143.634923,0,0
15088,45,soft-hit,99.721078,30.899094,993.544641,1124.164813,0,0
15088,45,soft-hit,95.325038,30.624203,993.440703,1119.389944,0,0
15088,45,soft-hit,101.914255,17.810419,994.361161,1114.085835,0,0
15088,45,soft-hit,113.703554,32.311284,7.436518,153.451356,0,0
15088,45,soft-hit,123.657287,31.86864,17.955305,173.48123199999998,0,0
15088,45,soft-hit,105.955354,64.205724,999.025061,1169.186139,0,0
15088,45,soft-hit,105.260945,33.067258,999.229065,1137.557268,0,0
15088,45,soft-hit,121.207251,30.527501,3.671527,155.40627899999998,0,0
15088,45,soft-hit,162.475253,31.834572,55.907641,250.217466,0,0
15088,45,soft-hit,101.21555,23.682222,994.765728,1119.6634999999999,0,0
15088,45,soft-hit,101.012437,34.390269,994.752633,1130.1553390000001,0,0
15088,45,soft-hit,109.275975,18.590069,1.482195,129.348239,0,0
15088,45,soft-hit,104.920579,36.473234,997.602892,1138.996705,0,0
15088,45,soft-hit,101.407312,31.326376,994.954909,1127.688597,0,0
15088,45,soft-hit,114.723814,31.822049,9.252347,155.79821,0,0
15088,45,soft-hit,121.794009,32.147128,16.004475,169.945612,0,0
16377,48,miss,169.330423,15.500321,57.753154,0,242.583898,0
16377,48,soft-hit,170.372868,19.802744,58.064229,248.239841,0,0
16377,48,soft-hit,170.009669,15.771563,58.329927,244.111159,0,0
16377,48,soft-hit,169.233923,25.915698,57.417546,252.567167,0,0
16377,48,soft-hit,170.3742,32.579325,58.672907,261.626432,0,0
16377,48,soft-hit,188.987966,32.243347,79.395623,300.626936,0,0
16377,48,soft-hit,170.373589,19.412725,59.449698,249.23601200000002,0,0
16377,48,soft-hit,170.856552,44.890233,59.359537,275.106322,0,0
16377,48,soft-hit,180.694429,16.080627,69.826318,266.601374,0,0
16377,48,soft-hit,178.871488,26.0488,67.451319,272.371607,0,0
16377,48,soft-hit,169.457099,16.078222,58.141935,243.677256,0,0
16377,48,soft-hit,171.078088,25.453811,59.640452,256.17235100000005,0,0
16377,48,soft-hit,171.762148,15.52195,60.112674,247.396772,0,0
16377,48,soft-hit,188.045922,45.135251,76.643913,309.825086,0,0
16377,48,soft-hit,190.41109,16.032114,78.69049,285.133694,0,0
16377,48,soft-hit,597.867646,22.539165,59.05556,679.4623710000001,0,0
16377,48,soft-hit,188.883189,16.006956,76.03071,280.92085499999996,0,0
16377,48,soft-hit,207.450481,14.397217,85.099317,306.94701499999996,0,0
16377,48,soft-hit,175.384297,56.179287,60.090116,291.6537,0,0
16377,48,soft-hit,175.661238,15.694172,62.775553,254.130963,0,0
16377,48,soft-hit,170.605572,16.034771,59.144592,245.784935,0,0
16377,48,soft-hit,173.642517,15.714214,62.12075,251.477481,0,0
16377,48,soft-hit,187.680524,16.751117,75.308802,279.740443,0,0
16377,48,soft-hit,179.529534,32.890373,67.641249,280.061156,0,0
16377,48,soft-hit,174.917478,16.596064,62.867657,254.38119899999998,0,0
16377,48,soft-hit,198.492865,23.207907,87.555828,309.2566,0,0
16377,48,soft-hit,173.501537,56.192825,62.385864,292.08022600000004,0,0
16377,48,soft-hit,178.448918,18.288861,66.405736,263.143515,0,0
16377,48,soft-hit,177.472695,16.856625,65.921253,260.250573,0,0
16377,48,soft-hit,172.556176,61.762413,65.008782,299.32737099999997,0,0
16377,48,soft-hit,178.765765,15.427436,63.65143,257.844631,0,0
16377,48,soft-hit,185.675516,16.819007,74.248412,276.742935,0,0
16377,48,soft-hit,176.034357,16.452765,63.969177,256.456299,0,0
16377,48,soft-hit,173.170893,15.744302,61.820168,250.735363,0,0
16377,48,soft-hit,173.737739,15.743837,62.833366,252.314942,0,0
16377,48,soft-hit,171.697458,32.332618,60.564115,264.594191,0,0
16377,48,soft-hit,181.69298,16.115543,70.656271,268.464794,0,0
16701,51,miss,239.551818,18.469937,123.053138,0,381.074893,0
16701,used GE,hit,0,13.335737,0,13.335737,0,0
16701,used GE,hit,0,13.498821,0,13.498821,0,0
16701,used GE,hit,0,48.864517,0,48.864517,0,0
16701,used GE,hit,0,16.345872,0,16.345872,0,0
16701,used GE,hit,0,15.678523,0,15.678523,0,0
16701,used GE,hit,0,33.058001,0,33.058001,0,0
16701,used GE,hit,0,15.641689,0,15.641689,0,0
16701,used GE,hit,0,15.155168,0,15.155168,0,0
16701,used GE,hit,0,25.218307,0,25.218307,0,0
16701,used GE,hit,0,17.183701,0,17.183701,0,0
16701,used GE,hit,0,16.70229,0,16.70229,0,0
16701,used GE,hit,0,52.344397,0,52.344397,0,0
16701,used GE,hit,0,27.754112,0,27.754112,0,0
16701,used GE,hit,0,16.990773,0,16.990773,0,0
16701,used GE,hit,0,27.491609,0,27.491609,0,0
16701,used GE,hit,0,16.363719,0,16.363719,0,0
16701,used GE,hit,0,22.324073,0,22.324073,0,0
16701,used GE,hit,0,15.83165,0,15.83165,0,0
16701,used GE,hit,0,15.170028,0,15.170028,0,0
16701,used GE,hit,0,36.151241,0,36.151241,0,0
16701,used GE,hit,0,17.443229,0,17.443229,0,0
16701,used GE,hit,0,37.187116,0,37.187116,0,0
16701,used GE,hit,0,14.552031,0,14.552031,0,0
16701,used GE,hit,0,14.188943,0,14.188943,0,0
16701,used GE,hit,0,39.021371,0,39.021371,0,0
16701,used GE,hit,0,45.646628,0,45.646628,0,0
16701,used GE,hit,0,16.992544,0,16.992544,0,0
16701,used GE,hit,0,15.997973,0,15.997973,0,0
16701,used GE,hit,0,15.75826,0,15.75826,0,0
16701,used GE,hit,0,40.463895,0,40.463895,0,0
16701,used GE,hit,0,17.484633,0,17.484633,0,0
16701,used GE,hit,0,17.483073,0,17.483073,0,0
16701,used GE,hit,0,15.802679,0,15.802679,0,0
16701,used GE,hit,0,22.180188,0,22.180188,0,0
16701,used GE,hit,0,16.289796,0,16.289796,0,0
16701,used GE,hit,0,17.142297,0,17.142297,0,0
19991,57,miss,389.932595,31.051036,261.049403,0,682.033034,0
19991,57,soft-hit,380.463345,25.200708,254.026909,659.690962,0,0
19991,57,soft-hit,384.224637,17.819306,256.527073,658.5710159999999,0,0
19991,57,soft-hit,392.999729,17.963809,265.366565,676.330103,0,0
19991,57,soft-hit,382.275565,30.743825,253.8906,666.90999,0,0
19991,57,soft-hit,389.527765,35.955326,262.208482,687.6915730000001,0,0
19991,57,soft-hit,382.37146,34.929512,253.985033,671.2860049999999,0,0
19991,57,soft-hit,387.803343,30.521922,258.862559,677.187824,0,0
19991,57,soft-hit,402.731272,18.457421,271.446662,692.635355,0,0
19991,57,soft-hit,416.025201,48.415384,287.624516,752.065101,0,0
19991,57,soft-hit,382.034976,37.045472,253.348583,672.4290309999999,0,0
19991,57,soft-hit,390.872278,17.794574,263.684899,672.3517509999999,0,0
19991,57,soft-hit,382.331639,27.865217,254.714105,664.910961,0,0
19991,57,soft-hit,383.363451,17.902735,255.510762,656.776948,0,0
19991,57,soft-hit,381.516819,29.146455,252.999946,663.6632199999999,0,0
19991,57,soft-hit,378.516431,32.232119,251.865492,662.6140419999999,0,0
19991,57,soft-hit,380.609925,17.531104,252.718257,650.859286,0,0
19991,57,soft-hit,378.851924,52.155939,251.515764,682.523627,0,0
19991,57,soft-hit,389.322866,21.629428,261.288155,672.240449,0,0
19991,57,soft-hit,394.508584,17.582605,255.791709,667.8828980000001,0,0
19991,57,soft-hit,390.081988,17.936503,262.150221,670.168712,0,0
19991,57,soft-hit,391.714247,22.841444,263.349422,677.905113,0,0
19991,57,soft-hit,389.628521,18.16003,262.351712,670.140263,0,0
19991,57,soft-hit,403.73771,17.833385,274.895794,696.466889,0,0
19991,57,soft-hit,385.158803,17.729581,257.66156,660.549944,0,0
19991,57,soft-hit,382.841096,25.142202,256.326144,664.309442,0,0
19991,57,soft-hit,391.400072,17.776685,262.888157,672.064914,0,0
19991,57,soft-hit,380.959254,18.141043,253.438436,652.538733,0,0
19991,58,soft-hit,413.489415,18.217045,282.658696,714.3651560000001,0,0
19991,58,soft-hit,406.520464,18.973847,277.558211,703.052522,0,0
19991,58,soft-hit,420.387163,28.31057,278.022355,726.720088,0,0
19991,58,soft-hit,418.363595,17.952592,287.91572,724.231907,0,0
19991,58,soft-hit,407.000178,18.08046,277.7728,702.8534380000001,0,0
19991,58,soft-hit,413.592812,18.872982,284.182306,716.6480999999999,0,0
19991,58,soft-hit,412.088595,19.59793,283.22378,714.910305,0,0
19991,58,soft-hit,405.79021,19.17024,276.199199,701.159649,0,0
19991,58,soft-hit,418.997193,25.134996,288.712253,732.844442,0,0
21475,47,miss,162.575672,16.008743,54.814252,0,233.398667,0
21475,used GE,hit,0,34.38352,0,34.38352,0,0
21475,used GE,hit,0,18.474416,0,18.474416,0,0
21475,used GE,hit,0,17.684747,0,17.684747,0,0
21475,used GE,hit,0,28.717534,0,28.717534,0,0
21475,used GE,hit,0,31.883924,0,31.883924,0,0
21475,used GE,hit,0,18.530657,0,18.530657,0,0
21475,used GE,hit,0,17.808202,0,17.808202,0,0
21475,used GE,hit,0,47.616019,0,47.616019,0,0
21475,used GE,hit,0,37.597196,0,37.597196,0,0
21475,used GE,hit,0,18.846056,0,18.846056,0,0
21475,used GE,hit,0,18.296285,0,18.296285,0,0
21475,used GE,hit,0,18.263143,0,18.263143,0,0
21475,used GE,hit,0,17.951856,0,17.951856,0,0
21475,used GE,hit,0,17.209432,0,17.209432,0,0
21475,used GE,hit,0,31.514034,0,31.514034,0,0
21475,used GE,hit,0,43.258245,0,43.258245,0,0
21475,used GE,hit,0,18.780466,0,18.780466,0,0
21475,used GE,hit,0,62.946981,0,62.946981,0,0
21475,used GE,hit,0,31.357748,0,31.357748,0,0
21475,used GE,hit,0,13.639568,0,13.639568,0,0
21475,used GE,hit,0,11.902226,0,11.902226,0,0
21475,used GE,hit,0,28.031255,0,28.031255,0,0
21475,used GE,hit,0,11.044403,0,11.044403,0,0
21475,used GE,hit,0,11.030232,0,11.030232,0,0
21475,used GE,hit,0,10.974613,0,10.974613,0,0
21475,used GE,hit,0,19.250347,0,19.250347,0,0
21475,used GE,hit,0,11.072639,0,11.072639,0,0
21475,used GE,hit,0,11.1946,0,11.1946,0,0
21475,used GE,hit,0,15.118314,0,15.118314,0,0
21475,used GE,hit,0,12.787123,0,12.787123,0,0
21475,used GE,hit,0,38.351697,0,38.351697,0,0
21475,used GE,hit,0,11.273298,0,11.273298,0,0
21475,used GE,hit,0,11.154144,0,11.154144,0,0
21475,used GE,hit,0,11.007671,0,11.007671,0,0
21475,used GE,hit,0,35.575358,0,35.575358,0,0
21475,used GE,hit,0,11.95651,0,11.95651,0,0
22019,49,miss,215.991583,17.944033,103.485803,0,337.421419,0
22019,49,soft-hit,217.046723,15.69465,103.447004,336.188377,0,0
22019,49,soft-hit,207.754893,15.121093,94.670115,317.546101,0,0
22019,49,soft-hit,222.790729,15.402053,110.260664,348.453446,0,0
22019,49,soft-hit,235.370131,27.4966,120.950267,383.816998,0,0
22019,49,soft-hit,204.617342,15.35688,92.065372,312.039594,0,0
22019,49,soft-hit,205.111907,15.533542,91.172227,311.817676,0,0
22019,49,soft-hit,215.569836,40.403856,102.229117,358.202809,0,0
22019,49,soft-hit,216.076065,23.078059,92.74088,331.895004,0,0
22019,49,soft-hit,223.667043,30.875076,111.025632,365.56775100000004,0,0
22019,49,soft-hit,243.518842,30.091259,135.571336,409.181437,0,0
22019,49,soft-hit,206.258681,18.933425,93.966877,319.158983,0,0
22019,49,soft-hit,207.60261,15.821084,93.724393,317.14808700000003,0,0
22019,49,soft-hit,206.384449,46.306285,94.182784,346.873518,0,0
22019,49,soft-hit,279.836779,26.959008,166.069366,472.86515299999996,0,0
22019,49,soft-hit,208.821114,14.836003,95.923194,319.580311,0,0
22019,49,soft-hit,226.301231,15.603152,111.487096,353.391479,0,0
22019,49,soft-hit,238.550666,15.729507,125.635342,379.915515,0,0
22019,49,soft-hit,209.739424,16.507923,96.800378,323.047725,0,0
22019,49,soft-hit,212.323272,37.330101,98.898556,348.551929,0,0
22019,49,soft-hit,210.667815,29.794055,98.208585,338.67045499999995,0,0
22019,49,soft-hit,214.918367,18.131056,101.405737,334.45516,0,0
22019,49,soft-hit,202.413612,41.429024,94.047577,337.890213,0,0
22019,49,soft-hit,205.1466,15.512656,93.465638,314.12489400000004,0,0
22019,49,soft-hit,213.917047,15.601154,101.868852,331.387053,0,0
22019,49,soft-hit,207.678632,39.072787,94.895471,341.64689,0,0
22019,49,soft-hit,214.630099,15.502393,107.092908,337.2254,0,0
22019,49,soft-hit,207.629833,55.70482,94.854667,358.18931999999995,0,0
22019,49,soft-hit,217.633155,23.17826,105.270558,346.08197299999995,0,0
22019,49,soft-hit,217.250488,19.691449,103.922543,340.86447999999996,0,0
22019,49,soft-hit,207.44362,43.267297,95.089731,345.800648,0,0
22019,49,soft-hit,215.500076,18.470836,103.051394,337.022306,0,0
22019,49,soft-hit,212.201805,22.901323,99.337646,334.44077400000003,0,0
22019,49,soft-hit,228.919251,26.877572,108.128753,363.925576,0,0
22019,49,soft-hit,222.643558,16.320629,108.020474,346.984661,0,0
22019,49,soft-hit,207.669735,15.374371,95.956337,319.000443,0,0
22019,49,soft-hit,212.984797,15.012017,100.248667,328.245481,0,0
2427,56,miss,365.101889,41.221358,238.842738,0,645.1659850000001,0
2427,56,soft-hit,364.013967,17.05593,239.295984,620.365881,0,0
2427,56,soft-hit,400.36425,65.749405,273.823485,739.93714,0,0
2427,56,soft-hit,362.348092,17.082545,236.03059,615.461227,0,0
2427,56,soft-hit,365.084044,17.025373,238.439262,620.548679,0,0
2427,56,soft-hit,377.819052,34.34133,252.959786,665.1201679999999,0,0
2427,56,soft-hit,368.288408,17.015776,244.348653,629.6528370000001,0,0
2427,56,soft-hit,364.78381,17.168444,239.468428,621.4206819999999,0,0
2427,56,soft-hit,383.315244,16.042728,248.880273,648.238245,0,0
2427,56,soft-hit,381.841809,58.196849,256.899522,696.93818,0,0
2427,56,soft-hit,365.270316,16.970249,237.022965,619.26353,0,0
2427,56,soft-hit,358.777699,24.797587,234.495985,618.071271,0,0
2427,56,soft-hit,360.905224,50.520776,235.4385,646.8644999999999,0,0
2427,56,soft-hit,371.872093,52.916336,245.592295,670.3807240000001,0,0
2427,56,soft-hit,367.281927,17.063146,241.568177,625.9132500000001,0,0
2427,56,soft-hit,365.535108,24.716433,241.049771,631.301312,0,0
2427,56,soft-hit,369.14862,17.175904,244.304055,630.628579,0,0
2427,56,soft-hit,364.538787,69.074305,239.792857,673.405949,0,0
2427,56,soft-hit,369.426153,17.447114,245.255375,632.128642,0,0
2427,56,soft-hit,409.957569,27.946789,284.784302,722.68866,0,0
2427,56,soft-hit,377.287586,32.759403,242.713182,652.7601709999999,0,0
2427,56,soft-hit,369.479023,35.180534,239.19486,643.854417,0,0
2427,56,soft-hit,369.004665,17.084112,242.574773,628.66355,0,0
2427,56,soft-hit,385.244599,50.926075,258.781827,694.952501,0,0
2427,56,soft-hit,371.938836,73.898486,245.039862,690.8771839999999,0,0
2427,56,soft-hit,363.394083,16.865911,236.212963,616.4729570000001,0,0
2427,56,soft-hit,373.008253,16.767794,246.868734,636.644781,0,0
2427,56,soft-hit,390.725665,19.731209,264.065738,674.522612,0,0
2427,56,soft-hit,372.92736,19.585108,247.210622,639.72309,0,0
2427,56,soft-hit,376.150723,20.350524,250.99332,647.494567,0,0
2427,56,soft-hit,368.893411,18.639563,241.07865,628.611624,0,0
2427,56,soft-hit,382.03188,16.654711,241.738768,640.4253590000001,0,0
2427,56,soft-hit,375.728457,57.454383,250.105341,683.288181,0,0
2427,56,soft-hit,403.583013,42.258883,277.991455,723.833351,0,0
2427,56,soft-hit,378.627618,16.936572,254.301006,649.865196,0,0
2427,56,soft-hit,393.389701,60.741842,269.290835,723.422378,0,0
2427,56,soft-hit,372.842054,37.246569,248.401168,658.489791,0,0
27830,55,miss,368.5917,16.678612,244.125132,0,629.395444,0
27830,55,soft-hit,382.274517,16.875567,259.199388,658.349472,0,0
27830,55,soft-hit,353.301812,16.608817,229.875666,599.786295,0,0
27830,55,soft-hit,367.874236,33.878903,243.699064,645.452203,0,0
27830,55,soft-hit,364.571896,17.520868,240.868967,622.961731,0,0
27830,55,soft-hit,365.932543,16.675215,240.790506,623.3982639999999,0,0
27830,55,soft-hit,377.669045,40.940353,248.295332,666.90473,0,0
27830,55,soft-hit,351.627598,30.155874,227.884797,609.668269,0,0
27830,55,soft-hit,349.013912,16.453351,226.128366,591.595629,0,0
27830,55,soft-hit,510.45772,45.899175,386.396821,942.7537159999999,0,0
27830,55,soft-hit,369.425193,17.057593,244.330126,630.812912,0,0
27830,55,soft-hit,363.85354,16.57157,241.390036,621.815146,0,0
27830,55,soft-hit,359.334812,36.442877,235.840308,631.6179970000001,0,0
27830,55,soft-hit,349.012771,16.899662,225.766447,591.6788799999999,0,0
27830,55,soft-hit,359.362937,16.959175,236.015393,612.337505,0,0
27830,55,soft-hit,367.336378,23.426465,243.797197,634.5600400000001,0,0
27830,55,soft-hit,350.569607,41.025572,228.051216,619.646395,0,0
27830,55,soft-hit,351.118208,52.275385,228.690966,632.084559,0,0
27830,55,soft-hit,369.269774,47.408775,229.725597,646.404146,0,0
27830,55,soft-hit,356.280763,16.885229,232.69143,605.857422,0,0
27830,55,soft-hit,378.09234,16.632071,254.463313,649.187724,0,0
27830,55,soft-hit,355.086704,17.973123,231.005443,604.06527,0,0
27830,55,soft-hit,369.9641,16.645868,247.642704,634.252672,0,0
27830,55,soft-hit,349.428486,23.884253,226.640152,599.952891,0,0
27830,55,soft-hit,356.791394,28.180762,234.270282,619.242438,0,0
27830,55,soft-hit,374.60693,16.713963,249.641936,640.9628289999999,0,0
27830,55,soft-hit,403.113959,61.127754,281.112478,745.354191,0,0
27830,55,soft-hit,352.064682,42.583186,229.059975,623.707843,0,0
27830,55,soft-hit,367.044651,16.691242,244.747644,628.4835370000001,0,0
27830,55,soft-hit,354.079653,47.191244,230.866375,632.1372719999999,0,0
27830,55,soft-hit,356.167414,57.466773,231.102164,644.736351,0,0
27830,55,soft-hit,328.308478,58.69274,235.662359,622.663577,0,0
27830,55,soft-hit,366.739233,17.280106,242.682687,626.7020259999999,0,0
27830,55,soft-hit,359.837469,16.422799,235.168707,611.428975,0,0
27830,55,soft-hit,363.60338,57.731072,240.410401,661.744853,0,0
27830,55,soft-hit,355.837446,23.919182,233.020038,612.776666,0,0
27830,55,soft-hit,359.684609,17.232358,236.81018,613.7271470000001,0,0
9868,60,miss,472.932161,48.579476,342.104251,0,863.615888,0
9868,used GE,hit,0,17.363557,0,17.363557,0,0
9868,used GE,hit,0,16.625642,0,16.625642,0,0
9868,used GE,hit,0,17.215127,0,17.215127,0,0
9868,used GE,hit,0,17.583084,0,17.583084,0,0
9868,used GE,hit,0,18.789528,0,18.789528,0,0
9868,used GE,hit,0,18.091534,0,18.091534,0,0
9868,used GE,hit,0,18.610772,0,18.610772,0,0
9868,used GE,hit,0,18.382556,0,18.382556,0,0
9868,used GE,hit,0,35.002938,0,35.002938,0,0
9868,used GE,hit,0,38.878746,0,38.878746,0,0
9868,used GE,hit,0,19.02294,0,19.02294,0,0
9868,used GE,hit,0,22.962411,0,22.962411,0,0
9868,used GE,hit,0,54.871665,0,54.871665,0,0
9868,used GE,hit,0,19.66253,0,19.66253,0,0
9868,used GE,hit,0,18.856596,0,18.856596,0,0
9868,used GE,hit,0,63.760431,0,63.760431,0,0
9868,used GE,hit,0,19.239901,0,19.239901,0,0
9868,used GE,hit,0,19.393742,0,19.393742,0,0
9868,used GE,hit,0,30.982674,0,30.982674,0,0
9868,used GE,hit,0,38.687895,0,38.687895,0,0
9868,used GE,hit,0,37.641971,0,37.641971,0,0
9868,used GE,hit,0,40.718179,0,40.718179,0,0
9868,used GE,hit,0,17.557508,0,17.557508,0,0
9868,used GE,hit,0,19.655701,0,19.655701,0,0
9868,used GE,hit,0,17.709306,0,17.709306,0,0
9868,used GE,hit,0,16.878266,0,16.878266,0,0
9868,used GE,hit,0,16.750464,0,16.750464,0,0
9868,used GE,hit,0,42.505568,0,42.505568,0,0
9868,used GE,hit,0,37.914937,0,37.914937,0,0
9868,used GE,hit,0,19.147228,0,19.147228,0,0
9868,used GE,hit,0,43.512418,0,43.512418,0,0
9868,used GE,hit,0,19.771096,0,19.771096,0,0
9868,used GE,hit,0,18.797745,0,18.797745,0,0
9868,used GE,hit,0,54.079257,0,54.079257,0,0
9868,used GE,hit,0,19.6198,0,19.6198,0,0
9868,used GE,hit,0,31.115581,0,31.115581,0,0
34679,59,miss,461.857062,47.083527,331.756018,0,840.696607,0
34679,used GE,hit,0,52.859826,0,52.859826,0,0
34679,used GE,hit,0,21.334334,0,21.334334,0,0
34679,used GE,hit,0,19.91063,0,19.91063,0,0
34679,used GE,hit,0,56.903401,0,56.903401,0,0
34679,used GE,hit,0,20.643911,0,20.643911,0,0
34679,used GE,hit,0,38.482179,0,38.482179,0,0
34679,used GE,hit,0,20.441784,0,20.441784,0,0
34679,used GE,hit,0,20.791696,0,20.791696,0,0
34679,used GE,hit,0,31.489429,0,31.489429,0,0
34679,used GE,hit,0,36.667415,0,36.667415,0,0
34679,used GE,hit,0,20.637909,0,20.637909,0,0
34679,used GE,hit,0,19.663319,0,19.663319,0,0
34679,used GE,hit,0,19.728424,0,19.728424,0,0
34679,used GE,hit,0,31.99592,0,31.99592,0,0
34679,used GE,hit,0,19.680757,0,19.680757,0,0
34679,used GE,hit,0,21.570327,0,21.570327,0,0
34679,used GE,hit,0,19.504372,0,19.504372,0,0
34679,used GE,hit,0,18.521606,0,18.521606,0,0
34679,used GE,hit,0,18.306007,0,18.306007,0,0
34679,used GE,hit,0,18.18485,0,18.18485,0,0
34679,used GE,hit,0,20.066114,0,20.066114,0,0
34679,used GE,hit,0,54.227916,0,54.227916,0,0
34679,used GE,hit,0,21.107217,0,21.107217,0,0
34679,used GE,hit,0,39.285899,0,39.285899,0,0
34679,used GE,hit,0,46.46044,0,46.46044,0,0
34679,used GE,hit,0,23.191312,0,23.191312,0,0
34679,used GE,hit,0,23.846159,0,23.846159,0,0
34679,used GE,hit,0,20.241884,0,20.241884,0,0
34679,used GE,hit,0,19.275522,0,19.275522,0,0
34679,used GE,hit,0,20.081612,0,20.081612,0,0
34679,used GE,hit,0,36.619469,0,36.619469,0,0
34679,used GE,hit,0,20.482532,0,20.482532,0,0
34679,used GE,hit,0,14.874876,0,14.874876,0,0
34679,used GE,hit,0,14.244265,0,14.244265,0,0
34679,used GE,hit,0,17.5768,0,17.5768,0,0
34679,used GE,hit,0,13.534088,0,13.534088,0,0
11221,51,miss,271.520207,16.959195,159.547002,0,448.026404,0
11221,51,soft-hit,270.739813,22.273325,153.07823,446.091368,0,0
11221,51,soft-hit,275.363148,44.346593,159.264606,478.974347,0,0
11221,51,soft-hit,271.932547,16.500475,155.782228,444.21524999999997,0,0
11221,51,soft-hit,281.337476,31.14154,164.608228,477.08724399999994,0,0
11221,51,soft-hit,272.354945,17.558644,156.363487,446.27707599999997,0,0
11221,51,soft-hit,287.752714,16.716225,171.464438,475.93337700000006,0,0
11221,51,soft-hit,272.448362,16.774142,155.945578,445.168082,0,0
11221,51,soft-hit,277.999171,16.191521,162.676687,456.86737899999997,0,0
11221,51,soft-hit,269.023478,16.090411,152.548287,437.662176,0,0
11221,51,soft-hit,270.249853,16.220563,153.211894,439.68231,0,0
11221,51,soft-hit,293.684439,15.214001,172.962493,481.860933,0,0
11221,51,soft-hit,283.437754,16.690007,167.255736,467.38349700000003,0,0
11221,51,soft-hit,270.333167,15.9755,157.429018,443.73768500000006,0,0
11221,51,soft-hit,299.342476,43.030766,182.912301,525.285543,0,0
11221,51,soft-hit,279.36308,33.682615,162.906532,475.952227,0,0
11221,51,soft-hit,277.045904,25.568078,161.608655,464.222637,0,0
11221,51,soft-hit,273.201657,17.676369,160.628477,451.506503,0,0
11221,51,soft-hit,289.645141,18.209754,174.46634,482.321235,0,0
11221,51,soft-hit,279.847497,47.085513,163.702989,490.63599899999997,0,0
11221,51,soft-hit,287.949309,16.110212,172.496718,476.556239,0,0
11221,51,soft-hit,278.826501,16.386579,163.205513,458.418593,0,0
11221,51,soft-hit,281.00348,17.257329,164.110456,462.371265,0,0
11221,51,soft-hit,290.459862,16.287326,174.223083,480.970271,0,0
11221,51,soft-hit,295.510602,42.246935,170.920524,508.678061,0,0
11221,51,soft-hit,284.68396,16.784218,162.417789,463.88596700000005,0,0
11221,51,soft-hit,284.329878,16.520281,167.383525,468.23368400000004,0,0
11221,51,soft-hit,271.483049,33.676895,154.788814,459.948758,0,0
11221,51,soft-hit,273.124888,17.636493,157.311586,448.072967,0,0
11221,51,soft-hit,284.045434,16.361791,167.547356,467.954581,0,0
11221,51,soft-hit,321.854644,69.185055,206.543295,597.582994,0,0
11221,51,soft-hit,281.916645,35.800076,166.143277,483.859998,0,0
11221,51,soft-hit,273.125891,22.754754,157.295488,453.17613300000005,0,0
11221,51,soft-hit,272.770577,17.101501,156.929591,446.801669,0,0
11221,51,soft-hit,275.075055,37.884094,160.630064,473.58921300000003,0,0
11221,51,soft-hit,264.120509,33.726293,155.127475,452.97427700000003,0,0
11221,51,soft-hit,277.639785,33.946669,162.038471,473.624925,0,0
35689,54,miss,347.970907,24.654342,227.252023,0,599.877272,0
35689,used GE,hit,0,50.881996,0,50.881996,0,0
35689,used GE,hit,0,33.596451,0,33.596451,0,0
35689,used GE,hit,0,18.137746,0,18.137746,0,0
35689,used GE,hit,0,103.521816,0,103.521816,0,0
35689,used GE,hit,0,21.149087,0,21.149087,0,0
35689,used GE,hit,0,19.649403,0,19.649403,0,0
35689,used GE,hit,0,63.839803,0,63.839803,0,0
35689,used GE,hit,0,19.685899,0,19.685899,0,0
35689,used GE,hit,0,18.231959,0,18.231959,0,0
35689,used GE,hit,0,17.446749,0,17.446749,0,0
35689,used GE,hit,0,18.181968,0,18.181968,0,0
35689,used GE,hit,0,17.294308,0,17.294308,0,0
35689,used GE,hit,0,25.517789,0,25.517789,0,0
35689,used GE,hit,0,80.141483,0,80.141483,0,0
35689,used GE,hit,0,54.267819,0,54.267819,0,0
35689,used GE,hit,0,18.811581,0,18.811581,0,0
35689,used GE,hit,0,18.054196,0,18.054196,0,0
35689,used GE,hit,0,25.239012,0,25.239012,0,0
35689,used GE,hit,0,16.606523,0,16.606523,0,0
35689,used GE,hit,0,15.92742,0,15.92742,0,0
35689,used GE,hit,0,16.127655,0,16.127655,0,0
35689,used GE,hit,0,58.620148,0,58.620148,0,0
35689,used GE,hit,0,56.493802,0,56.493802,0,0
35689,used GE,hit,0,19.346923,0,19.346923,0,0
35689,used GE,hit,0,41.132945,0,41.132945,0,0
35689,used GE,hit,0,50.257563,0,50.257563,0,0
35689,used GE,hit,0,18.416553,0,18.416553,0,0
35689,used GE,hit,0,17.613683,0,17.613683,0,0
35689,used GE,hit,0,17.126494,0,17.126494,0,0
35689,used GE,hit,0,16.588904,0,16.588904,0,0
35689,used GE,hit,0,28.136801,0,28.136801,0,0
35689,used GE,hit,0,68.51497,0,68.51497,0,0
35689,used GE,hit,0,19.403687,0,19.403687,0,0
35689,used GE,hit,0,34.564532,0,34.564532,0,0
35689,used GE,hit,0,42.827696,0,42.827696,0,0
35689,used GE,hit,0,18.70135,0,18.70135,0,0
11282,57,miss,422.141454,31.514852,294.508037,0,748.164343,0
11282,used GE,hit,0,17.281004,0,17.281004,0,0
11282,used GE,hit,0,60.981531,0,60.981531,0,0
11282,used GE,hit,0,17.570674,0,17.570674,0,0
11282,used GE,hit,0,17.263691,0,17.263691,0,0
11282,used GE,hit,0,13.69158,0,13.69158,0,0
11282,used GE,hit,0,13.191385,0,13.191385,0,0
11282,used GE,hit,0,13.012619,0,13.012619,0,0
11282,used GE,hit,0,12.736566,0,12.736566,0,0
11282,used GE,hit,0,39.597193,0,39.597193,0,0
11282,used GE,hit,0,47.220391,0,47.220391,0,0
11282,used GE,hit,0,13.676968,0,13.676968,0,0
11282,used GE,hit,0,13.195242,0,13.195242,0,0
11282,used GE,hit,0,13.196342,0,13.196342,0,0
11282,used GE,hit,0,12.962713,0,12.962713,0,0
11282,used GE,hit,0,62.285993,0,62.285993,0,0
11282,used GE,hit,0,13.571279,0,13.571279,0,0
11282,used GE,hit,0,24.345629,0,24.345629,0,0
11282,used GE,hit,0,13.086512,0,13.086512,0,0
11282,used GE,hit,0,24.027895,0,24.027895,0,0
11282,used GE,hit,0,35.678545,0,35.678545,0,0
11282,used GE,hit,0,13.018629,0,13.018629,0,0
11282,used GE,hit,0,13.007999,0,13.007999,0,0
11282,used GE,hit,0,39.039549,0,39.039549,0,0
11282,used GE,hit,0,13.218951,0,13.218951,0,0
11282,used GE,hit,0,13.767525,0,13.767525,0,0
11282,used GE,hit,0,14.165272,0,14.165272,0,0
11282,used GE,hit,0,28.724441,0,28.724441,0,0
11282,used GE,hit,0,31.574776,0,31.574776,0,0
11282,used GE,hit,0,13.654175,0,13.654175,0,0
11282,used GE,hit,0,13.474697,0,13.474697,0,0
11282,used GE,hit,0,35.835865,0,35.835865,0,0
11282,used GE,hit,0,13.626956,0,13.626956,0,0
11282,used GE,hit,0,13.089729,0,13.089729,0,0
11282,used GE,hit,0,62.125543,0,62.125543,0,0
11282,used GE,hit,0,17.741076,0,17.741076,0,0
11282,used GE,hit,0,44.179922,0,44.179922,0,0
11835,56,miss,396.19734,29.807111,269.622753,0,695.627204,0
11835,used GE,hit,0,30.224252,0,30.224252,0,0
11835,used GE,hit,0,44.616567,0,44.616567,0,0
11835,used GE,hit,0,20.442985,0,20.442985,0,0
11835,used GE,hit,0,26.846026,0,26.846026,0,0
11835,used GE,hit,0,60.306916,0,60.306916,0,0
11835,used GE,hit,0,67.828679,0,67.828679,0,0
11835,used GE,hit,0,51.144252,0,51.144252,0,0
11835,used GE,hit,0,20.38469,0,20.38469,0,0
11835,used GE,hit,0,19.429843,0,19.429843,0,0
11835,used GE,hit,0,18.388344,0,18.388344,0,0
11835,used GE,hit,0,17.555579,0,17.555579,0,0
11835,used GE,hit,0,17.798982,0,17.798982,0,0
11835,used GE,hit,0,45.872737,0,45.872737,0,0
11835,used GE,hit,0,21.280961,0,21.280961,0,0
11835,used GE,hit,0,19.297976,0,19.297976,0,0
11835,used GE,hit,0,18.51811,0,18.51811,0,0
11835,used GE,hit,0,35.311577,0,35.311577,0,0
11835,used GE,hit,0,60.835346,0,60.835346,0,0
11835,used GE,hit,0,20.528095,0,20.528095,0,0
11835,used GE,hit,0,21.087245,0,21.087245,0,0
11835,used GE,hit,0,27.744116,0,27.744116,0,0
11835,used GE,hit,0,18.673832,0,18.673832,0,0
11835,used GE,hit,0,67.563957,0,67.563957,0,0
11835,used GE,hit,0,21.201617,0,21.201617,0,0
11835,used GE,hit,0,36.682608,0,36.682608,0,0
11835,used GE,hit,0,20.159388,0,20.159388,0,0
11835,used GE,hit,0,53.614766,0,53.614766,0,0
11835,used GE,hit,0,20.418818,0,20.418818,0,0
11835,used GE,hit,0,19.346141,0,19.346141,0,0
11835,used GE,hit,0,19.784919,0,19.784919,0,0
11835,used GE,hit,0,19.638215,0,19.638215,0,0
11835,used GE,hit,0,17.960127,0,17.960127,0,0
11835,used GE,hit,0,22.977095,0,22.977095,0,0
11835,used GE,hit,0,18.398407,0,18.398407,0,0
11835,used GE,hit,0,18.16368,0,18.16368,0,0
12487,51,miss,280.678255,53.790561,165.673463,0,500.142279,0
12487,51,soft-hit,280.685354,50.347422,165.401155,496.43393100000003,0,0
12487,51,soft-hit,283.606125,15.259844,168.17233,467.038299,0,0
12487,51,soft-hit,285.010485,57.736929,169.866054,512.613468,0,0
12487,51,soft-hit,284.300411,36.471784,168.447914,489.220109,0,0
12487,51,soft-hit,299.558933,14.916931,184.30814,498.78400400000004,0,0
12487,51,soft-hit,284.433033,15.474836,169.581518,469.489387,0,0
12487,51,soft-hit,287.798456,31.246624,173.518593,492.563673,0,0
12487,51,soft-hit,290.291395,37.817905,175.597925,503.707225,0,0
12487,51,soft-hit,282.50135,49.810307,168.434693,500.74635,0,0
12487,51,soft-hit,285.138749,41.098158,169.874522,496.11142900000004,0,0
12487,51,soft-hit,293.91146,62.351263,179.65164,535.914363,0,0
12487,51,soft-hit,285.540134,27.697909,169.142924,482.38096700000006,0,0
12487,51,soft-hit,288.892371,36.526712,177.326426,502.745509,0,0
12487,51,soft-hit,294.59767,22.437684,179.862618,496.897972,0,0
12487,51,soft-hit,300.056571,15.522879,185.815526,501.39497600000004,0,0
12487,51,soft-hit,306.718355,14.867556,178.350598,499.936509,0,0
12487,51,soft-hit,318.284505,41.742484,201.111165,561.138154,0,0
12487,51,soft-hit,297.307272,15.214702,182.151834,494.673808,0,0
12487,51,soft-hit,294.514221,38.14638,181.084209,513.74481,0,0
12487,51,soft-hit,305.443989,15.183631,191.063875,511.691495,0,0
12487,51,soft-hit,285.178148,15.359212,169.244983,469.782343,0,0
12487,51,soft-hit,293.840278,15.654691,178.126653,487.621622,0,0
12487,51,soft-hit,296.245043,23.872269,183.075763,503.193075,0,0
12487,51,soft-hit,301.057047,15.148266,186.159944,502.36525700000004,0,0
12487,51,soft-hit,301.811403,15.02349,187.249042,504.083935,0,0
12487,51,soft-hit,285.406962,45.47912,169.625262,500.511344,0,0
12487,51,soft-hit,295.010266,15.287658,179.318273,489.616197,0,0
12487,51,soft-hit,284.82142,18.772008,169.557069,473.150497,0,0
12487,51,soft-hit,295.999266,29.097754,181.154544,506.251564,0,0
12487,51,soft-hit,322.283325,53.58972,207.577702,583.450747,0,0
12487,51,soft-hit,283.638237,39.698909,168.309726,491.64687200000003,0,0
12487,51,soft-hit,284.942292,15.200252,171.206545,471.34908900000005,0,0
12487,51,soft-hit,293.008568,15.285521,177.531146,485.825235,0,0
12487,51,soft-hit,309.076608,48.549314,193.588891,551.214813,0,0
12487,51,soft-hit,289.344405,38.912294,173.959416,502.216115,0,0
17778,49,miss,254.512749,26.607251,140.936613,0,422.05661299999997,0
17778,used GE,hit,0,20.613417,0,20.613417,0,0
17778,used GE,hit,0,23.57972,0,23.57972,0,0
17778,used GE,hit,0,46.923129,0,46.923129,0,0
17778,used GE,hit,0,20.182258,0,20.182258,0,0
17778,used GE,hit,0,18.441618,0,18.441618,0,0
17778,used GE,hit,0,17.891139,0,17.891139,0,0
17778,used GE,hit,0,35.237927,0,35.237927,0,0
17778,used GE,hit,0,18.099041,0,18.099041,0,0
17778,used GE,hit,0,25.082679,0,25.082679,0,0
17778,used GE,hit,0,25.376459,0,25.376459,0,0
17778,used GE,hit,0,45.717641,0,45.717641,0,0
17778,used GE,hit,0,46.093754,0,46.093754,0,0
17778,used GE,hit,0,63.068913,0,63.068913,0,0
17778,used GE,hit,0,20.900176,0,20.900176,0,0
17778,used GE,hit,0,18.629286,0,18.629286,0,0
17778,used GE,hit,0,18.234483,0,18.234483,0,0
17778,used GE,hit,0,18.855361,0,18.855361,0,0
17778,used GE,hit,0,37.395906,0,37.395906,0,0
17778,used GE,hit,0,21.892294,0,21.892294,0,0
17778,used GE,hit,0,26.34363,0,26.34363,0,0
17778,used GE,hit,0,35.337359,0,35.337359,0,0
17778,used GE,hit,0,15.901768,0,15.901768,0,0
17778,used GE,hit,0,16.935838,0,16.935838,0,0
17778,used GE,hit,0,44.659048,0,44.659048,0,0
17778,used GE,hit,0,19.128698,0,19.128698,0,0
17778,used GE,hit,0,42.23724,0,42.23724,0,0
17778,used GE,hit,0,36.385061,0,36.385061,0,0
17778,used GE,hit,0,16.506465,0,16.506465,0,0
17778,used GE,hit,0,13.812357,0,13.812357,0,0
17778,used GE,hit,0,58.5228,0,58.5228,0,0
17778,used GE,hit,0,17.850384,0,17.850384,0,0
17778,used GE,hit,0,18.122891,0,18.122891,0,0
17778,used GE,hit,0,27.435108,0,27.435108,0,0
17778,used GE,hit,0,16.264894,0,16.264894,0,0
17778,used GE,hit,0,16.730619,0,16.730619,0,0
22335,60,miss,511.365115,19.033674,380.242486,0,910.641275,0
22335,60,soft-hit,505.539945,56.725642,374.313625,936.579212,0,0
22335,60,soft-hit,508.519337,31.944905,375.141956,915.606198,0,0
22335,60,soft-hit,515.316772,52.15387,383.770568,951.24121,0,0
22335,60,soft-hit,509.042971,36.15139,377.05401,922.248371,0,0
22335,60,soft-hit,506.773337,53.980675,374.349603,935.103615,0,0
22335,60,soft-hit,535.073031,42.428854,402.202311,979.704196,0,0
22335,60,soft-hit,523.43072,17.083588,375.911076,916.4253839999999,0,0
22335,60,soft-hit,504.72383,39.431549,369.164312,913.319691,0,0
22335,60,soft-hit,503.629537,18.85038,370.830059,893.309976,0,0
22335,60,soft-hit,502.344263,18.415046,368.598517,889.357826,0,0
22335,60,soft-hit,512.3893969999999,17.927135,380.731064,911.0475959999999,0,0
22335,60,soft-hit,494.621683,35.729563,367.287775,897.639021,0,0
22335,60,soft-hit,501.63927,62.500165,369.844854,933.984289,0,0
22335,60,soft-hit,592.953337,18.005637,461.281052,1072.240026,0,0
22335,60,soft-hit,501.403296,17.98805,369.038289,888.429635,0,0
22335,60,soft-hit,503.167659,30.630642,370.492574,904.290875,0,0
22335,60,soft-hit,506.528427,42.338866,373.955359,922.8226520000001,0,0
22335,60,soft-hit,504.564197,18.76978,372.639921,895.973898,0,0
22335,60,soft-hit,533.261334,17.821447,392.560308,943.643089,0,0
22335,60,soft-hit,501.260706,31.383176,368.316763,900.960645,0,0
22335,60,soft-hit,499.917838,17.984447,368.278846,886.181131,0,0
22335,60,soft-hit,501.725645,18.010177,368.4808,888.2166219999999,0,0
22335,60,soft-hit,499.726611,17.636345,368.730031,886.092987,0,0
22335,60,soft-hit,501.171156,30.667163,368.641767,900.480086,0,0
22335,60,soft-hit,510.169914,67.970594,377.566826,955.707334,0,0
22335,60,soft-hit,501.869684,18.941731,369.78637,890.5977849999999,0,0
22335,60,soft-hit,501.314297,46.581929,369.559806,917.456032,0,0
22335,60,soft-hit,500.923259,17.844777,369.161556,887.929592,0,0
22335,60,soft-hit,506.995638,18.44812,374.905644,900.349402,0,0
22335,60,soft-hit,509.065057,76.505134,376.426953,961.997144,0,0
22335,60,soft-hit,521.653787,19.187564,389.386916,930.228267,0,0
22335,60,soft-hit,521.435568,28.025939,388.258126,937.7196329999999,0,0
22335,60,soft-hit,520.597265,18.623589,388.632979,927.8538329999999,0,0
22335,60,soft-hit,517.188346,20.264068,385.22832,922.680734,0,0
22335,60,soft-hit,503.440782,92.320863,371.724348,967.485993,0,0
26371,69,miss,713.875472,18.681654,566.291184,0,1298.8483099999999,0
26371,used GE,hit,0,52.082687,0,52.082687,0,0
26371,used GE,hit,0,32.764822,0,32.764822,0,0
26371,used GE,hit,0,51.878518,0,51.878518,0,0
26371,used GE,hit,0,29.85747,0,29.85747,0,0
26371,used GE,hit,0,24.909126,0,24.909126,0,0
26371,used GE,hit,0,22.899774,0,22.899774,0,0
26371,used GE,hit,0,22.402469,0,22.402469,0,0
26371,used GE,hit,0,30.30579,0,30.30579,0,0
26371,used GE,hit,0,23.305584,0,23.305584,0,0
26371,used GE,hit,0,31.18646,0,31.18646,0,0
26371,used GE,hit,0,23.785228,0,23.785228,0,0
26371,used GE,hit,0,47.899889,0,47.899889,0,0
26371,used GE,hit,0,48.928248,0,48.928248,0,0
26371,used GE,hit,0,43.591985,0,43.591985,0,0
26371,used GE,hit,0,26.265064,0,26.265064,0,0
26371,used GE,hit,0,25.406496,0,25.406496,0,0
26371,used GE,hit,0,24.230673,0,24.230673,0,0
26371,used GE,hit,0,23.521687,0,23.521687,0,0
26371,used GE,hit,0,49.833498,0,49.833498,0,0
26371,used GE,hit,0,48.000204,0,48.000204,0,0
26371,used GE,hit,0,36.450573,0,36.450573,0,0
26371,used GE,hit,0,40.690389,0,40.690389,0,0
26371,used GE,hit,0,25.94415,0,25.94415,0,0
26371,used GE,hit,0,50.394933,0,50.394933,0,0
26371,used GE,hit,0,46.718171,0,46.718171,0,0
26371,used GE,hit,0,42.968804,0,42.968804,0,0
26371,used GE,hit,0,27.711275,0,27.711275,0,0
26371,used GE,hit,0,43.272603,0,43.272603,0,0
26371,used GE,hit,0,23.801518,0,23.801518,0,0
26371,used GE,hit,0,22.12957,0,22.12957,0,0
26371,used GE,hit,0,49.731343,0,49.731343,0,0
26371,used GE,hit,0,46.603746,0,46.603746,0,0
26371,used GE,hit,0,32.666112,0,32.666112,0,0
26371,used GE,hit,0,47.649323,0,47.649323,0,0
26371,used GE,hit,0,26.563889,0,26.563889,0,0
26994,55,miss,394.651843,29.52564,268.353495,0,692.530978,0
26994,used GE,hit,0,40.350832,0,40.350832,0,0
26994,used GE,hit,0,62.233979,0,62.233979,0,0
26994,used GE,hit,0,20.247018,0,20.247018,0,0
26994,used GE,hit,0,67.416645,0,67.416645,0,0
26994,used GE,hit,0,23.346575,0,23.346575,0,0
26994,used GE,hit,0,20.982994,0,20.982994,0,0
26994,used GE,hit,0,48.528066,0,48.528066,0,0
26994,used GE,hit,0,21.506905,0,21.506905,0,0
26994,used GE,hit,0,21.605685,0,21.605685,0,0
26994,used GE,hit,0,20.648181,0,20.648181,0,0
26994,used GE,hit,0,20.63556,0,20.63556,0,0
26994,used GE,hit,0,31.254392,0,31.254392,0,0
26994,used GE,hit,0,42.919923,0,42.919923,0,0
26994,used GE,hit,0,21.414238,0,21.414238,0,0
26994,used GE,hit,0,20.041278,0,20.041278,0,0
26994,used GE,hit,0,90.601468,0,90.601468,0,0
26994,used GE,hit,0,56.706982,0,56.706982,0,0
26994,used GE,hit,0,64.394796,0,64.394796,0,0
26994,used GE,hit,0,22.249289,0,22.249289,0,0
26994,used GE,hit,0,27.323065,0,27.323065,0,0
26994,used GE,hit,0,27.808028,0,27.808028,0,0
26994,used GE,hit,0,20.21797,0,20.21797,0,0
26994,used GE,hit,0,75.500806,0,75.500806,0,0
26994,used GE,hit,0,22.569358,0,22.569358,0,0
26994,used GE,hit,0,21.620912,0,21.620912,0,0
26994,used GE,hit,0,20.471421,0,20.471421,0,0
26994,used GE,hit,0,47.146146,0,47.146146,0,0
26994,used GE,hit,0,35.763376,0,35.763376,0,0
26994,used GE,hit,0,16.419389,0,16.419389,0,0
26994,used GE,hit,0,15.507859,0,15.507859,0,0
26994,used GE,hit,0,13.693203,0,13.693203,0,0
26994,used GE,hit,0,13.915811,0,13.915811,0,0
26994,used GE,hit,0,14.372582,0,14.372582,0,0
26994,used GE,hit,0,13.647458,0,13.647458,0,0
26994,used GE,hit,0,13.522219,0,13.522219,0,0
28194,54,miss,375.906886,17.180521,248.413382,0,641.5007889999999,0
28194,used GE,hit,0,15.259772,0,15.259772,0,0
28194,used GE,hit,0,16.538649,0,16.538649,0,0
28194,used GE,hit,0,53.305977,0,53.305977,0,0
28194,used GE,hit,0,45.016906,0,45.016906,0,0
28194,used GE,hit,0,18.707554,0,18.707554,0,0
28194,used GE,hit,0,17.840369,0,17.840369,0,0
28194,used GE,hit,0,18.819151,0,18.819151,0,0
28194,used GE,hit,0,18.46178,0,18.46178,0,0
28194,used GE,hit,0,22.065646,0,22.065646,0,0
28194,used GE,hit,0,17.95187,0,17.95187,0,0
28194,used GE,hit,0,17.149903,0,17.149903,0,0
28194,used GE,hit,0,18.03394,0,18.03394,0,0
28194,used GE,hit,0,17.509221,0,17.509221,0,0
28194,used GE,hit,0,17.385745,0,17.385745,0,0
28194,used GE,hit,0,28.939495,0,28.939495,0,0
28194,used GE,hit,0,18.069571,0,18.069571,0,0
28194,used GE,hit,0,36.351175,0,36.351175,0,0
28194,used GE,hit,0,34.003129,0,34.003129,0,0
28194,used GE,hit,0,19.019313,0,19.019313,0,0
28194,used GE,hit,0,36.593237,0,36.593237,0,0
28194,used GE,hit,0,49.402597,0,49.402597,0,0
28194,used GE,hit,0,20.694648,0,20.694648,0,0
28194,used GE,hit,0,19.474369,0,19.474369,0,0
28194,used GE,hit,0,29.809711,0,29.809711,0,0
28194,used GE,hit,0,20.227236,0,20.227236,0,0
28194,used GE,hit,0,19.14492,0,19.14492,0,0
28194,used GE,hit,0,18.281826,0,18.281826,0,0
28194,used GE,hit,0,17.94028,0,17.94028,0,0
28194,used GE,hit,0,17.901109,0,17.901109,0,0
28194,used GE,hit,0,17.522335,0,17.522335,0,0
28194,used GE,hit,0,19.096326,0,19.096326,0,0
28194,used GE,hit,0,22.296072,0,22.296072,0,0
28194,used GE,hit,0,18.072768,0,18.072768,0,0
28194,used GE,hit,0,37.889769,0,37.889769,0,0
28194,used GE,hit,0,38.028489,0,38.028489,0,0
28836,58,miss,505.953535,18.361897,377.802476,0,902.1179079999999,0
28836,used GE,hit,0,17.64643,0,17.64643,0,0
28836,used GE,hit,0,32.469932,0,32.469932,0,0
28836,used GE,hit,0,21.557911,0,21.557911,0,0
28836,used GE,hit,0,18.493258,0,18.493258,0,0
28836,used GE,hit,0,61.252524,0,61.252524,0,0
28836,used GE,hit,0,49.480432,0,49.480432,0,0
28836,used GE,hit,0,60.605659,0,60.605659,0,0
28836,used GE,hit,0,20.83239,0,20.83239,0,0
28836,used GE,hit,0,19.759839,0,19.759839,0,0
28836,used GE,hit,0,18.956879,0,18.956879,0,0
28836,used GE,hit,0,20.501332,0,20.501332,0,0
28836,used GE,hit,0,23.31422,0,23.31422,0,0
28836,used GE,hit,0,19.522768,0,19.522768,0,0
28836,used GE,hit,0,18.909708,0,18.909708,0,0
28836,used GE,hit,0,18.116317,0,18.116317,0,0
28836,used GE,hit,0,80.074894,0,80.074894,0,0
28836,used GE,hit,0,20.935773,0,20.935773,0,0
28836,used GE,hit,0,49.196937,0,49.196937,0,0
28836,used GE,hit,0,20.270843,0,20.270843,0,0
28836,used GE,hit,0,19.152166,0,19.152166,0,0
28836,used GE,hit,0,19.944857,0,19.944857,0,0
28836,used GE,hit,0,19.3389,0,19.3389,0,0
28836,used GE,hit,0,19.975702,0,19.975702,0,0
28836,used GE,hit,0,19.057057,0,19.057057,0,0
28836,used GE,hit,0,23.84493,0,23.84493,0,0
28836,used GE,hit,0,106.921429,0,106.921429,0,0
28836,used GE,hit,0,33.506484,0,33.506484,0,0
28836,used GE,hit,0,22.120077,0,22.120077,0,0
28836,used GE,hit,0,20.546435,0,20.546435,0,0
28836,used GE,hit,0,19.362818,0,19.362818,0,0
28836,used GE,hit,0,20.297639,0,20.297639,0,0
28836,used GE,hit,0,52.381669,0,52.381669,0,0
28836,used GE,hit,0,42.100963,0,42.100963,0,0
28836,used GE,hit,0,20.202975,0,20.202975,0,0
28836,used GE,hit,0,20.851578,0,20.851578,0,0
2124,50,miss,286.260739,25.434883,172.656521,0,484.352143,0
2124,used GE,hit,0,29.001966,0,29.001966,0,0
2124,used GE,hit,0,13.979135,0,13.979135,0,0
2124,used GE,hit,0,31.206829,0,31.206829,0,0
2124,used GE,hit,0,10.680349,0,10.680349,0,0
2124,used GE,hit,0,33.402654,0,33.402654,0,0
2124,used GE,hit,0,10.873878,0,10.873878,0,0
2124,used GE,hit,0,10.557232,0,10.557232,0,0
2124,used GE,hit,0,32.270286,0,32.270286,0,0
2124,used GE,hit,0,10.730695,0,10.730695,0,0
2124,used GE,hit,0,11.179709,0,11.179709,0,0
2124,used GE,hit,0,31.438787,0,31.438787,0,0
2124,used GE,hit,0,35.257858,0,35.257858,0,0
2124,used GE,hit,0,20.849214,0,20.849214,0,0
2124,used GE,hit,0,20.71695,0,20.71695,0,0
2124,used GE,hit,0,11.337259,0,11.337259,0,0
2124,used GE,hit,0,10.669833,0,10.669833,0,0
2124,used GE,hit,0,10.344904,0,10.344904,0,0
2124,used GE,hit,0,36.135215,0,36.135215,0,0
2124,used GE,hit,0,13.682846,0,13.682846,0,0
2124,used GE,hit,0,11.350697,0,11.350697,0,0
2124,used GE,hit,0,11.248343,0,11.248343,0,0
2124,used GE,hit,0,10.654862,0,10.654862,0,0
2124,used GE,hit,0,10.530804,0,10.530804,0,0
2124,used GE,hit,0,13.769641,0,13.769641,0,0
2124,used GE,hit,0,11.142499,0,11.142499,0,0
2124,used GE,hit,0,24.362262,0,24.362262,0,0
2124,used GE,hit,0,10.796963,0,10.796963,0,0
2124,used GE,hit,0,35.705748,0,35.705748,0,0
2124,used GE,hit,0,10.718487,0,10.718487,0,0
2124,used GE,hit,0,11.032425,0,11.032425,0,0
2124,used GE,hit,0,20.652077,0,20.652077,0,0
2124,used GE,hit,0,40.723093,0,40.723093,0,0
2124,used GE,hit,0,49.082033,0,49.082033,0,0
2124,used GE,hit,0,20.831476,0,20.831476,0,0
2124,used GE,hit,0,25.589058,0,25.589058,0,0
30134,54,miss,394.0949,16.323169,274.491102,0,684.909171,0
30134,54,soft-hit,384.656879,16.039966,264.519044,665.2158890000001,0,0
30134,54,soft-hit,424.587645,15.849258,303.716528,744.153431,0,0
30134,54,soft-hit,386.146937,22.468159,260.653542,669.268638,0,0
30134,54,soft-hit,392.052538,15.749157,271.322604,679.1242990000001,0,0
30134,54,soft-hit,393.774534,15.626443,273.482133,682.88311,0,0
30134,54,soft-hit,392.95513,16.284963,265.383508,674.623601,0,0
30134,54,soft-hit,400.56947,15.542062,280.250923,696.362455,0,0
30134,54,soft-hit,380.727165,15.566555,259.655223,655.948943,0,0
30134,54,soft-hit,382.352331,15.450493,261.971229,659.774053,0,0
30134,54,soft-hit,380.860537,16.054343,261.024746,657.9396260000001,0,0
30134,54,soft-hit,382.126255,16.039695,261.941728,660.1076780000001,0,0
30134,54,soft-hit,380.753209,15.712021,260.212162,656.677392,0,0
30134,54,soft-hit,400.621493,15.988106,280.344763,696.954362,0,0
30134,54,soft-hit,406.748415,15.920037,285.510767,708.179219,0,0
30134,54,soft-hit,400.419667,19.145327,278.588801,698.153795,0,0
30134,54,soft-hit,405.911726,21.11465,280.733722,707.760098,0,0
30134,54,soft-hit,381.507518,28.295466,261.944113,671.7470969999999,0,0
30134,54,soft-hit,409.093426,27.999388,287.840728,724.933542,0,0
30134,54,soft-hit,385.649788,29.855761,266.201776,681.7073250000001,0,0
30134,54,soft-hit,389.742257,36.486604,268.507493,694.736354,0,0
30134,54,soft-hit,401.726755,53.317802,282.251453,737.29601,0,0
30134,54,soft-hit,404.177391,15.241456,283.111326,702.5301730000001,0,0
30134,54,soft-hit,386.10709,23.259199,266.658683,676.024972,0,0
30134,54,soft-hit,384.890974,15.691532,264.806635,665.3891410000001,0,0
30134,54,soft-hit,383.644658,14.665634,264.972477,663.282769,0,0
30134,54,soft-hit,338.219723,58.358336,269.916334,666.494393,0,0
30134,54,soft-hit,389.279423,15.691913,268.815806,673.787142,0,0
30134,54,soft-hit,348.859956,13.800184,279.224731,641.884871,0,0
30134,54,soft-hit,347.524934,13.287802,267.019883,627.832619,0,0
30134,54,soft-hit,385.942457,14.653755,269.331681,669.927893,0,0
30134,54,soft-hit,377.778837,14.971908,274.493999,667.244744,0,0
30134,54,soft-hit,392.33098,15.475393,272.866331,680.6727040000001,0,0
30134,54,soft-hit,378.258038,14.104511,261.76887,654.131419,0,0
30134,54,soft-hit,380.784523,15.621703,262.478624,658.88485,0,0
30134,54,soft-hit,383.100938,15.718971,262.506688,661.326597,0,0
3822,64,miss,552.980311,15.913058,469.031452,0,1037.924821,0
3822,64,soft-hit,553.759528,21.993835,470.279738,1046.033101,0,0
3822,64,soft-hit,560.24493,32.582288,474.801753,1067.628971,0,0
3822,64,soft-hit,571.163586,51.328624,474.965367,1097.4575770000001,0,0
3822,64,soft-hit,557.539087,16.521859,472.294698,1046.355644,0,0
3822,64,soft-hit,653.685859,16.186349,507.991742,1177.86395,0,0
3822,64,soft-hit,572.784395,55.65714,478.63221,1107.0737450000001,0,0
3822,64,soft-hit,618.329225,18.077245,480.23638,1116.64285,0,0
3822,64,soft-hit,607.799596,17.659599,484.377959,1109.8371539999998,0,0
3822,64,soft-hit,595.786539,17.045449,476.157145,1088.989133,0,0
3822,64,soft-hit,588.509135,49.898576,502.199691,1140.607402,0,0
3822,64,soft-hit,610.781452,18.862243,476.425616,1106.069311,0,0
3822,64,soft-hit,615.010337,70.442782,474.839572,1160.292691,0,0
3822,64,soft-hit,626.688994,18.674082,486.56898,1131.932056,0,0
3822,64,soft-hit,627.842542,18.523332,488.452623,1134.818497,0,0
3822,64,soft-hit,617.493243,22.654096,478.934087,1119.081426,0,0
3822,64,soft-hit,678.720082,17.657043,531.265143,1227.642268,0,0
3822,64,soft-hit,624.868008,19.860072,485.728273,1130.456353,0,0
3822,64,soft-hit,636.731212,18.60718,496.105546,1151.443938,0,0
3822,64,soft-hit,619.424979,41.093866,479.336538,1139.855383,0,0
3822,64,soft-hit,632.853936,75.57342,493.757095,1202.184451,0,0
3822,64,soft-hit,629.411004,79.730551,490.260294,1199.401849,0,0
3822,64,soft-hit,620.910462,45.218385,479.215842,1145.344689,0,0
3822,64,soft-hit,648.206978,18.186429,507.585291,1173.978698,0,0
3822,64,soft-hit,624.042468,19.53346,484.008286,1127.584214,0,0
3822,64,soft-hit,621.934468,18.142341,487.223637,1127.300446,0,0
3822,64,soft-hit,629.372373,18.733157,489.30958,1137.41511,0,0
3822,64,soft-hit,632.947595,34.86875,492.795142,1160.6114870000001,0,0
3822,64,soft-hit,624.690176,18.194988,485.773606,1128.65877,0,0
3822,64,soft-hit,621.750493,55.779309,482.387975,1159.9177770000001,0,0
3822,64,soft-hit,648.374688,38.361535,508.95562,1195.691843,0,0
3822,64,soft-hit,622.536111,19.478457,483.246749,1125.261317,0,0
3822,64,soft-hit,618.02533,31.174058,478.739521,1127.938909,0,0
3822,64,soft-hit,619.289049,45.092876,478.459588,1142.8415129999998,0,0
3822,64,soft-hit,619.249347,38.912611,479.206842,1137.3688,0,0
3822,64,soft-hit,635.394866,19.755362,495.97166,1151.1218880000001,0,0
31102,66,miss,693.601793,24.658726,552.009105,0,1270.269624,0
31102,used GE,hit,0,31.83342,0,31.83342,0,0
31102,used GE,hit,0,37.4504,0,37.4504,0,0
31102,used GE,hit,0,20.279656,0,20.279656,0,0
31102,used GE,hit,0,19.383123,0,19.383123,0,0
31102,used GE,hit,0,26.990243,0,26.990243,0,0
31102,used GE,hit,0,53.916621,0,53.916621,0,0
31102,used GE,hit,0,20.154841,0,20.154841,0,0
31102,used GE,hit,0,57.79899,0,57.79899,0,0
31102,used GE,hit,0,56.56378,0,56.56378,0,0
31102,used GE,hit,0,36.673552,0,36.673552,0,0
31102,used GE,hit,0,39.728079,0,39.728079,0,0
31102,used GE,hit,0,27.536185,0,27.536185,0,0
31102,used GE,hit,0,14.929393,0,14.929393,0,0
31102,used GE,hit,0,14.896983,0,14.896983,0,0
31102,used GE,hit,0,18.336618,0,18.336618,0,0
31102,used GE,hit,0,36.402218,0,36.402218,0,0
31102,used GE,hit,0,60.601267,0,60.601267,0,0
31102,used GE,hit,0,22.215329,0,22.215329,0,0
31102,used GE,hit,0,19.71324,0,19.71324,0,0
31102,used GE,hit,0,13.414952,0,13.414952,0,0
31102,used GE,hit,0,50.683547,0,50.683547,0,0
31102,used GE,hit,0,13.917602,0,13.917602,0,0
31102,used GE,hit,0,13.908645,0,13.908645,0,0
31102,used GE,hit,0,14.703731,0,14.703731,0,0
31102,used GE,hit,0,12.903074,0,12.903074,0,0
31102,used GE,hit,0,20.221708,0,20.221708,0,0
31102,used GE,hit,0,25.039767,0,25.039767,0,0
31102,used GE,hit,0,13.585088,0,13.585088,0,0
31102,used GE,hit,0,17.191885,0,17.191885,0,0
31102,used GE,hit,0,13.34832,0,13.34832,0,0
31102,used GE,hit,0,13.070935,0,13.070935,0,0
31102,used GE,hit,0,13.898319,0,13.898319,0,0
31102,used GE,hit,0,25.345503,0,25.345503,0,0
31102,used GE,hit,0,13.170962,0,13.170962,0,0
31102,used GE,hit,0,49.991354,0,49.991354,0,0
5124,58,miss,490.4877,36.034023,360.888614,0,887.410337,0
5124,used GE,hit,0,18.246349,0,18.246349,0,0
5124,used GE,hit,0,47.910785,0,47.910785,0,0
5124,used GE,hit,0,42.585909,0,42.585909,0,0
5124,used GE,hit,0,28.460235,0,28.460235,0,0
5124,used GE,hit,0,20.258395,0,20.258395,0,0
5124,used GE,hit,0,20.206351,0,20.206351,0,0
5124,used GE,hit,0,19.511534,0,19.511534,0,0
5124,used GE,hit,0,19.569454,0,19.569454,0,0
5124,used GE,hit,0,19.576443,0,19.576443,0,0
5124,used GE,hit,0,52.664614,0,52.664614,0,0
5124,used GE,hit,0,20.847341,0,20.847341,0,0
5124,used GE,hit,0,23.113097,0,23.113097,0,0
5124,used GE,hit,0,62.60148,0,62.60148,0,0
5124,used GE,hit,0,36.282713,0,36.282713,0,0
5124,used GE,hit,0,19.740554,0,19.740554,0,0
5124,used GE,hit,0,50.692019,0,50.692019,0,0
5124,used GE,hit,0,31.722851,0,31.722851,0,0
5124,used GE,hit,0,32.419501,0,32.419501,0,0
5124,used GE,hit,0,17.19831,0,17.19831,0,0
5124,used GE,hit,0,19.383368,0,19.383368,0,0
5124,used GE,hit,0,58.137993,0,58.137993,0,0
5124,used GE,hit,0,21.660907,0,21.660907,0,0
5124,used GE,hit,0,19.658185,0,19.658185,0,0
5124,used GE,hit,0,27.592197,0,27.592197,0,0
5124,used GE,hit,0,19.711022,0,19.711022,0,0
5124,used GE,hit,0,20.461352,0,20.461352,0,0
5124,used GE,hit,0,51.707795,0,51.707795,0,0
5124,used GE,hit,0,33.710879,0,33.710879,0,0
5124,used GE,hit,0,19.702825,0,19.702825,0,0
5124,used GE,hit,0,18.922234,0,18.922234,0,0
5124,used GE,hit,0,19.407584,0,19.407584,0,0
5124,used GE,hit,0,42.947523,0,42.947523,0,0
5124,used GE,hit,0,58.194783,0,58.194783,0,0
5124,used GE,hit,0,20.040215,0,20.040215,0,0
5124,used GE,hit,0,27.639307,0,27.639307,0,0
31264,56,miss,452.198333,17.921642,327.07869,0,797.198665,0
31264,used GE,hit,0,15.998659,0,15.998659,0,0
31264,used GE,hit,0,15.272189,0,15.272189,0,0
31264,used GE,hit,0,54.544778,0,54.544778,0,0
31264,used GE,hit,0,18.938468,0,18.938468,0,0
31264,used GE,hit,0,36.766427,0,36.766427,0,0
31264,used GE,hit,0,44.990934,0,44.990934,0,0
31264,used GE,hit,0,19.690387,0,19.690387,0,0
31264,used GE,hit,0,64.122537,0,64.122537,0,0
31264,used GE,hit,0,40.533721,0,40.533721,0,0
31264,used GE,hit,0,44.192053,0,44.192053,0,0
31264,used GE,hit,0,20.84362,0,20.84362,0,0
31264,used GE,hit,0,20.04411,0,20.04411,0,0
31264,used GE,hit,0,39.793449,0,39.793449,0,0
31264,used GE,hit,0,20.158555,0,20.158555,0,0
31264,used GE,hit,0,36.655743,0,36.655743,0,0
31264,used GE,hit,0,20.850154,0,20.850154,0,0
31264,used GE,hit,0,32.847248,0,32.847248,0,0
31264,used GE,hit,0,37.236958,0,37.236958,0,0
31264,used GE,hit,0,36.157707,0,36.157707,0,0
31264,used GE,hit,0,53.808688,0,53.808688,0,0
31264,used GE,hit,0,32.429924,0,32.429924,0,0
31264,used GE,hit,0,19.438156,0,19.438156,0,0
31264,used GE,hit,0,42.384506,0,42.384506,0,0
31264,used GE,hit,0,60.741785,0,60.741785,0,0
31264,used GE,hit,0,13.603661,0,13.603661,0,0
31264,used GE,hit,0,12.799558,0,12.799558,0,0
31264,used GE,hit,0,31.100966,0,31.100966,0,0
31264,used GE,hit,0,12.655034,0,12.655034,0,0
31264,used GE,hit,0,12.14022,0,12.14022,0,0
31264,used GE,hit,0,20.613709,0,20.613709,0,0
31264,used GE,hit,0,12.675015,0,12.675015,0,0
31264,used GE,hit,0,16.355971,0,16.355971,0,0
31264,used GE,hit,0,33.03936,0,33.03936,0,0
31264,used GE,hit,0,40.568787,0,40.568787,0,0
31264,used GE,hit,0,40.735902,0,40.735902,0,0
6556,65,miss,669.772012,68.807867,529.543016,0,1268.122895,0
6556,65,soft-hit,687.692107,17.342583,546.50386,1251.53855,0,0
6556,65,soft-hit,681.748029,18.130245,541.346305,1241.224579,0,0
6556,65,soft-hit,660.968502,17.76839,521.273172,1200.010064,0,0
6556,65,soft-hit,655.124408,17.934783,515.46449,1188.5236810000001,0,0
6556,65,soft-hit,699.359304,17.747005,558.126684,1275.232993,0,0
6556,65,soft-hit,661.276386,17.994537,526.900098,1206.171021,0,0
6556,65,soft-hit,658.504312,17.607633,519.021387,1195.1333319999999,0,0
6556,65,soft-hit,660.311405,44.926567,516.430158,1221.66813,0,0
6556,65,soft-hit,655.355535,17.681868,515.434961,1188.4723640000002,0,0
6556,65,soft-hit,660.998294,17.716112,521.163201,1199.877607,0,0
6556,65,soft-hit,661.010378,60.574252,519.265625,1240.8502549999998,0,0
6556,65,soft-hit,693.761015,55.99047,553.851108,1303.602593,0,0
6556,65,soft-hit,665.913622,17.840793,525.022847,1208.777262,0,0
6556,66,soft-hit,697.918337,17.740189,555.728417,1271.386943,0,0
6556,used GE,hit,0,33.954515,0,33.954515,0,0
6556,used GE,hit,0,29.498353,0,29.498353,0,0
6556,used GE,hit,0,74.033968,0,74.033968,0,0
6556,used GE,hit,0,22.712473,0,22.712473,0,0
6556,67,soft-hit,749.414401,33.237332,605.504416,1388.156149,0,0
6556,67,soft-hit,708.042196,31.225379,565.841003,1305.1085779999999,0,0
6556,67,soft-hit,705.280049,17.73213,562.573164,1285.585343,0,0
6556,67,soft-hit,709.829832,30.242411,562.924373,1302.996616,0,0
6556,67,soft-hit,708.261568,110.17751,559.722618,1378.1616960000001,0,0
6556,67,soft-hit,705.809269,52.497553,559.699873,1318.006695,0,0
6556,67,soft-hit,702.414405,27.360623,559.775877,1289.550905,0,0
6556,67,soft-hit,704.563268,83.833955,561.174557,1349.5717800000002,0,0
6556,67,soft-hit,725.053328,20.428898,580.356258,1325.8384839999999,0,0
6556,67,soft-hit,704.592895,20.785501,560.862234,1286.2406299999998,0,0
6556,67,soft-hit,745.327417,70.993352,572.941866,1389.262635,0,0
6556,67,soft-hit,819.46632,18.505409,611.881708,1449.853437,0,0
6556,67,soft-hit,707.793054,38.623128,561.857959,1308.2741409999999,0,0
6556,67,soft-hit,709.575199,86.320357,580.549659,1376.4452150000002,0,0
6556,67,soft-hit,718.429645,26.191168,577.299121,1321.919934,0,0
6556,67,soft-hit,725.981993,17.866325,580.986788,1324.835106,0,0
6556,67,soft-hit,708.486051,18.078774,565.354075,1291.9189,0,0
32741,42,miss,119.832973,29.188159,19.4894,0,168.510532,0
32741,used GE,hit,0,14.607718,0,14.607718,0,0
32741,used GE,hit,0,20.795962,0,20.795962,0,0
32741,used GE,hit,0,31.494904,0,31.494904,0,0
32741,used GE,hit,0,44.098181,0,44.098181,0,0
32741,used GE,hit,0,20.966305,0,20.966305,0,0
32741,used GE,hit,0,16.894175,0,16.894175,0,0
32741,used GE,hit,0,15.811647,0,15.811647,0,0
32741,used GE,hit,0,16.050931,0,16.050931,0,0
32741,used GE,hit,0,14.958781,0,14.958781,0,0
32741,used GE,hit,0,57.362399,0,57.362399,0,0
32741,used GE,hit,0,16.70889,0,16.70889,0,0
32741,used GE,hit,0,15.588913,0,15.588913,0,0
32741,used GE,hit,0,43.353193,0,43.353193,0,0
32741,used GE,hit,0,36.669315,0,36.669315,0,0
32741,used GE,hit,0,23.380345,0,23.380345,0,0
32741,used GE,hit,0,35.672255,0,35.672255,0,0
32741,used GE,hit,0,15.971919,0,15.971919,0,0
32741,used GE,hit,0,15.599033,0,15.599033,0,0
32741,used GE,hit,0,72.044751,0,72.044751,0,0
32741,used GE,hit,0,17.229878,0,17.229878,0,0
32741,used GE,hit,0,16.546929,0,16.546929,0,0
32741,used GE,hit,0,15.590136,0,15.590136,0,0
32741,used GE,hit,0,30.966384,0,30.966384,0,0
32741,used GE,hit,0,16.500346,0,16.500346,0,0
32741,used GE,hit,0,15.143355,0,15.143355,0,0
32741,used GE,hit,0,24.640576,0,24.640576,0,0
32741,used GE,hit,0,15.835106,0,15.835106,0,0
32741,used GE,hit,0,29.567172,0,29.567172,0,0
32741,used GE,hit,0,31.771005,0,31.771005,0,0
32741,used GE,hit,0,19.19637,0,19.19637,0,0
32741,used GE,hit,0,16.744213,0,16.744213,0,0
32741,used GE,hit,0,16.290392,0,16.290392,0,0
32741,used GE,hit,0,37.11807,0,37.11807,0,0
32741,used GE,hit,0,15.242917,0,15.242917,0,0
32741,used GE,hit,0,30.358048,0,30.358048,0,0
9522,49,miss,285.409135,45.889151,172.934758,0,504.23304399999995,0
9522,49,soft-hit,307.729423,16.105788,194.281043,518.116254,0,0
9522,49,soft-hit,289.35978,15.922688,175.376182,480.65864999999997,0,0
9522,49,soft-hit,288.588916,31.326115,173.664201,493.579232,0,0
9522,49,soft-hit,289.762552,16.515983,176.260146,482.538681,0,0
9522,49,soft-hit,280.672161,15.598072,167.556198,463.826431,0,0
9522,49,soft-hit,279.604827,48.371391,166.613831,494.590049,0,0
9522,49,soft-hit,280.059307,45.747375,167.361436,493.168118,0,0
9522,49,soft-hit,284.703941,16.029699,172.767059,473.50069899999994,0,0
9522,49,soft-hit,299.828106,15.577442,186.122378,501.527926,0,0
9522,49,soft-hit,283.080797,15.697398,168.371381,467.149576,0,0
9522,49,soft-hit,281.90116,34.747361,169.083089,485.73161,0,0
9522,49,soft-hit,282.415149,15.247929,169.714724,467.377802,0,0
9522,49,soft-hit,293.281555,14.018882,167.146924,474.447361,0,0
9522,49,soft-hit,282.880312,20.595003,169.670243,473.145558,0,0
9522,49,soft-hit,281.271358,15.432307,169.052844,465.75650900000005,0,0
9522,49,soft-hit,303.869587,14.5366,195.702523,514.10871,0,0
9522,49,soft-hit,286.500946,40.268182,174.908622,501.67775,0,0
9522,49,soft-hit,289.690229,18.874072,177.071722,485.636023,0,0
9522,49,soft-hit,284.639393,27.266826,171.770626,483.67684499999996,0,0
9522,49,soft-hit,281.0177,32.349859,167.979836,481.347395,0,0
9522,49,soft-hit,315.944008,20.02322,203.995181,539.962409,0,0
9522,49,soft-hit,284.375418,15.18535,172.201429,471.762197,0,0
9522,49,soft-hit,289.662182,47.093326,176.456596,513.212104,0,0
9522,49,soft-hit,298.720022,15.194956,186.289459,500.204437,0,0
9522,49,soft-hit,280.998292,15.895445,168.73926,465.632997,0,0
9522,49,soft-hit,283.089003,15.383021,169.166389,467.638413,0,0
9522,49,soft-hit,283.642649,31.001658,171.296773,485.94108,0,0
9522,49,soft-hit,292.672469,21.39321,180.654652,494.720331,0,0
9522,49,soft-hit,283.748145,36.281747,171.434651,491.46454300000005,0,0
9522,49,soft-hit,294.862952,15.569625,181.865478,492.298055,0,0
9522,49,soft-hit,301.048323,16.600948,188.056768,505.706039,0,0
9522,49,soft-hit,284.213214,16.90497,172.655685,473.773869,0,0
9522,49,soft-hit,284.213922,27.969849,175.336658,487.52042900000004,0,0
9522,49,soft-hit,305.309939,53.604144,192.54269,551.456773,0,0
9522,49,soft-hit,292.207609,15.443771,179.368091,487.01947099999995,0,0
34290,51,miss,354.383569,17.42066,237.451991,0,609.25622,0
34290,used GE,hit,0,37.821336,0,37.821336,0,0
34290,used GE,hit,0,18.520378,0,18.520378,0,0
34290,used GE,hit,0,17.715533,0,17.715533,0,0
34290,used GE,hit,0,16.651997,0,16.651997,0,0
34290,used GE,hit,0,59.178058,0,59.178058,0,0
34290,used GE,hit,0,19.153241,0,19.153241,0,0
34290,used GE,hit,0,50.354727,0,50.354727,0,0
34290,used GE,hit,0,46.766215,0,46.766215,0,0
34290,used GE,hit,0,51.43744,0,51.43744,0,0
34290,used GE,hit,0,19.41693,0,19.41693,0,0
34290,used GE,hit,0,56.665384,0,56.665384,0,0
34290,used GE,hit,0,20.732911,0,20.732911,0,0
34290,used GE,hit,0,19.347355,0,19.347355,0,0
34290,used GE,hit,0,18.748419,0,18.748419,0,0
34290,used GE,hit,0,45.110561,0,45.110561,0,0
34290,used GE,hit,0,20.404607,0,20.404607,0,0
34290,used GE,hit,0,40.673446,0,40.673446,0,0
34290,used GE,hit,0,59.092122,0,59.092122,0,0
34290,used GE,hit,0,18.742162,0,18.742162,0,0
34290,used GE,hit,0,60.336966,0,60.336966,0,0
34290,used GE,hit,0,49.125351,0,49.125351,0,0
34290,used GE,hit,0,20.012355,0,20.012355,0,0
34290,used GE,hit,0,19.298649,0,19.298649,0,0
34290,used GE,hit,0,18.531159,0,18.531159,0,0
34290,used GE,hit,0,17.779993,0,17.779993,0,0
34290,used GE,hit,0,18.418254,0,18.418254,0,0
34290,used GE,hit,0,25.309569,0,25.309569,0,0
34290,used GE,hit,0,23.665123,0,23.665123,0,0
34290,used GE,hit,0,39.192074,0,39.192074,0,0
34290,used GE,hit,0,19.067582,0,19.067582,0,0
34290,used GE,hit,0,65.53925,0,65.53925,0,0
34290,used GE,hit,0,20.412669,0,20.412669,0,0
34290,used GE,hit,0,19.825024,0,19.825024,0,0
34290,used GE,hit,0,49.702187,0,49.702187,0,0
34290,used GE,hit,0,29.264046,0,29.264046,0,0
25956,48,miss,289.047322,13.369327,179.610247,0,482.02689599999997,0
25956,48,soft-hit,286.219377,13.612012,176.68276,476.514149,0,0
25956,48,soft-hit,267.053217,13.242606,157.983735,438.279558,0,0
25956,48,soft-hit,269.328601,13.377039,157.420865,440.12650499999995,0,0
25956,48,soft-hit,275.299477,23.162129,166.173043,464.634649,0,0
25956,48,soft-hit,277.47686,13.427774,167.935899,458.840533,0,0
25956,48,soft-hit,274.405781,42.082815,164.573317,481.061913,0,0
25956,48,soft-hit,273.127809,13.480951,163.015783,449.624543,0,0
25956,48,soft-hit,274.213254,13.148928,164.713512,452.075694,0,0
25956,48,soft-hit,285.947643,15.676073,176.38192,478.00563600000004,0,0
25956,48,soft-hit,277.389901,13.534266,165.330401,456.254568,0,0
25956,48,soft-hit,276.455131,13.24158,165.791969,455.48868,0,0
25956,48,soft-hit,278.639815,32.971579,169.108506,480.7199,0,0
25956,48,soft-hit,273.75398,13.330798,165.102622,452.1874,0,0
25956,48,soft-hit,270.068313,18.205417,161.049169,449.322899,0,0
25956,48,soft-hit,268.042842,13.385361,158.584607,440.01281,0,0
25956,48,soft-hit,282.43022,13.436938,172.70755,468.574708,0,0
25956,48,soft-hit,294.653026,13.762527,185.173791,493.589344,0,0
25956,48,soft-hit,272.291533,13.35182,162.596582,448.23993500000006,0,0
25956,48,soft-hit,278.615787,13.313633,169.061103,460.99052300000005,0,0
25956,48,soft-hit,284.26651,13.243789,175.150596,472.660895,0,0
25956,48,soft-hit,282.751127,64.452901,173.072056,520.276084,0,0
25956,48,soft-hit,282.040129,13.331472,173.329026,468.70062699999994,0,0
25956,48,soft-hit,282.216083,33.344716,164.031384,479.59218300000003,0,0
25956,48,soft-hit,271.959286,40.622124,160.373521,472.95493100000004,0,0
25956,48,soft-hit,271.525675,68.07686,161.874625,501.47715999999997,0,0
25956,48,soft-hit,278.066579,13.496475,169.152584,460.715638,0,0
25956,48,soft-hit,273.240648,19.301666,163.728978,456.271292,0,0
25956,48,soft-hit,275.596143,35.233871,166.764364,477.594378,0,0
25956,48,soft-hit,280.080534,13.600302,171.118828,464.799664,0,0
25956,48,soft-hit,272.734562,23.5594,163.054608,459.34857,0,0
25956,48,soft-hit,275.851936,36.677353,180.300368,492.829657,0,0
25956,48,soft-hit,269.205289,40.221517,160.467081,469.893887,0,0
25956,48,soft-hit,270.340311,13.400038,161.35274,445.09308899999996,0,0
25956,48,soft-hit,270.946386,23.689129,160.93314,455.56865500000004,0,0
25956,48,soft-hit,288.823122,31.431949,179.140522,499.395593,0,0
1766,44,miss,184.323144,35.798405,80.227531,0,300.34908,0
1766,44,soft-hit,168.40495,14.937133,64.614288,247.95637100000002,0,0
1766,44,soft-hit,179.355208,42.759496,69.109487,291.224191,0,0
1766,44,soft-hit,189.391842,18.957933,86.192543,294.542318,0,0
1766,44,soft-hit,184.245019,21.20555,78.988447,284.43901600000004,0,0
1766,44,soft-hit,180.172048,15.350186,75.967369,271.489603,0,0
1766,44,soft-hit,185.819118,23.861005,80.125247,289.80537000000004,0,0
1766,44,soft-hit,178.555567,33.79412,73.577849,285.92753600000003,0,0
1766,44,soft-hit,185.445124,20.283731,80.846103,286.574958,0,0
1766,44,soft-hit,170.584896,16.454643,65.873528,252.91306699999998,0,0
1766,44,soft-hit,194.990593,16.605768,89.275705,300.872066,0,0
1766,44,soft-hit,177.549493,43.972542,72.89428,294.416315,0,0
1766,44,soft-hit,172.43258,37.289805,68.111054,277.833439,0,0
1766,44,soft-hit,174.236149,38.454354,69.485026,282.175529,0,0
1766,44,soft-hit,171.068492,17.52412,65.892901,254.48551299999997,0,0
1766,44,soft-hit,169.853841,15.312191,65.408365,250.57439699999998,0,0
1766,44,soft-hit,170.624453,14.908766,65.995377,251.528596,0,0
1766,44,soft-hit,170.422401,29.37055,65.494743,265.287694,0,0
1766,44,soft-hit,167.93623,14.714651,65.624655,248.275536,0,0
1766,44,soft-hit,177.277317,19.236683,72.658844,269.172844,0,0
1766,44,soft-hit,169.610832,14.864299,66.291527,250.766658,0,0
1766,44,soft-hit,209.13915,15.01713,106.193372,330.349652,0,0
1766,44,soft-hit,171.724277,38.846303,67.324354,277.89493400000003,0,0
1766,44,soft-hit,176.554069,15.331232,71.859254,263.744555,0,0
1766,44,soft-hit,180.526592,14.827027,81.295542,276.649161,0,0
1766,44,soft-hit,215.470974,39.693835,111.102792,366.267601,0,0
1766,44,soft-hit,187.997522,28.954718,83.440085,300.392325,0,0
1766,44,soft-hit,177.630343,37.538286,73.786385,288.955014,0,0
1766,44,soft-hit,214.663123,14.847729,111.032738,340.54359,0,0
1766,44,soft-hit,192.971753,15.089091,88.862966,296.92381,0,0
1766,44,soft-hit,171.579186,23.986802,67.43919,263.005178,0,0
1766,44,soft-hit,171.046061,15.007282,67.414108,253.467451,0,0
1766,44,soft-hit,173.755763,30.953697,69.499883,274.209343,0,0
1766,44,soft-hit,190.130582,40.245279,70.240663,300.616524,0,0
1766,44,soft-hit,175.546107,14.612603,71.046805,261.205515,0,0
1766,44,soft-hit,172.29077,14.829027,68.06236,255.18215700000002,0,0
26366,46,miss,227.375688,14.563728,121.530292,0,363.46970799999997,0
26366,46,soft-hit,225.715192,14.989139,119.393118,360.097449,0,0
26366,46,soft-hit,225.1178,13.940778,118.622565,357.681143,0,0
26366,46,soft-hit,228.588764,16.732195,122.981567,368.302526,0,0
26366,46,soft-hit,228.701047,13.930489,122.462921,365.094457,0,0
26366,46,soft-hit,245.744701,15.958098,139.785619,401.488418,0,0
26366,46,soft-hit,237.160452,14.090423,131.139212,382.390087,0,0
26366,46,soft-hit,231.194242,15.144214,125.884951,372.223407,0,0
26366,46,soft-hit,228.233604,14.39846,122.117671,364.749735,0,0
26366,46,soft-hit,235.158755,64.35213,129.345657,428.856542,0,0
26366,46,soft-hit,239.26901,15.018556,132.125543,386.41310899999996,0,0
26366,46,soft-hit,230.685005,13.775001,124.616943,369.076949,0,0
26366,46,soft-hit,232.419863,31.044616,125.41998,388.884459,0,0
26366,46,soft-hit,246.350549,34.428378,136.966094,417.745021,0,0
26366,46,soft-hit,226.615197,13.730597,121.158474,361.504268,0,0
26366,46,soft-hit,234.945634,19.922715,129.227236,384.095585,0,0
26366,46,soft-hit,239.230467,54.079359,132.42283,425.732656,0,0
26366,46,soft-hit,227.121792,14.300433,121.242411,362.664636,0,0
26366,46,soft-hit,229.300548,28.021409,123.820362,381.142319,0,0
26366,46,soft-hit,238.445403,14.09191,132.788441,385.325754,0,0
26366,46,soft-hit,229.50891,22.735752,124.13696,376.381622,0,0
26366,46,soft-hit,226.149864,28.613612,120.928033,375.691509,0,0
26366,46,soft-hit,226.186763,14.132416,120.638353,360.957532,0,0
26366,46,soft-hit,230.521833,31.795184,124.073872,386.390889,0,0
26366,46,soft-hit,232.05917,14.771821,126.389559,373.22055,0,0
26366,46,soft-hit,241.021554,14.131433,135.108658,390.261645,0,0
26366,46,soft-hit,247.306636,15.577827,140.843477,403.72794,0,0
26366,46,soft-hit,317.123295,33.338638,210.715101,561.177034,0,0
26366,46,soft-hit,251.169089,14.047814,145.743227,410.96013,0,0
26366,46,soft-hit,230.099169,13.915683,123.026832,367.041684,0,0
26366,46,soft-hit,231.472639,20.730573,125.164981,377.368193,0,0
26366,46,soft-hit,232.536782,37.460068,126.998234,396.995084,0,0
26366,46,soft-hit,247.401964,14.356245,141.54055,403.298759,0,0
26366,46,soft-hit,236.204152,13.801765,129.941522,379.947439,0,0
26366,46,soft-hit,240.280499,13.971144,137.618038,391.869681,0,0
26366,46,soft-hit,259.302043,14.226843,153.094299,426.62318500000003,0,0
3328,48,miss,272.535935,14.85082,161.833002,0,449.21975699999996,0
3328,used GE,hit,0,13.894763,0,13.894763,0,0
3328,used GE,hit,0,14.779895,0,14.779895,0,0
3328,used GE,hit,0,31.406741,0,31.406741,0,0
3328,used GE,hit,0,15.583379,0,15.583379,0,0
3328,used GE,hit,0,14.692654,0,14.692654,0,0
3328,used GE,hit,0,15.75845,0,15.75845,0,0
3328,used GE,hit,0,15.843796,0,15.843796,0,0
3328,used GE,hit,0,15.789305,0,15.789305,0,0
3328,used GE,hit,0,15.544468,0,15.544468,0,0
3328,used GE,hit,0,21.35459,0,21.35459,0,0
3328,used GE,hit,0,22.530221,0,22.530221,0,0
3328,used GE,hit,0,16.047791,0,16.047791,0,0
3328,used GE,hit,0,41.438985,0,41.438985,0,0
3328,used GE,hit,0,17.139609,0,17.139609,0,0
3328,used GE,hit,0,16.462638,0,16.462638,0,0
3328,used GE,hit,0,15.446113,0,15.446113,0,0
3328,used GE,hit,0,15.204626,0,15.204626,0,0
3328,used GE,hit,0,32.218373,0,32.218373,0,0
3328,used GE,hit,0,27.717675,0,27.717675,0,0
3328,used GE,hit,0,48.661805,0,48.661805,0,0
3328,used GE,hit,0,11.807058,0,11.807058,0,0
3328,used GE,hit,0,18.387657,0,18.387657,0,0
3328,used GE,hit,0,10.684601,0,10.684601,0,0
3328,used GE,hit,0,10.353224,0,10.353224,0,0
3328,used GE,hit,0,10.219582,0,10.219582,0,0
3328,used GE,hit,0,24.583961,0,24.583961,0,0
3328,49,soft-hit,333.865264,15.012807,216.700192,565.578263,0,0
3328,used GE,hit,0,13.29759,0,13.29759,0,0
3328,used GE,hit,0,31.475861,0,31.475861,0,0
3328,used GE,hit,0,16.190897,0,16.190897,0,0
3328,used GE,hit,0,14.981216,0,14.981216,0,0
3328,used GE,hit,0,40.368825,0,40.368825,0,0
3328,used GE,hit,0,18.803587,0,18.803587,0,0
3328,used GE,hit,0,16.234592,0,16.234592,0,0
3328,used GE,hit,0,15.729256,0,15.729256,0,0
26555,40,miss,96.005604,13.894373,998.564812,0,1108.4647889999999,0
26555,used GE,hit,0,25.862609,0,25.862609,0,0
26555,used GE,hit,0,40.44013,0,40.44013,0,0
26555,used GE,hit,0,15.484281,0,15.484281,0,0
26555,used GE,hit,0,17.394062,0,17.394062,0,0
26555,used GE,hit,0,27.158153,0,27.158153,0,0
26555,used GE,hit,0,15.240221,0,15.240221,0,0
26555,used GE,hit,0,14.038899,0,14.038899,0,0
26555,used GE,hit,0,37.63399,0,37.63399,0,0
26555,used GE,hit,0,26.672311,0,26.672311,0,0
26555,used GE,hit,0,14.372598,0,14.372598,0,0
26555,used GE,hit,0,14.303993,0,14.303993,0,0
26555,used GE,hit,0,14.711669,0,14.711669,0,0
26555,used GE,hit,0,14.538534,0,14.538534,0,0
26555,used GE,hit,0,14.305795,0,14.305795,0,0
26555,used GE,hit,0,14.11334,0,14.11334,0,0
26555,used GE,hit,0,15.274942,0,15.274942,0,0
26555,used GE,hit,0,14.626065,0,14.626065,0,0
26555,used GE,hit,0,13.982958,0,13.982958,0,0
26555,used GE,hit,0,25.29655,0,25.29655,0,0
26555,used GE,hit,0,15.361342,0,15.361342,0,0
26555,used GE,hit,0,18.89511,0,18.89511,0,0
26555,used GE,hit,0,13.288307,0,13.288307,0,0
26555,used GE,hit,0,12.651703,0,12.651703,0,0
26555,used GE,hit,0,29.583917,0,29.583917,0,0
26555,used GE,hit,0,41.936613,0,41.936613,0,0
26555,used GE,hit,0,14.03679,0,14.03679,0,0
26555,used GE,hit,0,30.987114,0,30.987114,0,0
26555,used GE,hit,0,15.541121,0,15.541121,0,0
26555,used GE,hit,0,16.975147,0,16.975147,0,0
26555,used GE,hit,0,13.275869,0,13.275869,0,0
26555,used GE,hit,0,88.798743,0,88.798743,0,0
26555,used GE,hit,0,66.273298,0,66.273298,0,0
26555,used GE,hit,0,63.674047,0,63.674047,0,0
26555,used GE,hit,0,38.23,0,38.23,0,0
26555,used GE,hit,0,15.725004,0,15.725004,0,0
4095,51,miss,367.332091,33.201137,250.484941,0,651.018169,0
4095,used GE,hit,0,14.720416,0,14.720416,0,0
4095,used GE,hit,0,14.370662,0,14.370662,0,0
4095,used GE,hit,0,14.667056,0,14.667056,0,0
4095,used GE,hit,0,14.610367,0,14.610367,0,0
4095,used GE,hit,0,15.90807,0,15.90807,0,0
4095,used GE,hit,0,15.929499,0,15.929499,0,0
4095,used GE,hit,0,15.3875,0,15.3875,0,0
4095,used GE,hit,0,43.532208,0,43.532208,0,0
4095,used GE,hit,0,24.762511,0,24.762511,0,0
4095,used GE,hit,0,16.777534,0,16.777534,0,0
4095,used GE,hit,0,72.539065,0,72.539065,0,0
4095,used GE,hit,0,43.958142,0,43.958142,0,0
4095,used GE,hit,0,17.3294,0,17.3294,0,0
4095,used GE,hit,0,16.535412,0,16.535412,0,0
4095,used GE,hit,0,16.212256,0,16.212256,0,0
4095,used GE,hit,0,15.555381,0,15.555381,0,0
4095,used GE,hit,0,15.164535,0,15.164535,0,0
4095,used GE,hit,0,65.382091,0,65.382091,0,0
4095,used GE,hit,0,16.324011,0,16.324011,0,0
4095,used GE,hit,0,16.267155,0,16.267155,0,0
4095,used GE,hit,0,33.025117,0,33.025117,0,0
4095,used GE,hit,0,16.64902,0,16.64902,0,0
4095,used GE,hit,0,19.823888,0,19.823888,0,0
4095,used GE,hit,0,33.792086,0,33.792086,0,0
4095,used GE,hit,0,27.294315,0,27.294315,0,0
4095,used GE,hit,0,17.390601,0,17.390601,0,0
4095,used GE,hit,0,20.615749,0,20.615749,0,0
4095,used GE,hit,0,16.068134,0,16.068134,0,0
4095,used GE,hit,0,15.777775,0,15.777775,0,0
4095,used GE,hit,0,48.280152,0,48.280152,0,0
4095,used GE,hit,0,27.809692,0,27.809692,0,0
4095,used GE,hit,0,16.480941,0,16.480941,0,0
4095,used GE,hit,0,32.25731,0,32.25731,0,0
4095,used GE,hit,0,20.492,0,20.492,0,0
4095,used GE,hit,0,48.875307,0,48.875307,0,0
27259,36,miss,953.923922,23.269402,905.048938,0,1882.242262,0
27259,36,soft-hit,2.2182399999999998,12.718157,913.569956,928.5063530000001,0,0
27259,36,soft-hit,29.837414,13.330738,940.91963,984.087782,0,0
27259,36,soft-hit,992.162347,33.974826,902.840356,1928.977529,0,0
27259,36,soft-hit,990.994102,32.54388,902.371447,1925.9094289999998,0,0
27259,36,soft-hit,990.930271,25.596849,902.575864,1919.102984,0,0
27259,36,soft-hit,999.302835,13.82856,910.558685,1923.6900799999999,0,0
27259,36,soft-hit,992.570915,13.258862,903.49925,1909.329027,0,0
27259,36,soft-hit,8.656257,13.173077,918.954642,940.783976,0,0
27259,36,soft-hit,995.178218,33.736259,906.486869,1935.401346,0,0
27259,36,soft-hit,991.823794,35.449275,903.062164,1930.3352330000002,0,0
27259,36,soft-hit,996.007257,25.714202,907.294026,1929.015485,0,0
27259,36,soft-hit,998.559407,13.456099,910.156203,1922.171709,0,0
27259,36,soft-hit,2.718546,12.93132,912.829991,928.4798569999999,0,0
27259,36,soft-hit,994.889096,28.401209,906.69492,1929.985225,0,0
27259,36,soft-hit,998.884618,12.937716,909.958396,1921.78073,0,0
27259,36,soft-hit,993.263399,12.935499,904.764503,1910.963401,0,0
27259,36,soft-hit,11.891311,31.641261,908.411197,951.943769,0,0
27259,36,soft-hit,10.005801,13.017671,920.546273,943.569745,0,0
27259,36,soft-hit,2.758063,12.671059,912.884746,928.313868,0,0
27259,36,soft-hit,996.316166,26.019409,908.158136,1930.493711,0,0
27259,36,soft-hit,4.379036,12.910405,913.912582,931.202023,0,0
27259,36,soft-hit,995.43816,19.092164,906.829024,1921.359348,0,0
27259,36,soft-hit,5.594214,20.924807,915.858654,942.377675,0,0
27259,36,soft-hit,992.838546,12.681588,904.246954,1909.767088,0,0
27259,36,soft-hit,992.939666,12.632897,903.614304,1909.186867,0,0
27259,36,soft-hit,997.948389,13.144538,908.054647,1919.147574,0,0
27259,36,soft-hit,997.152724,35.64043,907.545415,1940.338569,0,0
27259,36,soft-hit,998.065511,13.029288,913.155373,1924.250172,0,0
27259,36,soft-hit,995.098034,25.27825,905.938709,1926.314993,0,0
27259,36,soft-hit,993.445878,13.092827,905.226593,1911.765298,0,0
27259,36,soft-hit,994.520248,17.784225,906.091891,1918.3963640000002,0,0
27259,36,soft-hit,6.88391,45.052506,916.851797,968.788213,0,0
27259,36,soft-hit,994.045215,12.939231,905.344698,1912.3291439999998,0,0
27259,36,soft-hit,9.42054,13.104388,919.521869,942.046797,0,0
27259,36,soft-hit,32.090623,11.78843,924.329757,968.20881,0,0
5766,38,miss,44.632554,14.505926,951.663054,0,1010.8015340000001,0
5766,used GE,hit,0,13.478514,0,13.478514,0,0
5766,used GE,hit,0,12.913966,0,12.913966,0,0
5766,used GE,hit,0,13.786057,0,13.786057,0,0
5766,used GE,hit,0,13.369232,0,13.369232,0,0
5766,used GE,hit,0,32.472119,0,32.472119,0,0
5766,used GE,hit,0,14.406633,0,14.406633,0,0
5766,used GE,hit,0,14.156567,0,14.156567,0,0
5766,used GE,hit,0,14.818665,0,14.818665,0,0
5766,used GE,hit,0,14.955841,0,14.955841,0,0
5766,used GE,hit,0,18.213414,0,18.213414,0,0
5766,used GE,hit,0,45.699281,0,45.699281,0,0
5766,used GE,hit,0,16.217162,0,16.217162,0,0
5766,used GE,hit,0,16.016187,0,16.016187,0,0
5766,used GE,hit,0,23.663464,0,23.663464,0,0
5766,used GE,hit,0,14.898956,0,14.898956,0,0
5766,used GE,hit,0,33.441764,0,33.441764,0,0
5766,used GE,hit,0,14.830942,0,14.830942,0,0
5766,used GE,hit,0,23.187369,0,23.187369,0,0
5766,used GE,hit,0,30.74569,0,30.74569,0,0
5766,used GE,hit,0,15.738592,0,15.738592,0,0
5766,used GE,hit,0,14.970636,0,14.970636,0,0
5766,used GE,hit,0,25.647192,0,25.647192,0,0
5766,used GE,hit,0,14.991054,0,14.991054,0,0
5766,used GE,hit,0,14.685421,0,14.685421,0,0
5766,used GE,hit,0,14.471745,0,14.471745,0,0
5766,used GE,hit,0,26.066765,0,26.066765,0,0
5766,used GE,hit,0,31.041603,0,31.041603,0,0
5766,used GE,hit,0,38.394521,0,38.394521,0,0
5766,used GE,hit,0,30.606991,0,30.606991,0,0
5766,used GE,hit,0,16.437497,0,16.437497,0,0
5766,used GE,hit,0,32.184479,0,32.184479,0,0
5766,used GE,hit,0,18.307786,0,18.307786,0,0
5766,used GE,hit,0,34.203576,0,34.203576,0,0
5766,used GE,hit,0,49.411488,0,49.411488,0,0
5766,used GE,hit,0,38.772526,0,38.772526,0,0
30696,38,miss,63.598564,36.76729,969.967127,0,1070.332981,0
30696,38,soft-hit,107.662993,34.56747,5.30609,147.536553,0,0
30696,38,soft-hit,53.385258,14.220764,959.479527,1027.085549,0,0
30696,38,soft-hit,61.944767,12.17152,954.882687,1028.998974,0,0
30696,38,soft-hit,19.393923,17.226121,967.427903,1004.047947,0,0
30696,38,soft-hit,75.502026,16.040081,979.703825,1071.245932,0,0
30696,38,soft-hit,84.322732,17.650163,993.022043,1094.994938,0,0
30696,38,soft-hit,56.016336,35.121327,963.332957,1054.4706199999998,0,0
30696,38,soft-hit,65.659649,37.278937,971.566359,1074.5049450000001,0,0
30696,38,soft-hit,51.2767,15.703298,957.978032,1024.95803,0,0
30696,38,soft-hit,58.731234,27.557285,965.683544,1051.972063,0,0
30696,38,soft-hit,71.671447,30.330172,978.85064,1080.852259,0,0
30696,38,soft-hit,50.468393,33.687314,956.104737,1040.260444,0,0
30696,38,soft-hit,47.837334,14.66306,955.118586,1017.61898,0,0
30696,38,soft-hit,60.992787,23.231392,967.999479,1052.223658,0,0
30696,38,soft-hit,68.3836,14.171943,975.926044,1058.4815870000002,0,0
30696,38,soft-hit,64.610442,41.833008,971.096261,1077.539711,0,0
30696,38,soft-hit,79.639094,40.766604,984.822801,1105.2284989999998,0,0
30696,38,soft-hit,54.849625,16.531974,962.199199,1033.580798,0,0
30696,38,soft-hit,56.292662,22.458065,962.612504,1041.363231,0,0
30696,38,soft-hit,47.292503,32.026337,954.522877,1033.841717,0,0
30696,38,soft-hit,68.114788,13.916263,957.347399,1039.37845,0,0
30696,38,soft-hit,50.59024,47.646298,955.573421,1053.8099590000002,0,0
30696,38,soft-hit,61.620721,13.886163,968.582238,1044.0891219999999,0,0
30696,38,soft-hit,53.02819,14.062869,960.218399,1027.309458,0,0
30696,38,soft-hit,68.889175,14.247308,975.586874,1058.7233569999999,0,0
30696,38,soft-hit,59.971553,14.283581,966.386604,1040.641738,0,0
30696,38,soft-hit,53.528234,36.147986,959.854115,1049.530335,0,0
30696,38,soft-hit,54.10334,13.802264,962.068326,1029.97393,0,0
30696,38,soft-hit,50.709825,25.923307,957.502365,1034.135497,0,0
30696,38,soft-hit,52.425149,26.081631,959.060838,1037.567618,0,0
30696,38,soft-hit,57.905843,14.075534,964.780511,1036.761888,0,0
30696,38,soft-hit,49.265131,38.063769,956.189173,1043.518073,0,0
30696,38,soft-hit,58.003931,13.706188,965.107546,1036.817665,0,0
30696,38,soft-hit,45.130034,13.733334,955.891915,1014.7552830000001,0,0
30696,38,soft-hit,72.400812,14.414306,979.61151,1066.426628,0,0
8071,43,miss,165.543156,14.603598,67.513399,0,247.66015300000004,0
8071,43,soft-hit,184.404064,41.813751,83.916445,310.13426000000004,0,0
8071,43,soft-hit,169.309029,32.870132,68.730912,270.910073,0,0
8071,43,soft-hit,165.864941,29.866095,66.814014,262.54505,0,0
8071,43,soft-hit,174.337153,14.745651,72.726926,261.80973,0,0
8071,43,soft-hit,167.798914,19.59673,67.038398,254.434042,0,0
8071,43,soft-hit,185.529191,14.543362,85.202527,285.27508,0,0
8071,43,soft-hit,178.688541,29.892502,77.910399,286.491442,0,0
8071,43,soft-hit,177.020342,14.475586,77.100506,268.596434,0,0
8071,43,soft-hit,187.106817,14.48258,86.156075,287.745472,0,0
8071,43,soft-hit,170.316158,14.542183,70.352086,255.21042699999998,0,0
8071,43,soft-hit,181.846467,14.365235,81.526656,277.738358,0,0
8071,43,soft-hit,173.941691,14.594446,73.479075,262.015212,0,0
8071,43,soft-hit,171.161083,14.705159,70.712014,256.578256,0,0
8071,43,soft-hit,168.33636,14.443841,67.966432,250.74663300000003,0,0
8071,43,soft-hit,166.976875,14.479961,66.176002,247.632838,0,0
8071,43,soft-hit,167.164605,14.299016,66.613251,248.07687199999998,0,0
8071,43,soft-hit,167.256975,14.080612,66.574362,247.911949,0,0
8071,43,soft-hit,166.664696,14.320548,66.100836,247.08607999999998,0,0
8071,43,soft-hit,181.418783,16.745987,65.399297,263.564067,0,0
8071,43,soft-hit,158.508226,14.758286,67.204694,240.471206,0,0
8071,43,soft-hit,170.415611,37.841916,69.335038,277.59256500000004,0,0
8071,43,soft-hit,166.972021,40.913769,69.051477,276.937267,0,0
8071,43,soft-hit,178.444079,14.319675,77.80614,270.569894,0,0
8071,43,soft-hit,190.048305,14.83615,89.365776,294.250231,0,0
8071,43,soft-hit,171.187377,14.448056,70.445018,256.080451,0,0
8071,43,soft-hit,177.6462,26.728958,77.371013,281.746171,0,0
8071,43,soft-hit,170.039813,40.649328,69.471104,280.16024500000003,0,0
8071,43,soft-hit,169.724405,26.267149,69.474671,265.466225,0,0
8071,43,soft-hit,173.311985,14.756216,70.980172,259.04837299999997,0,0
8071,43,soft-hit,178.276688,37.562949,77.914139,293.753776,0,0
8071,43,soft-hit,168.893568,14.889337,68.00593,251.788835,0,0
8071,43,soft-hit,185.373238,27.062474,84.675795,297.11150699999996,0,0
8071,43,soft-hit,188.05923,14.960212,87.527803,290.54724500000003,0,0
8071,43,soft-hit,169.423981,69.740455,68.754093,307.91852900000004,0,0
8071,43,soft-hit,167.755367,37.355292,67.401472,272.512131,0,0
31408,44,miss,219.368297,14.578565,115.779148,0,349.72601000000003,0
31408,44,soft-hit,201.607383,14.775106,98.114926,314.497415,0,0
31408,44,soft-hit,219.427031,14.620245,116.206473,350.25374899999997,0,0
31408,44,soft-hit,213.582514,14.317404,115.046069,342.945987,0,0
31408,44,soft-hit,202.905429,15.946918,100.337241,319.189588,0,0
31408,44,soft-hit,206.235498,36.979127,100.53892,343.75354500000003,0,0
31408,44,soft-hit,203.070233,14.688758,98.425641,316.18463199999997,0,0
31408,44,soft-hit,216.56706,37.633385,113.623081,367.823526,0,0
31408,44,soft-hit,209.649098,14.174069,106.369219,330.192386,0,0
31408,44,soft-hit,203.790389,14.273395,100.145898,318.20968200000004,0,0
31408,44,soft-hit,201.568943,32.622875,99.100257,333.29207499999995,0,0
31408,44,soft-hit,202.819035,17.415925,99.153863,319.388823,0,0
31408,44,soft-hit,202.61131,14.648964,99.305863,316.566137,0,0
31408,44,soft-hit,216.475297,14.483953,112.276722,343.235972,0,0
31408,44,soft-hit,215.278664,15.309261,111.985207,342.573132,0,0
31408,44,soft-hit,211.165429,32.910554,106.924952,351.000935,0,0
31408,44,soft-hit,204.423198,16.811714,99.682547,320.917459,0,0
31408,44,soft-hit,204.347634,30.410336,99.250992,334.008962,0,0
31408,44,soft-hit,208.924975,15.448383,104.200474,328.573832,0,0
31408,44,soft-hit,204.631558,14.262829,101.034575,319.928962,0,0
31408,44,soft-hit,217.644174,24.731484,113.96587,356.341528,0,0
31408,44,soft-hit,217.479872,17.614159,114.020261,349.114292,0,0
31408,44,soft-hit,204.474189,14.355317,100.925252,319.754758,0,0
31408,44,soft-hit,203.851999,21.054995,100.04328,324.95027400000004,0,0
31408,44,soft-hit,205.932572,34.159068,102.42155,342.51319,0,0
31408,44,soft-hit,211.338488,14.13729,107.524585,333.000363,0,0
31408,44,soft-hit,222.114075,14.793428,118.365022,355.272525,0,0
31408,44,soft-hit,215.594843,14.301863,110.594253,340.490959,0,0
31408,44,soft-hit,214.858148,14.60956,110.680818,340.148526,0,0
31408,44,soft-hit,206.306697,14.262596,101.975532,322.544825,0,0
31408,44,soft-hit,207.729355,14.461805,102.658159,324.849319,0,0
31408,44,soft-hit,221.243871,13.382593,109.927785,344.554249,0,0
31408,44,soft-hit,226.833223,551.376419,121.86792,900.0775620000001,0,0
31408,44,soft-hit,218.837815,14.681224,114.594882,348.113921,0,0
31408,44,soft-hit,208.947216,30.904263,105.773872,345.625351,0,0
31408,44,soft-hit,211.84681,20.572321,108.980836,341.399967,0,0
10287,35,miss,982.701842,12.69546,896.620027,0,1892.0173290000002,0
10287,35,soft-hit,999.69808,12.600387,913.108501,1925.406968,0,0
10287,35,soft-hit,979.067197,24.719508,892.415657,1896.202362,0,0
10287,35,soft-hit,977.372447,12.58643,891.642295,1881.601172,0,0
10287,35,soft-hit,980.67692,36.6973,895.361489,1912.735709,0,0
10287,35,soft-hit,980.828132,35.893541,895.230081,1911.9517540000002,0,0
10287,35,soft-hit,979.384662,23.961755,893.163446,1896.5098630000002,0,0
10287,35,soft-hit,984.077215,12.906329,897.791291,1894.7748350000002,0,0
10287,35,soft-hit,982.199323,12.598172,895.127676,1889.9251709999999,0,0
10287,35,soft-hit,980.874089,28.675516,895.303588,1904.853193,0,0
10287,35,soft-hit,993.783187,37.346079,907.850409,1938.979675,0,0
10287,35,soft-hit,979.765682,12.796223,893.681673,1886.243578,0,0
10287,35,soft-hit,980.404781,12.673442,894.182272,1887.260495,0,0
10287,35,soft-hit,996.195613,12.091254,894.547492,1902.834359,0,0
10287,35,soft-hit,980.08842,34.131545,894.138209,1908.358174,0,0
10287,35,soft-hit,977.404579,12.756368,891.587682,1881.748629,0,0
10287,35,soft-hit,986.252237,12.992147,899.65332,1898.897704,0,0
10287,35,soft-hit,980.138576,13.423271,893.445203,1887.00705,0,0
10287,35,soft-hit,979.252364,12.997742,892.914839,1885.164945,0,0
10287,35,soft-hit,982.892861,16.646376,895.809492,1895.348729,0,0
10287,35,soft-hit,983.81972,13.084052,897.704196,1894.607968,0,0
10287,35,soft-hit,982.538139,15.068303,896.824111,1894.4305530000001,0,0
10287,35,soft-hit,989.935345,18.549344,903.739103,1912.223792,0,0
10287,35,soft-hit,982.641218,14.177804,896.596935,1893.4159570000002,0,0
10287,36,soft-hit,10.415262,38.589877,921.303557,970.3086959999999,0,0
10287,36,soft-hit,5.630635,43.099963,916.826027,965.5566249999999,0,0
10287,36,soft-hit,20.801269,12.743165,931.807978,965.3524120000001,0,0
10287,36,soft-hit,5.543347,12.664837,916.580357,934.7885410000001,0,0
10287,36,soft-hit,5.617076,12.973638,916.480236,935.07095,0,0
10287,37,soft-hit,33.594325,13.326432,946.53333,993.454087,0,0
10287,37,soft-hit,33.724089,13.26602,942.522051,989.5121600000001,0,0
10287,37,soft-hit,43.254824,28.458775,956.020563,1027.734162,0,0
10287,37,soft-hit,990.951014,50.173672,941.729261,1982.853947,0,0
10287,37,soft-hit,44.376124,15.904859,948.494579,1008.775562,0,0
10287,37,soft-hit,39.772859,12.848726,948.122217,1000.7438020000001,0,0
10287,37,soft-hit,32.028124,22.420092,941.821108,996.269324,0,0
31418,45,miss,250.906381,46.278977,145.79588,0,442.981238,0
31418,45,soft-hit,238.622645,35.21062,132.393678,406.226943,0,0
31418,45,soft-hit,233.016048,14.239519,128.674105,375.929672,0,0
31418,45,soft-hit,233.081098,14.254086,128.079706,375.41489,0,0
31418,45,soft-hit,233.9055,14.474353,128.244212,376.624065,0,0
31418,45,soft-hit,232.237116,22.890573,127.469228,382.59691699999996,0,0
31418,45,soft-hit,234.47378,24.302748,129.530613,388.307141,0,0
31418,45,soft-hit,251.933797,28.651818,144.922689,425.50830399999995,0,0
31418,45,soft-hit,237.575038,14.966073,131.714731,384.25584200000003,0,0
31418,45,soft-hit,239.717314,20.942151,132.277554,392.93701899999996,0,0
31418,45,soft-hit,246.325571,77.398649,141.361936,465.08615599999996,0,0
31418,45,soft-hit,282.283518,14.571745,177.357055,474.212318,0,0
31418,45,soft-hit,258.710744,14.427478,141.079016,414.21723799999995,0,0
31418,45,soft-hit,290.726337,48.842387,185.58152,525.150244,0,0
31418,45,soft-hit,253.192812,14.50477,146.787441,414.485023,0,0
31418,45,soft-hit,250.938544,17.643484,145.727616,414.30964400000005,0,0
31418,45,soft-hit,241.080707,14.573848,136.664879,392.319434,0,0
31418,45,soft-hit,238.942011,29.6775,132.837403,401.456914,0,0
31418,45,soft-hit,244.050049,34.383273,139.347259,417.780581,0,0
31418,45,soft-hit,249.370481,22.915005,142.911191,415.196677,0,0
31418,45,soft-hit,238.566291,17.586544,133.709267,389.86210200000005,0,0
31418,45,soft-hit,237.499379,14.596053,131.601207,383.696639,0,0
31418,45,soft-hit,249.519678,14.530503,144.839504,408.889685,0,0
31418,45,soft-hit,272.192458,23.555185,164.371729,460.119372,0,0
31418,45,soft-hit,240.959534,14.331187,136.262302,391.553023,0,0
31418,45,soft-hit,245.287019,14.417362,139.110182,398.814563,0,0
31418,45,soft-hit,235.673315,14.621344,130.022423,380.317082,0,0
31418,45,soft-hit,237.662296,36.288383,131.673594,405.624273,0,0
31418,45,soft-hit,253.630595,13.322318,135.609264,402.562177,0,0
31418,45,soft-hit,243.466231,28.249278,133.353195,405.068704,0,0
31418,45,soft-hit,235.212837,16.184531,129.708179,381.105547,0,0
31418,45,soft-hit,251.271151,25.53417,145.33974,422.145061,0,0
31418,45,soft-hit,248.851462,17.867384,142.911234,409.63008,0,0
31418,45,soft-hit,308.625628,13.95429,203.952165,526.5320830000001,0,0
31418,45,soft-hit,243.419486,14.756931,137.982376,396.158793,0,0
31418,45,soft-hit,251.095757,14.441323,145.630134,411.167214,0,0
12387,50,miss,380.878033,15.557052,266.805172,0,663.240257,0
12387,used GE,hit,0,77.085904,0,77.085904,0,0
12387,used GE,hit,0,16.171109,0,16.171109,0,0
12387,used GE,hit,0,39.702624,0,39.702624,0,0
12387,used GE,hit,0,17.516519,0,17.516519,0,0
12387,used GE,hit,0,33.921395,0,33.921395,0,0
12387,used GE,hit,0,18.490217,0,18.490217,0,0
12387,used GE,hit,0,21.054832,0,21.054832,0,0
12387,used GE,hit,0,27.993762,0,27.993762,0,0
12387,used GE,hit,0,18.195957,0,18.195957,0,0
12387,used GE,hit,0,31.896005,0,31.896005,0,0
12387,used GE,hit,0,20.825692,0,20.825692,0,0
12387,used GE,hit,0,16.87122,0,16.87122,0,0
12387,used GE,hit,0,39.775119,0,39.775119,0,0
12387,used GE,hit,0,33.748143,0,33.748143,0,0
12387,used GE,hit,0,86.863091,0,86.863091,0,0
12387,used GE,hit,0,26.521094,0,26.521094,0,0
12387,used GE,hit,0,18.678556,0,18.678556,0,0
12387,used GE,hit,0,41.684747,0,41.684747,0,0
12387,used GE,hit,0,51.016441,0,51.016441,0,0
12387,used GE,hit,0,62.592081,0,62.592081,0,0
12387,used GE,hit,0,38.217539,0,38.217539,0,0
12387,used GE,hit,0,15.525326,0,15.525326,0,0
12387,used GE,hit,0,16.107347,0,16.107347,0,0
12387,used GE,hit,0,15.974665,0,15.974665,0,0
12387,used GE,hit,0,16.347631,0,16.347631,0,0
12387,used GE,hit,0,15.076162,0,15.076162,0,0
12387,used GE,hit,0,16.172528,0,16.172528,0,0
12387,used GE,hit,0,15.939191,0,15.939191,0,0
12387,used GE,hit,0,16.644891,0,16.644891,0,0
12387,used GE,hit,0,34.121848,0,34.121848,0,0
12387,used GE,hit,0,16.021134,0,16.021134,0,0
12387,used GE,hit,0,16.992191,0,16.992191,0,0
12387,used GE,hit,0,15.90044,0,15.90044,0,0
12387,used GE,hit,0,50.832061,0,50.832061,0,0
12387,used GE,hit,0,17.114343,0,17.114343,0,0
14525,51,miss,397.277754,34.458695,282.722703,0,714.459152,0
14525,used GE,hit,0,15.174151,0,15.174151,0,0
14525,used GE,hit,0,14.866596,0,14.866596,0,0
14525,used GE,hit,0,14.73144,0,14.73144,0,0
14525,used GE,hit,0,14.5404,0,14.5404,0,0
14525,used GE,hit,0,40.844231,0,40.844231,0,0
14525,used GE,hit,0,31.413893,0,31.413893,0,0
14525,used GE,hit,0,16.740681,0,16.740681,0,0
14525,used GE,hit,0,19.728588,0,19.728588,0,0
14525,used GE,hit,0,15.413154,0,15.413154,0,0
14525,used GE,hit,0,15.828994,0,15.828994,0,0
14525,used GE,hit,0,15.138774,0,15.138774,0,0
14525,used GE,hit,0,15.046793,0,15.046793,0,0
14525,used GE,hit,0,21.965424,0,21.965424,0,0
14525,used GE,hit,0,21.538749,0,21.538749,0,0
14525,used GE,hit,0,35.359823,0,35.359823,0,0
14525,used GE,hit,0,16.372716,0,16.372716,0,0
14525,used GE,hit,0,15.979717,0,15.979717,0,0
14525,used GE,hit,0,30.264084,0,30.264084,0,0
14525,used GE,hit,0,16.005812,0,16.005812,0,0
14525,used GE,hit,0,43.344807,0,43.344807,0,0
14525,used GE,hit,0,26.988693,0,26.988693,0,0
14525,used GE,hit,0,16.187792,0,16.187792,0,0
14525,used GE,hit,0,15.548338,0,15.548338,0,0
14525,used GE,hit,0,23.471634,0,23.471634,0,0
14525,used GE,hit,0,15.672992,0,15.672992,0,0
14525,used GE,hit,0,16.055704,0,16.055704,0,0
14525,used GE,hit,0,16.03445,0,16.03445,0,0
14525,used GE,hit,0,15.416538,0,15.416538,0,0
14525,used GE,hit,0,26.055574,0,26.055574,0,0
14525,used GE,hit,0,15.583673,0,15.583673,0,0
14525,used GE,hit,0,30.362825,0,30.362825,0,0
14525,used GE,hit,0,22.558576,0,22.558576,0,0
14525,used GE,hit,0,54.146828,0,54.146828,0,0
14525,used GE,hit,0,12.534358,0,12.534358,0,0
14525,used GE,hit,0,10.379979,0,10.379979,0,0
15574,38,miss,84.383393,19.572913,992.987082,0,1096.943388,0
15574,used GE,hit,0,12.189749,0,12.189749,0,0
15574,used GE,hit,0,35.788408,0,35.788408,0,0
15574,used GE,hit,0,40.781352,0,40.781352,0,0
15574,used GE,hit,0,22.950935,0,22.950935,0,0
15574,used GE,hit,0,59.297512,0,59.297512,0,0
15574,used GE,hit,0,36.761571,0,36.761571,0,0
15574,used GE,hit,0,15.045108,0,15.045108,0,0
15574,used GE,hit,0,13.906004,0,13.906004,0,0
15574,used GE,hit,0,13.854265,0,13.854265,0,0
15574,used GE,hit,0,13.723678,0,13.723678,0,0
15574,used GE,hit,0,20.094433,0,20.094433,0,0
15574,used GE,hit,0,12.93399,0,12.93399,0,0
15574,used GE,hit,0,13.240967,0,13.240967,0,0
15574,used GE,hit,0,37.020638,0,37.020638,0,0
15574,used GE,hit,0,14.472427,0,14.472427,0,0
15574,used GE,hit,0,57.854817,0,57.854817,0,0
15574,used GE,hit,0,22.417228,0,22.417228,0,0
15574,used GE,hit,0,15.139812,0,15.139812,0,0
15574,used GE,hit,0,20.055155,0,20.055155,0,0
15574,used GE,hit,0,14.747927,0,14.747927,0,0
15574,used GE,hit,0,14.641848,0,14.641848,0,0
15574,used GE,hit,0,33.136822,0,33.136822,0,0
15574,used GE,hit,0,13.716268,0,13.716268,0,0
15574,used GE,hit,0,36.895139,0,36.895139,0,0
15574,used GE,hit,0,38.085632,0,38.085632,0,0
15574,used GE,hit,0,16.141506,0,16.141506,0,0
15574,used GE,hit,0,14.531792,0,14.531792,0,0
15574,used GE,hit,0,56.848441,0,56.848441,0,0
15574,used GE,hit,0,35.162562,0,35.162562,0,0
15574,used GE,hit,0,26.958547,0,26.958547,0,0
15574,used GE,hit,0,45.010663,0,45.010663,0,0
15574,used GE,hit,0,30.327788,0,30.327788,0,0
15574,used GE,hit,0,14.505207,0,14.505207,0,0
15574,used GE,hit,0,19.578107,0,19.578107,0,0
16692,43,miss,221.419805,38.902338,118.410132,0,378.732275,0
16692,43,soft-hit,194.4991,14.523826,92.502146,301.525072,0,0
16692,43,soft-hit,198.356754,14.986598,96.174025,309.517377,0,0
16692,43,soft-hit,215.26205,15.098305,98.510168,328.870523,0,0
16692,43,soft-hit,207.358072,14.586841,105.19401,327.138923,0,0
16692,43,soft-hit,203.576383,14.327517,101.164884,319.068784,0,0
16692,43,soft-hit,195.263337,14.366732,92.884989,302.515058,0,0
16692,43,soft-hit,198.289535,48.691839,93.726797,340.708171,0,0
16692,43,soft-hit,208.315399,14.43595,106.20889,328.960239,0,0
16692,43,soft-hit,203.804405,15.049207,101.191318,320.04493,0,0
16692,43,soft-hit,213.813568,39.012754,111.874375,364.700697,0,0
16692,43,soft-hit,206.170714,14.475071,103.674667,324.320452,0,0
16692,43,soft-hit,201.58748,42.032394,99.463645,343.083519,0,0
16692,43,soft-hit,206.257151,15.856583,104.144613,326.258347,0,0
16692,43,soft-hit,208.192634,39.171539,106.413114,353.777287,0,0
16692,43,soft-hit,204.796187,14.41561,101.93873,321.150527,0,0
16692,43,soft-hit,196.001705,42.055728,93.867506,331.924939,0,0
16692,43,soft-hit,196.181119,14.255692,93.980195,304.417006,0,0
16692,43,soft-hit,204.983623,25.076409,102.883459,332.943491,0,0
16692,43,soft-hit,205.969763,14.519323,104.403662,324.892748,0,0
16692,43,soft-hit,214.33133,22.550774,96.540772,333.42287600000003,0,0
16692,43,soft-hit,224.507997,15.183409,119.906996,359.59840199999996,0,0
16692,43,soft-hit,201.926455,44.019152,99.10474,345.050347,0,0
16692,43,soft-hit,210.520551,36.784016,107.676943,354.98151,0,0
16692,43,soft-hit,201.569477,14.487385,99.079243,315.13610500000004,0,0
16692,43,soft-hit,197.896024,46.017669,94.865422,338.779115,0,0
16692,43,soft-hit,196.801213,39.19564,94.317978,330.314831,0,0
16692,43,soft-hit,204.782977,44.202115,102.84092,351.826012,0,0
16692,43,soft-hit,204.055675,20.710593,101.776142,326.54241,0,0
16692,43,soft-hit,204.375269,17.85835,102.473057,324.706676,0,0
16692,43,soft-hit,201.580241,24.638173,99.648982,325.867396,0,0
16692,43,soft-hit,198.945398,29.707429,97.132567,325.785394,0,0
16692,43,soft-hit,205.523617,14.559275,100.948242,321.031134,0,0
16692,43,soft-hit,222.771836,14.149596,120.615898,357.53733,0,0
16692,43,soft-hit,196.95553,14.406752,94.774869,306.137151,0,0
17956,53,miss,450.502804,26.125004,331.346008,0,807.9738159999999,0
17956,used GE,hit,0,41.394403,0,41.394403,0,0
17956,used GE,hit,0,17.908228,0,17.908228,0,0
17956,used GE,hit,0,23.860408,0,23.860408,0,0
17956,used GE,hit,0,33.067234,0,33.067234,0,0
17956,used GE,hit,0,14.754384,0,14.754384,0,0
17956,used GE,hit,0,14.522334,0,14.522334,0,0
17956,used GE,hit,0,13.967072,0,13.967072,0,0
17956,used GE,hit,0,37.429593,0,37.429593,0,0
17956,used GE,hit,0,36.545908,0,36.545908,0,0
17956,used GE,hit,0,17.883964,0,17.883964,0,0
17956,used GE,hit,0,16.797329,0,16.797329,0,0
17956,used GE,hit,0,16.552011,0,16.552011,0,0
17956,used GE,hit,0,17.315649,0,17.315649,0,0
17956,used GE,hit,0,15.806715,0,15.806715,0,0
17956,used GE,hit,0,16.548813,0,16.548813,0,0
17956,used GE,hit,0,39.627155,0,39.627155,0,0
17956,used GE,hit,0,17.604564,0,17.604564,0,0
17956,used GE,hit,0,16.668175,0,16.668175,0,0
17956,used GE,hit,0,29.9439,0,29.9439,0,0
17956,used GE,hit,0,47.553737,0,47.553737,0,0
17956,used GE,hit,0,18.750208,0,18.750208,0,0
17956,used GE,hit,0,42.344361,0,42.344361,0,0
17956,used GE,hit,0,25.899804,0,25.899804,0,0
17956,used GE,hit,0,18.170641,0,18.170641,0,0
17956,used GE,hit,0,26.33121,0,26.33121,0,0
17956,used GE,hit,0,17.518719,0,17.518719,0,0
17956,used GE,hit,0,16.548592,0,16.548592,0,0
17956,used GE,hit,0,17.743999,0,17.743999,0,0
17956,used GE,hit,0,16.161732,0,16.161732,0,0
17956,used GE,hit,0,33.488361,0,33.488361,0,0
17956,used GE,hit,0,17.157815,0,17.157815,0,0
17956,used GE,hit,0,37.534185,0,37.534185,0,0
17956,used GE,hit,0,80.910626,0,80.910626,0,0
17956,used GE,hit,0,35.716799,0,35.716799,0,0
20718,44,miss,230.644248,14.618032,127.117757,0,372.380037,0
20718,used GE,hit,0,13.537926,0,13.537926,0,0
20718,used GE,hit,0,36.149356,0,36.149356,0,0
20718,used GE,hit,0,15.017933,0,15.017933,0,0
20718,used GE,hit,0,15.350741,0,15.350741,0,0
20718,used GE,hit,0,14.993662,0,14.993662,0,0
20718,used GE,hit,0,35.4623,0,35.4623,0,0
20718,used GE,hit,0,15.873374,0,15.873374,0,0
20718,used GE,hit,0,14.7314,0,14.7314,0,0
20718,used GE,hit,0,14.274306,0,14.274306,0,0
20718,used GE,hit,0,50.828294,0,50.828294,0,0
20718,used GE,hit,0,15.933463,0,15.933463,0,0
20718,used GE,hit,0,55.301527,0,55.301527,0,0
20718,used GE,hit,0,19.543848,0,19.543848,0,0
20718,used GE,hit,0,45.97873,0,45.97873,0,0
20718,used GE,hit,0,16.374793,0,16.374793,0,0
20718,used GE,hit,0,37.122707,0,37.122707,0,0
20718,used GE,hit,0,32.338753,0,32.338753,0,0
20718,used GE,hit,0,45.316926,0,45.316926,0,0
20718,used GE,hit,0,10.446562,0,10.446562,0,0
20718,used GE,hit,0,37.678756,0,37.678756,0,0
20718,used GE,hit,0,19.961585,0,19.961585,0,0
20718,used GE,hit,0,24.838434,0,24.838434,0,0
20718,used GE,hit,0,23.26654,0,23.26654,0,0
20718,used GE,hit,0,11.25338,0,11.25338,0,0
20718,used GE,hit,0,10.637289,0,10.637289,0,0
20718,used GE,hit,0,10.008989,0,10.008989,0,0
20718,used GE,hit,0,9.882915,0,9.882915,0,0
20718,used GE,hit,0,13.363238,0,13.363238,0,0
20718,used GE,hit,0,9.808706,0,9.808706,0,0
20718,used GE,hit,0,30.914507,0,30.914507,0,0
20718,used GE,hit,0,10.358079,0,10.358079,0,0
20718,used GE,hit,0,9.916595,0,9.916595,0,0
20718,used GE,hit,0,10.273207,0,10.273207,0,0
20718,used GE,hit,0,9.799471,0,9.799471,0,0
22282,49,miss,394.378062,30.145794,280.955969,0,705.479825,0
22282,49,soft-hit,364.484267,14.646823,253.344404,632.475494,0,0
22282,49,soft-hit,355.693212,14.807442,242.982658,613.4833120000001,0,0
22282,49,soft-hit,350.81572,15.111987,243.029896,608.9576030000001,0,0
22282,49,soft-hit,362.744569,14.781439,251.314725,628.840733,0,0
22282,49,soft-hit,357.055095,28.75471,245.817664,631.627469,0,0
22282,49,soft-hit,369.521797,14.814091,258.716219,643.052107,0,0
22282,49,soft-hit,371.439894,38.882481,260.048021,670.370396,0,0
22282,49,soft-hit,356.040279,15.201327,244.381022,615.6226280000001,0,0
22282,49,soft-hit,390.011429,21.627575,262.660685,674.299689,0,0
22282,49,soft-hit,363.556298,17.801231,250.990491,632.34802,0,0
22282,49,soft-hit,368.081537,36.227584,257.344891,661.654012,0,0
22282,49,soft-hit,354.346345,14.720271,243.021766,612.088382,0,0
22282,49,soft-hit,355.945713,14.679461,245.099471,615.724645,0,0
22282,49,soft-hit,362.237562,14.393442,259.10863,635.739634,0,0
22282,50,soft-hit,384.12135,31.415332,270.631857,686.168539,0,0
22282,50,soft-hit,384.441833,25.293548,270.407082,680.1424629999999,0,0
22282,50,soft-hit,385.167469,15.038934,272.366831,672.573234,0,0
22282,50,soft-hit,387.225407,14.693353,273.96505,675.88381,0,0
22282,50,soft-hit,387.968878,15.004011,275.735225,678.708114,0,0
22282,50,soft-hit,398.583972,14.789901,285.222689,698.596562,0,0
22282,50,soft-hit,385.832227,25.147997,282.1476,693.1278239999999,0,0
22282,50,soft-hit,390.806815,52.953145,278.56661,722.32657,0,0
22282,50,soft-hit,386.164859,30.984984,270.814834,687.9646769999999,0,0
22282,50,soft-hit,392.626227,30.418596,279.376375,702.421198,0,0
22282,50,soft-hit,395.974374,13.651314,270.408438,680.034126,0,0
22282,50,soft-hit,383.183871,15.201939,270.254232,668.640042,0,0
22282,50,soft-hit,383.16415,23.045381,269.475221,675.684752,0,0
22282,50,soft-hit,381.499379,13.86155,274.882397,670.243326,0,0
22282,50,soft-hit,387.723983,51.639286,274.444718,713.807987,0,0
22282,50,soft-hit,386.215696,15.275279,271.701956,673.192931,0,0
22282,50,soft-hit,411.32363,16.179088,297.832088,725.334806,0,0
22282,50,soft-hit,384.817082,15.006383,271.896856,671.720321,0,0
22282,50,soft-hit,390.640297,16.396046,277.33398,684.370323,0,0
22282,50,soft-hit,457.274683,14.797644,344.220306,816.292633,0,0
23371,44,miss,231.579925,16.083462,127.90797,0,375.57135700000003,0
23371,used GE,hit,0,19.336276,0,19.336276,0,0
23371,used GE,hit,0,15.144449,0,15.144449,0,0
23371,used GE,hit,0,16.532891,0,16.532891,0,0
23371,used GE,hit,0,36.717891,0,36.717891,0,0
23371,used GE,hit,0,30.560105,0,30.560105,0,0
23371,used GE,hit,0,15.748495,0,15.748495,0,0
23371,used GE,hit,0,15.111439,0,15.111439,0,0
23371,used GE,hit,0,13.837033,0,13.837033,0,0
23371,used GE,hit,0,13.735216,0,13.735216,0,0
23371,used GE,hit,0,14.797279,0,14.797279,0,0
23371,used GE,hit,0,17.945057,0,17.945057,0,0
23371,used GE,hit,0,16.030503,0,16.030503,0,0
23371,used GE,hit,0,37.245603,0,37.245603,0,0
23371,used GE,hit,0,42.795471,0,42.795471,0,0
23371,used GE,hit,0,17.835719,0,17.835719,0,0
23371,used GE,hit,0,28.83524,0,28.83524,0,0
23371,used GE,hit,0,49.821992,0,49.821992,0,0
23371,used GE,hit,0,39.383069,0,39.383069,0,0
23371,used GE,hit,0,16.068698,0,16.068698,0,0
23371,used GE,hit,0,15.650737,0,15.650737,0,0
23371,used GE,hit,0,15.775823,0,15.775823,0,0
23371,used GE,hit,0,16.021941,0,16.021941,0,0
23371,used GE,hit,0,14.637349,0,14.637349,0,0
23371,used GE,hit,0,14.452501,0,14.452501,0,0
23371,used GE,hit,0,18.280603,0,18.280603,0,0
23371,used GE,hit,0,24.282731,0,24.282731,0,0
23371,used GE,hit,0,15.841269,0,15.841269,0,0
23371,used GE,hit,0,14.376938,0,14.376938,0,0
23371,used GE,hit,0,14.384099,0,14.384099,0,0
23371,used GE,hit,0,34.404042,0,34.404042,0,0
23371,used GE,hit,0,30.011846,0,30.011846,0,0
23371,used GE,hit,0,41.438106,0,41.438106,0,0
23371,used GE,hit,0,16.00038,0,16.00038,0,0
23371,used GE,hit,0,32.540971,0,32.540971,0,0
24200,48,miss,338.39596,14.390404,227.874723,0,580.661087,0
24200,48,soft-hit,336.682602,14.389892,225.75225,576.824744,0,0
24200,48,soft-hit,335.899193,14.347417,225.604836,575.851446,0,0
24200,48,soft-hit,335.012882,27.193767,225.315463,587.522112,0,0
24200,48,soft-hit,353.721428,14.687396,243.762697,612.171521,0,0
24200,48,soft-hit,336.344689,14.53152,226.407449,577.2836580000001,0,0
24200,48,soft-hit,335.773174,67.017393,226.523678,629.314245,0,0
24200,48,soft-hit,337.363766,14.321838,226.46414,578.149744,0,0
24200,48,soft-hit,336.222609,18.361054,226.604413,581.1880759999999,0,0
24200,48,soft-hit,339.772298,14.388386,228.491347,582.652031,0,0
24200,48,soft-hit,344.370585,17.584059,234.789054,596.743698,0,0
24200,48,soft-hit,351.335077,14.389535,241.831241,607.5558530000001,0,0
24200,48,soft-hit,336.89915,27.513587,226.737136,591.1498730000001,0,0
24200,48,soft-hit,322.084844,20.782767,225.867053,568.734664,0,0
24200,48,soft-hit,337.155488,15.991288,226.902934,580.04971,0,0
24200,48,soft-hit,337.986898,18.331927,227.630093,583.948918,0,0
24200,48,soft-hit,339.053247,58.112189,228.432703,625.598139,0,0
24200,48,soft-hit,338.808757,53.058627,228.616802,620.484186,0,0
24200,48,soft-hit,336.375012,14.524424,226.735806,577.6352420000001,0,0
24200,48,soft-hit,340.025129,45.494226,230.371654,615.8910089999999,0,0
24200,48,soft-hit,347.883661,15.012608,237.058726,599.954995,0,0
24200,48,soft-hit,354.467886,45.776808,243.868219,644.112913,0,0
24200,48,soft-hit,366.061945,15.272791,253.711856,635.0465919999999,0,0
24200,48,soft-hit,398.342517,43.178404,286.194218,727.7151389999999,0,0
24200,48,soft-hit,361.936877,42.450138,251.60752,655.994535,0,0
24200,48,soft-hit,340.650886,47.762663,230.155227,618.5687760000001,0,0
24200,48,soft-hit,338.823376,18.278359,229.513497,586.615232,0,0
24200,48,soft-hit,338.778869,15.227617,229.755359,583.761845,0,0
24200,48,soft-hit,341.904689,15.329945,231.293091,588.527725,0,0
24200,48,soft-hit,342.502012,15.068771,232.817574,590.388357,0,0
24200,48,soft-hit,356.79693,31.773708,246.839436,635.410074,0,0
24200,48,soft-hit,339.307575,36.520054,228.342186,604.169815,0,0
24200,48,soft-hit,338.33895,14.301839,228.254972,580.895761,0,0
24200,48,soft-hit,340.591625,15.208289,228.628634,584.4285480000001,0,0
24200,48,soft-hit,348.602277,14.390755,238.691968,601.6850000000001,0,0
19963,45,miss,266.101334,38.208382,159.369397,0,463.67911300000003,0
19963,45,soft-hit,279.729238,25.83626,173.149161,478.714659,0,0
19963,45,soft-hit,273.361344,26.276433,167.387225,467.025002,0,0
19963,45,soft-hit,287.868366,25.47999,181.663417,495.011773,0,0
19963,45,soft-hit,263.743514,25.845261,157.280108,446.868883,0,0
19963,45,soft-hit,264.409594,29.302884,157.531404,451.24388200000004,0,0
19963,45,soft-hit,281.341396,42.700848,174.47067,498.512914,0,0
19963,45,soft-hit,277.946661,25.56462,176.713961,480.225242,0,0
19963,45,soft-hit,275.850554,26.274038,169.242271,471.36686299999997,0,0
19963,45,soft-hit,266.206633,41.165953,159.998944,467.37153,0,0
19963,45,soft-hit,289.717943,26.51128,181.990553,498.219776,0,0
19963,45,soft-hit,269.394656,26.184182,159.988285,455.567123,0,0
19963,45,soft-hit,274.216099,27.201537,167.292348,468.70998399999996,0,0
19963,45,soft-hit,280.333778,78.382974,173.458197,532.174949,0,0
19963,45,soft-hit,276.453511,26.400649,170.026315,472.880475,0,0
19963,45,soft-hit,283.850309,33.774485,176.094264,493.719058,0,0
19963,45,soft-hit,283.300184,26.342219,177.436363,487.078766,0,0
19963,45,soft-hit,271.396409,27.000453,164.793663,463.190525,0,0
19963,45,soft-hit,273.914835,26.475508,167.839133,468.229476,0,0
19963,45,soft-hit,266.101364,26.3333,159.053315,451.487979,0,0
19963,45,soft-hit,266.527161,26.337136,159.264948,452.12924499999997,0,0
19963,45,soft-hit,276.981502,26.692871,170.41505,474.089423,0,0
19963,45,soft-hit,267.994178,30.648389,159.76978,458.41234699999995,0,0
19963,45,soft-hit,291.598501,22.068236,171.464374,485.131111,0,0
19963,45,soft-hit,266.603536,26.521229,159.764042,452.88880700000004,0,0
19963,45,soft-hit,268.017369,26.338703,160.414148,454.77022,0,0
19963,45,soft-hit,266.134358,34.142852,159.593082,459.87029200000006,0,0
19963,45,soft-hit,274.374295,26.089597,167.882055,468.345947,0,0
19963,45,soft-hit,275.600756,26.762374,169.124863,471.48799299999996,0,0
19963,45,soft-hit,266.614809,26.119168,160.289767,453.02374399999997,0,0
19963,45,soft-hit,286.557086,26.631688,179.629317,492.818091,0,0
19963,45,soft-hit,276.241088,75.136758,170.230887,521.608733,0,0
19963,45,soft-hit,270.14974,26.278478,162.813922,459.24214,0,0
19963,45,soft-hit,273.345485,40.919525,166.852446,481.11745599999995,0,0
19963,45,soft-hit,279.717682,27.006165,171.882753,478.60660000000007,0,0
20011,67,miss,851.894922,103.904466,709.263834,0,1665.0632219999998,0
20011,used GE,hit,0,100.77635,0,100.77635,0,0
20011,used GE,hit,0,26.807012,0,26.807012,0,0
20011,used GE,hit,0,34.356721,0,34.356721,0,0
20011,used GE,hit,0,97.635231,0,97.635231,0,0
20011,used GE,hit,0,101.570703,0,101.570703,0,0
20011,used GE,hit,0,50.758656,0,50.758656,0,0
20011,used GE,hit,0,42.594494,0,42.594494,0,0
20011,used GE,hit,0,41.679065,0,41.679065,0,0
20011,used GE,hit,0,25.016324,0,25.016324,0,0
20011,used GE,hit,0,99.813813,0,99.813813,0,0
20011,used GE,hit,0,122.886074,0,122.886074,0,0
20011,used GE,hit,0,101.962041,0,101.962041,0,0
20011,used GE,hit,0,57.959937,0,57.959937,0,0
20011,used GE,hit,0,98.701935,0,98.701935,0,0
20011,used GE,hit,0,51.864133,0,51.864133,0,0
20011,used GE,hit,0,42.16167,0,42.16167,0,0
20011,used GE,hit,0,52.773703,0,52.773703,0,0
20011,used GE,hit,0,81.353103,0,81.353103,0,0
20011,used GE,hit,0,98.543259,0,98.543259,0,0
20011,used GE,hit,0,25.551846,0,25.551846,0,0
20011,used GE,hit,0,98.15099,0,98.15099,0,0
20011,used GE,hit,0,41.385826,0,41.385826,0,0
20011,used GE,hit,0,54.538597,0,54.538597,0,0
20011,used GE,hit,0,40.26841,0,40.26841,0,0
20011,used GE,hit,0,46.013191,0,46.013191,0,0
20011,used GE,hit,0,97.98349,0,97.98349,0,0
20011,used GE,hit,0,58.848284,0,58.848284,0,0
20011,used GE,hit,0,63.332881,0,63.332881,0,0
20011,used GE,hit,0,45.835508,0,45.835508,0,0
20011,used GE,hit,0,107.088689,0,107.088689,0,0
20011,used GE,hit,0,100.759915,0,100.759915,0,0
20011,used GE,hit,0,52.625652,0,52.625652,0,0
20011,used GE,hit,0,98.88132,0,98.88132,0,0
20011,used GE,hit,0,23.469386,0,23.469386,0,0
23952,52,miss,474.985327,81.563162,356.655949,0,913.204438,0
23952,52,soft-hit,465.723458,85.6278,347.638196,898.989454,0,0
23952,52,soft-hit,469.263019,45.598526,350.997333,865.858878,0,0
23952,52,soft-hit,460.482432,72.70559,343.560965,876.748987,0,0
23952,52,soft-hit,449.915924,76.940071,332.284072,859.140067,0,0
23952,52,soft-hit,468.71137,72.52643,350.068391,891.306191,0,0
23952,52,soft-hit,465.986548,91.310997,348.541782,905.839327,0,0
23952,52,soft-hit,453.819773,58.915967,335.897655,848.6333950000001,0,0
23952,52,soft-hit,455.016716,20.715885,338.230248,813.962849,0,0
23952,52,soft-hit,450.422421,80.446072,333.752691,864.6211840000001,0,0
23952,52,soft-hit,450.099328,20.132549,332.289114,802.520991,0,0
23952,52,soft-hit,455.621147,96.698905,338.328987,890.6490389999999,0,0
23952,52,soft-hit,470.668327,40.387136,352.890123,863.945586,0,0
23952,52,soft-hit,463.491466,81.245979,346.617667,891.355112,0,0
23952,52,soft-hit,455.787881,72.073974,337.972079,865.833934,0,0
23952,52,soft-hit,455.676585,74.131724,338.076531,867.8848399999999,0,0
23952,52,soft-hit,463.025844,72.623163,344.635427,880.284434,0,0
23952,52,soft-hit,464.090665,75.102373,347.068537,886.261575,0,0
23952,52,soft-hit,450.286683,80.139992,333.600387,864.027062,0,0
23952,52,soft-hit,459.796908,73.141604,341.309374,874.2478859999999,0,0
23952,52,soft-hit,460.214222,80.351347,342.444377,883.0099459999999,0,0
23952,52,soft-hit,463.198011,49.504327,345.461027,858.163365,0,0
23952,52,soft-hit,481.666002,19.144446,351.861351,852.671799,0,0
23952,52,soft-hit,454.190282,71.878664,333.711288,859.7802340000001,0,0
23952,52,soft-hit,455.573114,20.06687,338.657681,814.297665,0,0
23952,52,soft-hit,465.61518,37.447386,348.070868,851.1334340000001,0,0
23952,52,soft-hit,471.840745,72.396333,352.342843,896.579921,0,0
23952,52,soft-hit,469.047167,72.986111,351.27734,893.310618,0,0
23952,52,soft-hit,452.65933,27.508098,334.582008,814.7494360000001,0,0
23952,52,soft-hit,452.274485,34.343296,334.209518,820.827299,0,0
23952,52,soft-hit,467.465875,72.075936,347.176995,886.718806,0,0
23952,52,soft-hit,454.558225,22.994808,336.233275,813.786308,0,0
23952,52,soft-hit,453.512965,72.686349,335.046729,861.2460430000001,0,0
23952,52,soft-hit,467.355733,19.964061,348.490027,835.809821,0,0
23952,52,soft-hit,453.991,42.521271,337.108331,833.620602,0,0
26484,45,miss,276.980623,38.783061,169.674864,0,485.43854799999997,0
26484,45,soft-hit,275.074373,46.598257,166.763773,488.4364029999999,0,0
26484,45,soft-hit,296.243318,43.453225,171.465428,511.161971,0,0
26484,45,soft-hit,304.839817,21.684746,199.245841,525.770404,0,0
26484,45,soft-hit,280.741443,20.944727,174.354933,476.041103,0,0
26484,45,soft-hit,281.620622,22.956947,174.857164,479.43473300000005,0,0
26484,45,soft-hit,276.941551,22.108272,170.147678,469.197501,0,0
26484,45,soft-hit,279.74645,21.752791,172.146145,473.645386,0,0
26484,45,soft-hit,275.906452,23.509287,168.364238,467.77997700000003,0,0
26484,45,soft-hit,283.062822,42.330202,175.939476,501.3325,0,0
26484,45,soft-hit,274.873339,30.677837,167.584708,473.13588400000003,0,0
26484,45,soft-hit,276.880612,21.966385,169.496606,468.34360300000003,0,0
26484,45,soft-hit,294.993885,28.832715,189.025636,512.852236,0,0
26484,45,soft-hit,275.6309,37.814749,169.092379,482.538028,0,0
26484,45,soft-hit,284.010574,21.738433,178.264423,484.01343,0,0
26484,45,soft-hit,274.808349,21.290201,167.867572,463.96612200000004,0,0
26484,45,soft-hit,274.147829,21.742602,167.738062,463.62849300000005,0,0
26484,45,soft-hit,276.193757,21.455603,167.766917,465.41627700000004,0,0
26484,45,soft-hit,292.201479,18.19528,167.164062,477.56082100000003,0,0
26484,45,soft-hit,290.998172,32.773689,182.536164,506.30802500000004,0,0
26484,45,soft-hit,299.001948,30.887925,188.343149,518.233022,0,0
26484,45,soft-hit,317.487597,22.189104,207.77106,547.447761,0,0
26484,45,soft-hit,276.020416,21.419178,169.679914,467.119508,0,0
26484,45,soft-hit,275.098366,44.595971,168.314787,488.009124,0,0
26484,45,soft-hit,276.313854,29.497546,168.700334,474.511734,0,0
26484,45,soft-hit,335.35496,31.303671,227.749994,594.408625,0,0
26484,45,soft-hit,275.292866,21.20962,168.670621,465.173107,0,0
26484,45,soft-hit,275.486782,33.955001,168.903079,478.34486200000003,0,0
26484,45,soft-hit,278.500304,43.353151,169.622688,491.47614300000004,0,0
26484,45,soft-hit,283.750507,22.122239,177.168935,483.04168100000004,0,0
26484,45,soft-hit,283.933304,21.427971,176.843734,482.205009,0,0
26484,45,soft-hit,275.684056,21.845871,169.466132,466.99605899999995,0,0
26484,45,soft-hit,276.361168,22.681479,168.959967,468.002614,0,0
26484,45,soft-hit,275.536066,21.738354,169.049815,466.324235,0,0
26484,45,soft-hit,293.301407,15.623965,168.707827,477.633199,0,0
29699,62,miss,716.895769,25.876621,579.722383,0,1322.494773,0
29699,62,soft-hit,775.509621,38.373894,641.278095,1455.16161,0,0
29699,62,soft-hit,711.970282,23.254674,578.990522,1314.215478,0,0
29699,62,soft-hit,712.266359,34.36297,579.338854,1325.968183,0,0
29699,62,soft-hit,662.4987,29.864394,581.937986,1274.30108,0,0
29699,62,soft-hit,705.843901,23.207892,579.761796,1308.8135889999999,0,0
29699,62,soft-hit,679.358471,16.052879,600.576007,1295.987357,0,0
29699,62,soft-hit,670.404915,31.974235,579.255278,1281.6344279999998,0,0
29699,62,soft-hit,721.715471,34.983639,587.485963,1344.185073,0,0
29699,62,soft-hit,732.354248,36.99264,597.611456,1366.9583440000001,0,0
29699,62,soft-hit,677.42625,32.456595,598.115382,1307.998227,0,0
29699,62,soft-hit,724.777436,34.114753,591.209716,1350.101905,0,0
29699,62,soft-hit,697.136141,56.11507,617.661749,1370.9129599999999,0,0
29699,62,soft-hit,732.248497,48.39767,598.535109,1379.181276,0,0
29699,62,soft-hit,718.494851,33.541056,590.053396,1342.0893030000002,0,0
29699,62,soft-hit,678.669498,33.159326,590.49428,1302.323104,0,0
29699,62,soft-hit,702.975867,32.741143,584.998979,1320.7159889999998,0,0
29699,62,soft-hit,720.443213,33.492624,586.314635,1340.250472,0,0
29699,62,soft-hit,740.596033,33.957407,605.723595,1380.277035,0,0
29699,62,soft-hit,699.275642,33.580266,588.259958,1321.115866,0,0
29699,62,soft-hit,690.633754,46.50989,585.517201,1322.6608449999999,0,0
29699,62,soft-hit,673.064457,30.475798,590.673547,1294.213802,0,0
29699,62,soft-hit,731.821824,20.271793,598.829399,1350.923016,0,0
29699,62,soft-hit,729.306243,17.564618,595.923034,1342.793895,0,0
29699,62,soft-hit,721.924956,33.743801,588.124136,1343.7928929999998,0,0
29699,62,soft-hit,738.305729,33.756965,604.891043,1376.953737,0,0
29699,62,soft-hit,746.280382,52.285011,599.644167,1398.2095600000002,0,0
29699,62,soft-hit,717.343604,42.782357,582.577335,1342.7032960000001,0,0
29699,62,soft-hit,723.066807,37.427988,589.300401,1349.795196,0,0
29699,62,soft-hit,727.889493,44.071772,594.755252,1366.716517,0,0
29699,62,soft-hit,718.88923,34.367372,585.157073,1338.413675,0,0
29699,62,soft-hit,715.755084,40.496133,582.497207,1338.7484239999999,0,0
29699,62,soft-hit,719.814047,33.76459,584.649382,1338.228019,0,0
29699,62,soft-hit,745.712513,21.028767,612.021719,1378.762999,0,0
29699,62,soft-hit,743.202263,46.964798,610.308867,1400.4759279999998,0,0
31863,48,miss,365.987349,34.137443,254.010774,0,654.1355659999999,0
31863,used GE,hit,0,87.247474,0,87.247474,0,0
31863,used GE,hit,0,86.107594,0,86.107594,0,0
31863,used GE,hit,0,70.771682,0,70.771682,0,0
31863,used GE,hit,0,88.212926,0,88.212926,0,0
31863,used GE,hit,0,70.512715,0,70.512715,0,0
31863,used GE,hit,0,32.868185,0,32.868185,0,0
31863,used GE,hit,0,86.624028,0,86.624028,0,0
31863,used GE,hit,0,68.973467,0,68.973467,0,0
31863,used GE,hit,0,18.77226,0,18.77226,0,0
31863,used GE,hit,0,25.606164,0,25.606164,0,0
31863,used GE,hit,0,68.845687,0,68.845687,0,0
31863,used GE,hit,0,32.477441,0,32.477441,0,0
31863,used GE,hit,0,33.61559,0,33.61559,0,0
31863,used GE,hit,0,103.684185,0,103.684185,0,0
31863,used GE,hit,0,60.376003,0,60.376003,0,0
31863,used GE,hit,0,40.596851,0,40.596851,0,0
31863,used GE,hit,0,21.072758,0,21.072758,0,0
31863,used GE,hit,0,72.617257,0,72.617257,0,0
31863,used GE,hit,0,36.387491,0,36.387491,0,0
31863,used GE,hit,0,87.064232,0,87.064232,0,0
31863,used GE,hit,0,24.312809,0,24.312809,0,0
31863,used GE,hit,0,69.63357,0,69.63357,0,0
31863,used GE,hit,0,70.085012,0,70.085012,0,0
31863,used GE,hit,0,70.339296,0,70.339296,0,0
31863,used GE,hit,0,42.15341,0,42.15341,0,0
31863,used GE,hit,0,87.064415,0,87.064415,0,0
31863,used GE,hit,0,87.905626,0,87.905626,0,0
31863,used GE,hit,0,18.674247,0,18.674247,0,0
31863,used GE,hit,0,35.823866,0,35.823866,0,0
31863,used GE,hit,0,69.596179,0,69.596179,0,0
31863,used GE,hit,0,71.274867,0,71.274867,0,0
31863,used GE,hit,0,25.563869,0,25.563869,0,0
31863,used GE,hit,0,28.57825,0,28.57825,0,0
31863,used GE,hit,0,47.639528,0,47.639528,0,0
34647,56,miss,579.609107,50.685998,453.561889,0,1083.856994,0
34647,used GE,hit,0,40.247671,0,40.247671,0,0
34647,used GE,hit,0,53.025534,0,53.025534,0,0
34647,used GE,hit,0,56.917191,0,56.917191,0,0
34647,used GE,hit,0,37.368523,0,37.368523,0,0
34647,used GE,hit,0,55.169763,0,55.169763,0,0
34647,used GE,hit,0,54.614316,0,54.614316,0,0
34647,used GE,hit,0,45.827831,0,45.827831,0,0
34647,used GE,hit,0,58.718751,0,58.718751,0,0
34647,used GE,hit,0,57.434658,0,57.434658,0,0
34647,used GE,hit,0,94.48518,0,94.48518,0,0
34647,used GE,hit,0,66.001889,0,66.001889,0,0
34647,used GE,hit,0,53.838203,0,53.838203,0,0
34647,used GE,hit,0,53.349571,0,53.349571,0,0
34647,used GE,hit,0,51.059064,0,51.059064,0,0
34647,used GE,hit,0,22.463866,0,22.463866,0,0
34647,used GE,hit,0,36.704716,0,36.704716,0,0
34647,used GE,hit,0,28.734102,0,28.734102,0,0
34647,used GE,hit,0,51.90421,0,51.90421,0,0
34647,used GE,hit,0,52.712847,0,52.712847,0,0
34647,used GE,hit,0,55.982016,0,55.982016,0,0
34647,used GE,hit,0,21.81572,0,21.81572,0,0
34647,used GE,hit,0,54.129736,0,54.129736,0,0
34647,used GE,hit,0,50.738069,0,50.738069,0,0
34647,used GE,hit,0,30.520922,0,30.520922,0,0
34647,used GE,hit,0,20.273697,0,20.273697,0,0
34647,used GE,hit,0,25.938946,0,25.938946,0,0
34647,used GE,hit,0,73.265813,0,73.265813,0,0
34647,used GE,hit,0,51.524181,0,51.524181,0,0
34647,used GE,hit,0,50.380898,0,50.380898,0,0
34647,used GE,hit,0,53.590567,0,53.590567,0,0
34647,used GE,hit,0,20.847667,0,20.847667,0,0
34647,used GE,hit,0,20.309257,0,20.309257,0,0
34647,used GE,hit,0,29.428883,0,29.428883,0,0
34647,used GE,hit,0,52.753921,0,52.753921,0,0
1081,48,miss,373.89435,29.66247,260.142927,0,663.6997469999999,0
1081,used GE,hit,0,44.666584,0,44.666584,0,0
1081,used GE,hit,0,33.939333,0,33.939333,0,0
1081,used GE,hit,0,37.045444,0,37.045444,0,0
1081,used GE,hit,0,43.945697,0,43.945697,0,0
1081,used GE,hit,0,29.646631,0,29.646631,0,0
1081,used GE,hit,0,43.592828,0,43.592828,0,0
1081,used GE,hit,0,43.649451,0,43.649451,0,0
1081,used GE,hit,0,46.205614,0,46.205614,0,0
1081,used GE,hit,0,22.830782,0,22.830782,0,0
1081,used GE,hit,0,43.917726,0,43.917726,0,0
1081,used GE,hit,0,36.467335,0,36.467335,0,0
1081,used GE,hit,0,44.405472,0,44.405472,0,0
1081,used GE,hit,0,21.126667,0,21.126667,0,0
1081,used GE,hit,0,43.326266,0,43.326266,0,0
1081,used GE,hit,0,33.724177,0,33.724177,0,0
1081,used GE,hit,0,43.294282,0,43.294282,0,0
1081,used GE,hit,0,37.638073,0,37.638073,0,0
1081,used GE,hit,0,38.86949,0,38.86949,0,0
1081,used GE,hit,0,44.339931,0,44.339931,0,0
1081,used GE,hit,0,42.523833,0,42.523833,0,0
1081,used GE,hit,0,53.020547,0,53.020547,0,0
1081,used GE,hit,0,42.480538,0,42.480538,0,0
1081,used GE,hit,0,42.87652,0,42.87652,0,0
1081,used GE,hit,0,43.929328,0,43.929328,0,0
1081,used GE,hit,0,42.229793,0,42.229793,0,0
1081,used GE,hit,0,41.4176,0,41.4176,0,0
1081,used GE,hit,0,32.555655,0,32.555655,0,0
1081,used GE,hit,0,41.329946,0,41.329946,0,0
1081,used GE,hit,0,46.474351,0,46.474351,0,0
1081,used GE,hit,0,42.785609,0,42.785609,0,0
1081,used GE,hit,0,43.512701,0,43.512701,0,0
1081,used GE,hit,0,42.05946,0,42.05946,0,0
1081,used GE,hit,0,43.951789,0,43.951789,0,0
1081,used GE,hit,0,45.439983,0,45.439983,0,0
4141,55,miss,552.167673,31.448292,428.085147,0,1011.701112,0
4141,55,soft-hit,574.432405,18.327527,433.68016,1026.440092,0,0
4141,55,soft-hit,554.704598,32.907494,427.258388,1014.87048,0,0
4141,55,soft-hit,560.879853,44.051036,435.764131,1040.69502,0,0
4141,55,soft-hit,556.843181,30.559202,432.254624,1019.6570069999999,0,0
4141,55,soft-hit,546.427553,29.948009,423.006875,999.382437,0,0
4141,55,soft-hit,552.651775,30.316416,428.42452,1011.392711,0,0
4141,55,soft-hit,541.315306,34.16698,418.764779,994.247065,0,0
4141,55,soft-hit,540.644395,30.581921,416.35857,987.5848860000001,0,0
4141,55,soft-hit,541.111261,25.190185,416.514473,982.815919,0,0
4141,55,soft-hit,568.572442,21.328027,444.693039,1034.593508,0,0
4141,55,soft-hit,551.009707,32.703442,427.740816,1011.453965,0,0
4141,55,soft-hit,551.66138,31.843611,427.477259,1010.98225,0,0
4141,55,soft-hit,545.145082,43.087453,418.834283,1007.066818,0,0
4141,55,soft-hit,542.724538,30.586903,418.038034,991.349475,0,0
4141,55,soft-hit,542.079034,58.910771,418.171762,1019.161567,0,0
4141,55,soft-hit,560.16773,32.730712,437.444784,1030.343226,0,0
4141,55,soft-hit,541.526635,51.39305,418.721928,1011.641613,0,0
4141,55,soft-hit,551.502418,33.410371,428.520896,1013.433685,0,0
4141,55,soft-hit,544.591716,37.800949,421.643808,1004.036473,0,0
4141,55,soft-hit,544.766468,42.206647,418.879213,1005.8523279999999,0,0
4141,55,soft-hit,541.24424,30.048608,418.237238,989.530086,0,0
4141,55,soft-hit,552.941837,29.593882,429.40369,1011.939409,0,0
4141,55,soft-hit,546.74946,31.814675,421.875758,1000.439893,0,0
4141,55,soft-hit,560.256376,34.084246,437.336152,1031.676774,0,0
4141,55,soft-hit,542.614224,30.091046,418.87558,991.58085,0,0
4141,55,soft-hit,544.002043,17.908778,419.135181,981.0460019999999,0,0
4141,55,soft-hit,545.354516,30.148804,421.318916,996.822236,0,0
4141,55,soft-hit,548.262914,45.884968,423.057425,1017.2053070000001,0,0
4141,55,soft-hit,544.972692,30.694671,421.452702,997.1200650000001,0,0
4141,55,soft-hit,548.251876,27.592588,420.745891,996.590355,0,0
4141,55,soft-hit,546.122602,30.933874,420.143726,997.200202,0,0
4141,55,soft-hit,545.481392,20.708281,421.983643,988.173316,0,0
4141,55,soft-hit,554.243608,30.25972,430.479628,1014.9829560000001,0,0
4141,55,soft-hit,549.452431,45.229586,424.479088,1019.161105,0,0
5833,66,miss,830.346311,39.373574,687.566399,0,1557.286284,0
5833,66,soft-hit,866.47722,37.461844,723.62634,1627.565404,0,0
5833,66,soft-hit,843.525222,54.508192,701.287569,1599.320983,0,0
5833,66,soft-hit,858.592898,23.037705,715.834584,1597.4651869999998,0,0
5833,66,soft-hit,840.370985,52.08191,698.459543,1590.912438,0,0
5833,66,soft-hit,870.805365,48.939669,728.110263,1647.855297,0,0
5833,66,soft-hit,858.282526,32.563391,714.909693,1605.75561,0,0
5833,66,soft-hit,837.549385,56.280081,695.425209,1589.2546750000001,0,0
5833,66,soft-hit,840.500719,37.535328,687.423327,1565.459374,0,0
5833,66,soft-hit,830.960634,22.269678,688.012674,1541.242986,0,0
5833,66,soft-hit,831.480007,56.716768,688.647478,1576.844253,0,0
5833,66,soft-hit,830.138827,25.094666,690.974531,1546.208024,0,0
5833,66,soft-hit,859.39432,75.755688,718.388261,1653.5382690000001,0,0
5833,66,soft-hit,843.139575,52.97666,699.779058,1595.895293,0,0
5833,66,soft-hit,836.250811,26.635937,700.604708,1563.491456,0,0
5833,66,soft-hit,854.002367,31.546703,712.327484,1597.876554,0,0
5833,66,soft-hit,832.208192,54.857127,690.688053,1577.7533720000001,0,0
5833,66,soft-hit,840.101197,56.053511,697.129063,1593.283771,0,0
5833,66,soft-hit,847.391137,55.479176,704.779941,1607.6502540000001,0,0
5833,66,soft-hit,859.964701,54.235852,716.515223,1630.715776,0,0
5833,66,soft-hit,863.127685,53.298063,719.162915,1635.588663,0,0
5833,66,soft-hit,837.453456,48.976069,695.634706,1582.064231,0,0
5833,66,soft-hit,854.218801,58.565138,710.724029,1623.507968,0,0
5833,66,soft-hit,852.094459,56.695549,708.282907,1617.0729150000002,0,0
5833,66,soft-hit,867.450699,53.295368,724.617791,1645.3638580000002,0,0
5833,66,soft-hit,845.190978,53.16727,702.349657,1600.707905,0,0
5833,66,soft-hit,856.624555,53.432627,714.014517,1624.071699,0,0
5833,66,soft-hit,833.840807,22.747178,691.573556,1548.161541,0,0
5833,66,soft-hit,873.840027,54.181918,732.424957,1660.446902,0,0
5833,66,soft-hit,841.070226,57.222348,698.581258,1596.8738320000002,0,0
5833,66,soft-hit,839.249174,37.526077,696.305333,1573.080584,0,0
5833,66,soft-hit,881.675929,29.849636,738.35652,1649.8820850000002,0,0
5833,66,soft-hit,831.783388,54.275323,698.001459,1584.0601699999997,0,0
5833,66,soft-hit,843.347436,62.10154,701.638643,1607.087619,0,0
5833,66,soft-hit,856.99004,69.032643,709.963322,1635.986005,0,0
9178,57,miss,608.796858,29.859878,483.190346,0,1121.847082,0
9178,57,soft-hit,613.87154,29.651134,488.165331,1131.688005,0,0
9178,57,soft-hit,601.00152,29.311093,476.142926,1106.455539,0,0
9178,57,soft-hit,620.497396,29.692429,494.056583,1144.246408,0,0
9178,57,soft-hit,597.737552,29.407077,471.934894,1099.079523,0,0
9178,57,soft-hit,601.069907,29.631083,474.678394,1105.3793839999998,0,0
9178,57,soft-hit,609.575292,49.89594,484.187623,1143.6588550000001,0,0
9178,57,soft-hit,609.950299,34.187948,484.506449,1128.6446959999998,0,0
9178,57,soft-hit,619.544225,32.280111,494.214573,1146.0389089999999,0,0
9178,57,soft-hit,662.777353,29.453061,537.685268,1229.9156819999998,0,0
9178,57,soft-hit,606.597265,29.20019,480.94448,1116.741935,0,0
9178,57,soft-hit,604.518395,16.865016,476.049182,1097.432593,0,0
9178,57,soft-hit,606.60104,27.940745,473.156979,1107.698764,0,0
9178,57,soft-hit,607.639709,29.23075,481.700547,1118.5710060000001,0,0
9178,57,soft-hit,608.930314,23.031349,483.234895,1115.1965579999999,0,0
9178,57,soft-hit,610.476885,29.543208,487.610254,1127.630347,0,0
9178,57,soft-hit,602.262024,29.59426,476.572277,1108.428561,0,0
9178,57,soft-hit,614.319246,29.576221,489.86925,1133.764717,0,0
9178,57,soft-hit,612.784327,48.548667,487.566628,1148.899622,0,0
9178,57,soft-hit,602.630877,27.353312,476.102099,1106.086288,0,0
9178,57,soft-hit,604.914998,19.410592,478.474708,1102.800298,0,0
9178,57,soft-hit,606.055966,30.830331,485.007059,1121.893356,0,0
9178,57,soft-hit,598.885543,33.322097,474.384969,1106.592609,0,0
9178,57,soft-hit,610.126708,29.188659,484.217805,1123.533172,0,0
9178,57,soft-hit,600.056731,33.767848,474.639711,1108.46429,0,0
9178,57,soft-hit,600.747947,30.131139,475.289716,1106.168802,0,0
9178,57,soft-hit,624.827969,28.680348,479.559187,1133.067504,0,0
9178,57,soft-hit,592.249519,37.952501,476.934264,1107.136284,0,0
9178,57,soft-hit,606.756501,29.806654,481.446102,1118.009257,0,0
9178,57,soft-hit,620.236191,31.943828,493.834606,1146.014625,0,0
9178,57,soft-hit,609.165172,33.572002,482.714956,1125.45213,0,0
9178,57,soft-hit,625.983578,49.187801,499.487866,1174.6592449999998,0,0
9178,57,soft-hit,621.318899,28.278272,495.487452,1145.084623,0,0
9178,57,soft-hit,607.874583,30.429353,482.201407,1120.505343,0,0
9178,57,soft-hit,609.177822,46.147691,482.689156,1138.0146690000001,0,0
11858,51,miss,448.365638,29.502016,332.529549,0,810.397203,0
11858,51,soft-hit,456.999796,30.189016,341.940145,829.1289569999999,0,0
11858,51,soft-hit,445.881797,48.237292,330.434733,824.553822,0,0
11858,51,soft-hit,463.07367,43.112349,347.971795,854.1578139999999,0,0
11858,51,soft-hit,447.119302,26.704383,330.839714,804.663399,0,0
11858,51,soft-hit,469.172646,29.724512,352.822982,851.72014,0,0
11858,51,soft-hit,463.253869,40.19041,330.473754,833.9180329999999,0,0
11858,51,soft-hit,446.39316,31.914765,330.336771,808.6446960000001,0,0
11858,51,soft-hit,446.256716,29.526472,330.888632,806.67182,0,0
11858,51,soft-hit,473.381626,30.282576,358.57857,862.2427720000001,0,0
11858,52,soft-hit,477.109735,16.787039,359.585194,853.481968,0,0
11858,52,soft-hit,472.354182,33.0044,355.814762,861.1733439999999,0,0
11858,52,soft-hit,472.192245,16.712446,355.392403,844.297094,0,0
11858,52,soft-hit,485.861268,46.229076,368.931854,901.022198,0,0
11858,52,soft-hit,490.455885,30.273127,371.576883,892.305895,0,0
11858,52,soft-hit,476.444811,30.334459,357.844538,864.623808,0,0
11858,52,soft-hit,487.262484,29.32311,370.711123,887.296717,0,0
11858,52,soft-hit,490.361949,29.72385,372.853054,892.938853,0,0
11858,52,soft-hit,514.598796,16.985035,396.95566,928.539491,0,0
11858,52,soft-hit,492.614406,30.733089,374.323335,897.67083,0,0
11858,52,soft-hit,522.316274,47.198188,404.798899,974.313361,0,0
11858,52,soft-hit,484.906454,16.962926,366.892215,868.7615949999999,0,0
11858,52,soft-hit,506.179828,45.950539,377.995431,930.125798,0,0
11858,52,soft-hit,480.341985,44.766455,362.679879,887.788319,0,0
11858,52,soft-hit,477.308613,19.534971,358.733071,855.576655,0,0
11858,52,soft-hit,475.423016,26.344018,356.944232,858.711266,0,0
11858,52,soft-hit,524.541624,29.632455,406.502057,960.6761359999999,0,0
11858,52,soft-hit,493.859057,33.132188,376.56302,903.554265,0,0
11858,52,soft-hit,474.007361,43.388276,356.821556,874.217193,0,0
11858,52,soft-hit,478.871645,30.790796,362.608732,872.271173,0,0
11858,52,soft-hit,524.510686,30.122318,406.964293,961.597297,0,0
11858,52,soft-hit,494.711603,31.698199,378.152335,904.562137,0,0
11858,52,soft-hit,478.007705,31.537327,361.27989,870.824922,0,0
11858,52,soft-hit,490.332973,22.597206,373.742808,886.6729869999999,0,0
11858,52,soft-hit,478.724194,19.322998,361.817092,859.864284,0,0
15354,71,miss,974.898722,48.263574,825.195607,0,1848.357903,0
15354,used GE,hit,0,45.270996,0,45.270996,0,0
15354,used GE,hit,0,83.911011,0,83.911011,0,0
15354,used GE,hit,0,83.706832,0,83.706832,0,0
15354,used GE,hit,0,38.946716,0,38.946716,0,0
15354,used GE,hit,0,45.6917,0,45.6917,0,0
15354,used GE,hit,0,60.111359,0,60.111359,0,0
15354,used GE,hit,0,84.1143,0,84.1143,0,0
15354,used GE,hit,0,46.550673,0,46.550673,0,0
15354,used GE,hit,0,106.496296,0,106.496296,0,0
15354,used GE,hit,0,105.002099,0,105.002099,0,0
15354,used GE,hit,0,53.636917,0,53.636917,0,0
15354,used GE,hit,0,113.37489,0,113.37489,0,0
15354,used GE,hit,0,47.82451,0,47.82451,0,0
15354,used GE,hit,0,116.31048,0,116.31048,0,0
15354,used GE,hit,0,110.068334,0,110.068334,0,0
15354,used GE,hit,0,101.750162,0,101.750162,0,0
15354,used GE,hit,0,43.639493,0,43.639493,0,0
15354,used GE,hit,0,111.5235,0,111.5235,0,0
15354,used GE,hit,0,82.514015,0,82.514015,0,0
15354,used GE,hit,0,84.845258,0,84.845258,0,0
15354,used GE,hit,0,84.568206,0,84.568206,0,0
15354,used GE,hit,0,48.532044,0,48.532044,0,0
15354,used GE,hit,0,83.262725,0,83.262725,0,0
15354,used GE,hit,0,112.104894,0,112.104894,0,0
15354,used GE,hit,0,100.428715,0,100.428715,0,0
15354,used GE,hit,0,111.016396,0,111.016396,0,0
15354,used GE,hit,0,30.91095,0,30.91095,0,0
15354,used GE,hit,0,108.132102,0,108.132102,0,0
15354,used GE,hit,0,105.729349,0,105.729349,0,0
15354,used GE,hit,0,86.003082,0,86.003082,0,0
15354,used GE,hit,0,31.58363,0,31.58363,0,0
15354,used GE,hit,0,27.776768,0,27.776768,0,0
15354,used GE,hit,0,110.203646,0,110.203646,0,0
15354,used GE,hit,0,43.126085,0,43.126085,0,0
17798,52,miss,481.473477,22.171915,362.695621,0,866.341013,0
17798,used GE,hit,0,92.006724,0,92.006724,0,0
17798,used GE,hit,0,52.190653,0,52.190653,0,0
17798,used GE,hit,0,95.07232,0,95.07232,0,0
17798,used GE,hit,0,97.023189,0,97.023189,0,0
17798,used GE,hit,0,35.900808,0,35.900808,0,0
17798,used GE,hit,0,94.60931,0,94.60931,0,0
17798,used GE,hit,0,93.633256,0,93.633256,0,0
17798,used GE,hit,0,95.31001,0,95.31001,0,0
17798,used GE,hit,0,87.60741,0,87.60741,0,0
17798,used GE,hit,0,94.542061,0,94.542061,0,0
17798,used GE,hit,0,93.169617,0,93.169617,0,0
17798,used GE,hit,0,49.823009,0,49.823009,0,0
17798,used GE,hit,0,97.060952,0,97.060952,0,0
17798,used GE,hit,0,37.019408,0,37.019408,0,0
17798,used GE,hit,0,87.931609,0,87.931609,0,0
17798,used GE,hit,0,60.84387,0,60.84387,0,0
17798,used GE,hit,0,85.880192,0,85.880192,0,0
17798,used GE,hit,0,13.331046,0,13.331046,0,0
17798,used GE,hit,0,86.499127,0,86.499127,0,0
17798,used GE,hit,0,33.789793,0,33.789793,0,0
17798,used GE,hit,0,34.970915,0,34.970915,0,0
17798,used GE,hit,0,81.473563,0,81.473563,0,0
17798,used GE,hit,0,82.317008,0,82.317008,0,0
17798,used GE,hit,0,82.627736,0,82.627736,0,0
17798,used GE,hit,0,86.116442,0,86.116442,0,0
17798,used GE,hit,0,34.483607,0,34.483607,0,0
17798,used GE,hit,0,53.425522,0,53.425522,0,0
17798,used GE,hit,0,44.254402,0,44.254402,0,0
17798,used GE,hit,0,13.364217,0,13.364217,0,0
17798,used GE,hit,0,34.041486,0,34.041486,0,0
17798,used GE,hit,0,88.163409,0,88.163409,0,0
17798,used GE,hit,0,36.772238,0,36.772238,0,0
17798,used GE,hit,0,86.963133,0,86.963133,0,0
17798,used GE,hit,0,28.333874,0,28.333874,0,0
18852,59,miss,674.086233,24.921064,543.818892,0,1242.8261889999999,0
18852,59,soft-hit,689.464948,34.517171,560.679381,1284.6615000000002,0,0
18852,59,soft-hit,685.810928,24.479012,555.886771,1266.176711,0,0
18852,59,soft-hit,674.27772,24.784292,544.796785,1243.858797,0,0
18852,59,soft-hit,665.730077,24.677589,537.369759,1227.7774250000002,0,0
18852,59,soft-hit,668.309447,24.721526,538.916443,1231.947416,0,0
18852,59,soft-hit,674.828107,25.098681,543.407103,1243.333891,0,0
18852,59,soft-hit,682.54405,24.874998,553.799545,1261.218593,0,0
18852,59,soft-hit,671.957547,41.227755,543.5288,1256.714102,0,0
18852,59,soft-hit,672.149203,27.265814,541.671001,1241.086018,0,0
18852,59,soft-hit,670.975327,25.236825,540.215786,1236.4279379999998,0,0
18852,59,soft-hit,675.040776,48.024437,546.258326,1269.323539,0,0
18852,59,soft-hit,670.348334,38.640563,541.014952,1250.0038490000002,0,0
18852,59,soft-hit,666.700362,24.771116,538.490839,1229.962317,0,0
18852,59,soft-hit,682.864979,29.114086,553.344344,1265.323409,0,0
18852,59,soft-hit,680.085504,47.651119,551.18544,1278.922063,0,0
18852,59,soft-hit,689.938081,32.698806,561.035925,1283.672812,0,0
18852,59,soft-hit,678.981604,34.605519,549.810397,1263.39752,0,0
18852,59,soft-hit,713.080054,24.88207,583.51357,1321.475694,0,0
18852,59,soft-hit,689.413495,25.640815,560.653309,1275.707619,0,0
18852,59,soft-hit,665.665711,25.228452,553.420044,1244.314207,0,0
18852,59,soft-hit,672.71574,24.920889,543.841928,1241.478557,0,0
18852,59,soft-hit,687.041274,23.414309,540.642353,1251.0979360000001,0,0
18852,59,soft-hit,713.866811,26.09289,585.353323,1325.313024,0,0
18852,59,soft-hit,683.340548,25.379955,552.45741,1261.177913,0,0
18852,59,soft-hit,703.182066,24.769953,571.984924,1299.936943,0,0
18852,59,soft-hit,674.167502,25.401595,543.291557,1242.860654,0,0
18852,59,soft-hit,693.835939,21.336036,564.420668,1279.592643,0,0
18852,59,soft-hit,669.165897,47.828765,540.186881,1257.181543,0,0
18852,59,soft-hit,680.213794,28.654975,550.919363,1259.7881320000001,0,0
18852,59,soft-hit,697.558264,23.855472,568.903272,1290.317008,0,0
18852,59,soft-hit,676.815319,25.397474,547.089631,1249.302424,0,0
18852,59,soft-hit,670.106126,43.297709,541.334972,1254.7388070000002,0,0
18852,59,soft-hit,671.610802,34.291424,542.220399,1248.122625,0,0
18852,59,soft-hit,673.773901,25.022173,545.022731,1243.8188049999999,0,0
19924,59,miss,703.635773,54.208608,572.73362,0,1330.5780009999999,0
19924,used GE,hit,0,73.32418,0,73.32418,0,0
19924,used GE,hit,0,74.975107,0,74.975107,0,0
19924,used GE,hit,0,55.182448,0,55.182448,0,0
19924,used GE,hit,0,69.706881,0,69.706881,0,0
19924,59,soft-hit,683.840428,32.95143,553.063295,1269.855153,0,0
19924,59,soft-hit,671.270761,70.051254,541.039703,1282.361718,0,0
19924,59,soft-hit,673.418047,79.238201,541.711047,1294.367295,0,0
19924,59,soft-hit,672.051182,69.792708,541.671177,1283.5150669999998,0,0
19924,59,soft-hit,671.998707,77.888736,541.26824,1291.155683,0,0
19924,59,soft-hit,667.374675,57.186977,542.271822,1266.833474,0,0
19924,59,soft-hit,673.166848,34.631273,542.164293,1249.962414,0,0
19924,59,soft-hit,672.69138,52.457747,541.713548,1266.8626749999999,0,0
19924,59,soft-hit,674.889769,52.185817,543.212966,1270.288552,0,0
19924,59,soft-hit,696.845206,52.248603,565.663844,1314.7576530000001,0,0
19924,59,soft-hit,699.776136,70.940295,568.435523,1339.151954,0,0
19924,59,soft-hit,700.585829,71.887716,570.872098,1343.345643,0,0
19924,59,soft-hit,677.751174,19.006984,546.399073,1243.1572310000001,0,0
19924,59,soft-hit,698.375582,87.467803,568.237162,1354.080547,0,0
19924,59,soft-hit,677.551131,53.154023,545.992277,1276.697431,0,0
19924,59,soft-hit,678.984476,78.836848,546.296855,1304.118179,0,0
19924,59,soft-hit,686.083072,40.466077,555.387629,1281.936778,0,0
19924,59,soft-hit,680.493465,99.568671,550.544142,1330.606278,0,0
19924,59,soft-hit,676.511243,26.297374,545.273326,1248.0819430000001,0,0
19924,59,soft-hit,695.482676,71.258967,564.452115,1331.193758,0,0
19924,59,soft-hit,696.479257,82.23349,565.053737,1343.7664839999998,0,0
19924,59,soft-hit,690.023016,44.632042,558.234691,1292.889749,0,0
19924,59,soft-hit,704.557046,72.433044,572.207079,1349.197169,0,0
19924,59,soft-hit,678.013512,79.870205,547.109808,1304.993525,0,0
19924,59,soft-hit,667.255191,34.046325,548.634907,1249.936423,0,0
19924,59,soft-hit,677.308726,80.193984,544.987807,1302.490517,0,0
19924,59,soft-hit,685.077771,34.171587,553.67559,1272.924948,0,0
19924,59,soft-hit,681.269049,50.636111,550.507361,1282.412521,0,0
19924,59,soft-hit,698.584001,42.349519,567.377696,1308.311216,0,0
19924,59,soft-hit,701.679971,71.200959,571.152151,1344.033081,0,0
33049,101,miss,800.298947,20.995526,606.198611,0,1427.4930840000002,0
33049,used GE,hit,0,67.430834,0,67.430834,0,0
33049,used GE,hit,0,61.209628,0,61.209628,0,0
33049,used GE,hit,0,48.138799,0,48.138799,0,0
33049,used GE,hit,0,26.643801,0,26.643801,0,0
33049,used GE,hit,0,73.679778,0,73.679778,0,0
33049,used GE,hit,0,47.727743,0,47.727743,0,0
33049,used GE,hit,0,26.986764,0,26.986764,0,0
33049,used GE,hit,0,77.820398,0,77.820398,0,0
33049,used GE,hit,0,27.161909,0,27.161909,0,0
33049,used GE,hit,0,31.117336,0,31.117336,0,0
33049,used GE,hit,0,31.03949,0,31.03949,0,0
33049,used GE,hit,0,25.452247,0,25.452247,0,0
33049,used GE,hit,0,24.917222,0,24.917222,0,0
33049,used GE,hit,0,58.962787,0,58.962787,0,0
33049,used GE,hit,0,26.727131,0,26.727131,0,0
33049,used GE,hit,0,38.525683,0,38.525683,0,0
33049,used GE,hit,0,37.687535,0,37.687535,0,0
33049,used GE,hit,0,52.031466,0,52.031466,0,0
33049,used GE,hit,0,28.008242,0,28.008242,0,0
33049,used GE,hit,0,26.321484,0,26.321484,0,0
33049,used GE,hit,0,37.821182,0,37.821182,0,0
33049,used GE,hit,0,78.359552,0,78.359552,0,0
33049,used GE,hit,0,120.377571,0,120.377571,0,0
33049,used GE,hit,0,79.838471,0,79.838471,0,0
33049,used GE,hit,0,27.677584,0,27.677584,0,0
33049,used GE,hit,0,31.124358,0,31.124358,0,0
33049,used GE,hit,0,25.167655,0,25.167655,0,0
33049,used GE,hit,0,24.606038,0,24.606038,0,0
33049,used GE,hit,0,51.558497,0,51.558497,0,0
33049,102,soft-hit,835.59649,44.970876,640.634966,1521.2023319999998,0,0
33049,used GE,hit,0,23.587963,0,23.587963,0,0
33049,used GE,hit,0,26.382657,0,26.382657,0,0
33049,used GE,hit,0,65.057445,0,65.057445,0,0
33049,used GE,hit,0,46.186436,0,46.186436,0,0
177,80,miss,274.765383,20.747333,107.225956,0,402.73867199999995,0
177,80,soft-hit,233.223305,18.366047,70.201784,321.791136,0,0
177,80,soft-hit,290.773037,18.839481,126.177102,435.78962,0,0
177,80,soft-hit,239.594817,19.736162,76.354649,335.685628,0,0
177,80,soft-hit,272.106481,19.143675,109.413902,400.66405799999995,0,0
177,80,soft-hit,232.335133,18.116977,93.391721,343.843831,0,0
177,80,soft-hit,348.78934,18.531419,185.297455,552.618214,0,0
177,80,soft-hit,235.637977,18.360465,72.963958,326.9624,0,0
177,80,soft-hit,238.731253,49.248308,75.508511,363.488072,0,0
177,80,soft-hit,239.184519,57.262491,76.483,372.93001000000004,0,0
177,80,soft-hit,248.961378,17.691784,76.035248,342.68841,0,0
177,80,soft-hit,253.269672,95.116786,91.238622,439.62508,0,0
177,80,soft-hit,258.06693,18.672835,94.506137,371.245902,0,0
177,80,soft-hit,270.384848,18.925304,106.082514,395.39266599999996,0,0
177,80,soft-hit,243.256615,17.955608,82.505689,343.717912,0,0
177,80,soft-hit,256.121406,18.608839,97.818134,372.54837899999995,0,0
177,80,soft-hit,257.822097,18.365792,95.598082,371.785971,0,0
177,80,soft-hit,256.193866,19.932243,94.618117,370.744226,0,0
177,80,soft-hit,236.106532,25.869199,73.00721,334.982941,0,0
177,80,soft-hit,259.519113,18.92839,98.365998,376.813501,0,0
177,80,soft-hit,263.247961,45.85592,98.152611,407.256492,0,0
177,80,soft-hit,273.846523,17.132256,96.909518,387.88829699999997,0,0
177,80,soft-hit,269.775198,31.96587,101.458255,403.199323,0,0
177,80,soft-hit,267.845632,18.492316,103.463861,389.80180900000005,0,0
177,80,soft-hit,246.804568,18.692748,84.378627,349.875943,0,0
177,80,soft-hit,260.103307,52.076937,97.910647,410.09089099999994,0,0
177,80,soft-hit,244.032652,73.791727,82.418812,400.243191,0,0
177,80,soft-hit,242.369951,52.022377,78.662988,373.05531599999995,0,0
177,80,soft-hit,247.240203,18.77648,83.497166,349.51384900000005,0,0
177,80,soft-hit,258.885523,47.977752,95.001969,401.86524399999996,0,0
177,80,soft-hit,251.461218,56.617309,88.047399,396.125926,0,0
177,80,soft-hit,277.255043,18.177784,114.095955,409.528782,0,0
177,80,soft-hit,265.701452,18.050256,84.957798,368.70950600000003,0,0
177,80,soft-hit,236.495965,82.265466,74.577789,393.33922,0,0
177,80,soft-hit,261.792724,36.407658,100.046928,398.24731,0,0
4167,93,miss,579.39092,43.116709,397.102671,0,1019.6103,0
4167,93,soft-hit,580.001376,19.454946,398.598419,998.054741,0,0
4167,93,soft-hit,580.122928,59.775952,399.881385,1039.780265,0,0
4167,93,soft-hit,615.606119,34.588054,432.501902,1082.696075,0,0
4167,93,soft-hit,582.189691,19.289377,397.720371,999.199439,0,0
4167,93,soft-hit,652.823144,19.210837,472.865073,1144.899054,0,0
4167,93,soft-hit,598.832365,54.156302,419.444619,1072.433286,0,0
4167,93,soft-hit,590.05645,36.858338,408.964887,1035.8796750000001,0,0
4167,93,soft-hit,605.172863,22.852573,423.738501,1051.763937,0,0
4167,93,soft-hit,619.385151,21.288656,436.398304,1077.072111,0,0
4167,93,soft-hit,601.637231,53.175411,418.860338,1073.67298,0,0
4167,93,soft-hit,623.608996,19.472742,439.382824,1082.4645620000001,0,0
4167,93,soft-hit,581.56434,45.303159,399.598587,1026.466086,0,0
4167,93,soft-hit,583.527602,51.472807,400.958326,1035.958735,0,0
4167,93,soft-hit,603.934866,36.034323,420.017561,1059.98675,0,0
4167,93,soft-hit,628.913323,61.276932,445.796084,1135.986339,0,0
4167,93,soft-hit,590.386153,66.655054,407.938222,1064.979429,0,0
4167,93,soft-hit,616.802468,60.351481,417.876285,1095.0302339999998,0,0
4167,93,soft-hit,623.016753,20.06437,441.375799,1084.4569219999998,0,0
4167,93,soft-hit,624.687456,68.787749,444.365141,1137.840346,0,0
4167,93,soft-hit,582.068704,57.526561,400.708179,1040.3034440000001,0,0
4167,93,soft-hit,583.865347,19.049595,402.324374,1005.239316,0,0
4167,93,soft-hit,583.999775,25.527051,403.805455,1013.332281,0,0
4167,93,soft-hit,619.480288,19.145385,435.396834,1074.022507,0,0
4167,93,soft-hit,593.762292,19.258208,412.69561,1025.71611,0,0
4167,93,soft-hit,613.824582,24.203613,434.661231,1072.689426,0,0
4167,93,soft-hit,603.394715,62.248386,419.435631,1085.078732,0,0
4167,93,soft-hit,610.795102,58.866692,415.782309,1085.444103,0,0
4167,93,soft-hit,596.375493,23.728147,413.109437,1033.2130769999999,0,0
4167,93,soft-hit,581.536435,19.260806,401.140864,1001.938105,0,0
4167,93,soft-hit,597.386007,50.098651,416.110172,1063.59483,0,0
4167,93,soft-hit,583.087271,19.320487,402.611672,1005.01943,0,0
4167,93,soft-hit,595.722211,19.220275,412.478082,1027.420568,0,0
4167,93,soft-hit,600.897847,94.248089,417.045801,1112.1917369999999,0,0
4167,93,soft-hit,597.541973,19.449165,416.117683,1033.108821,0,0
5706,82,miss,326.404325,21.080921,159.214653,0,506.69989899999996,0
5706,used GE,hit,0,74.89324,0,74.89324,0,0
5706,used GE,hit,0,40.312186,0,40.312186,0,0
5706,used GE,hit,0,62.23535,0,62.23535,0,0
5706,used GE,hit,0,26.445301,0,26.445301,0,0
5706,used GE,hit,0,27.197032,0,27.197032,0,0
5706,used GE,hit,0,25.738326,0,25.738326,0,0
5706,used GE,hit,0,38.919973,0,38.919973,0,0
5706,used GE,hit,0,47.457592,0,47.457592,0,0
5706,used GE,hit,0,67.508114,0,67.508114,0,0
5706,used GE,hit,0,54.633882,0,54.633882,0,0
5706,used GE,hit,0,24.96198,0,24.96198,0,0
5706,used GE,hit,0,24.369317,0,24.369317,0,0
5706,used GE,hit,0,23.124365,0,23.124365,0,0
5706,used GE,hit,0,22.78853,0,22.78853,0,0
5706,used GE,hit,0,47.264688,0,47.264688,0,0
5706,used GE,hit,0,33.487563,0,33.487563,0,0
5706,used GE,hit,0,98.844722,0,98.844722,0,0
5706,used GE,hit,0,25.85122,0,25.85122,0,0
5706,used GE,hit,0,76.040462,0,76.040462,0,0
5706,used GE,hit,0,25.446756,0,25.446756,0,0
5706,used GE,hit,0,77.256315,0,77.256315,0,0
5706,used GE,hit,0,62.169325,0,62.169325,0,0
5706,used GE,hit,0,25.952542,0,25.952542,0,0
5706,used GE,hit,0,23.969452,0,23.969452,0,0
5706,used GE,hit,0,23.611522,0,23.611522,0,0
5706,used GE,hit,0,72.128147,0,72.128147,0,0
5706,used GE,hit,0,48.696741,0,48.696741,0,0
5706,used GE,hit,0,26.175975,0,26.175975,0,0
5706,used GE,hit,0,25.189082,0,25.189082,0,0
5706,used GE,hit,0,24.69922,0,24.69922,0,0
5706,used GE,hit,0,77.622112,0,77.622112,0,0
5706,used GE,hit,0,94.779912,0,94.779912,0,0
5706,used GE,hit,0,27.633635,0,27.633635,0,0
5706,used GE,hit,0,98.540233,0,98.540233,0,0
18131,100,miss,780.907767,21.814422,588.298176,0,1391.020365,0
18131,100,soft-hit,776.782931,20.017428,585.728966,1382.529325,0,0
18131,100,soft-hit,780.717478,30.3938,590.10588,1401.217158,0,0
18131,100,soft-hit,785.530995,19.970718,594.386276,1399.8879889999998,0,0
18131,100,soft-hit,837.085077,19.68211,600.145055,1456.9122419999999,0,0
18131,100,soft-hit,861.425247,20.070197,667.946381,1549.4418249999999,0,0
18131,100,soft-hit,809.953015,53.445768,618.714862,1482.1136450000001,0,0
18131,100,soft-hit,781.582547,19.308549,590.364384,1391.2554799999998,0,0
18131,100,soft-hit,792.799097,71.522755,601.964008,1466.28586,0,0
18131,100,soft-hit,788.98312,19.706792,596.333665,1405.023577,0,0
18131,100,soft-hit,784.596939,41.24597,592.614201,1418.45711,0,0
18131,100,soft-hit,808.115356,96.192134,616.640004,1520.947494,0,0
18131,100,soft-hit,794.580535,19.87176,608.695683,1423.147978,0,0
18131,100,soft-hit,818.482633,19.759917,615.215963,1453.458513,0,0
18131,100,soft-hit,790.106283,59.426723,599.568746,1449.101752,0,0
18131,100,soft-hit,794.326314,19.712284,601.583272,1415.62187,0,0
18131,100,soft-hit,805.151231,20.20356,614.501546,1439.8563370000002,0,0
18131,100,soft-hit,804.161048,35.182702,614.174599,1453.518349,0,0
18131,100,soft-hit,821.783312,60.707492,630.708261,1513.199065,0,0
18131,100,soft-hit,791.832575,46.883377,601.469075,1440.185027,0,0
18131,100,soft-hit,783.098029,21.005843,593.111779,1397.215651,0,0
18131,100,soft-hit,782.98501,19.285428,591.293728,1393.5641660000001,0,0
18131,100,soft-hit,780.372791,40.59788,588.787772,1409.7584430000002,0,0
18131,100,soft-hit,779.981955,19.44518,589.397602,1388.824737,0,0
18131,100,soft-hit,800.287939,54.856179,609.342041,1464.486159,0,0
18131,100,soft-hit,786.158794,68.068785,594.528292,1448.7558709999998,0,0
18131,100,soft-hit,827.187204,20.247783,635.305914,1482.7409010000001,0,0
18131,100,soft-hit,793.474009,76.384767,602.147251,1472.006027,0,0
18131,100,soft-hit,827.841736,75.943339,635.821103,1539.606178,0,0
18131,100,soft-hit,816.089407,19.474183,625.886885,1461.450475,0,0
18131,100,soft-hit,817.190505,19.825482,626.200249,1463.216236,0,0
18131,100,soft-hit,807.664673,71.202472,612.110811,1490.977956,0,0
18131,100,soft-hit,795.943013,55.590855,597.656089,1449.189957,0,0
18131,100,soft-hit,793.287232,53.278166,600.040754,1446.6061519999998,0,0
18131,100,soft-hit,799.385757,19.983272,608.483413,1427.852442,0,0
32818,71,miss,21.830483,23.410335,871.227746,0,916.468564,0
32818,71,soft-hit,48.651098,18.225697,898.085731,964.962526,0,0
32818,71,soft-hit,66.170606,35.608202,914.960396,1016.739204,0,0
32818,71,soft-hit,49.201037,17.78656,898.828025,965.8156220000001,0,0
32818,71,soft-hit,17.095914999999998,21.99837,865.141122,904.235407,0,0
32818,71,soft-hit,17.767882999999998,18.1123,867.095979,902.976162,0,0
32818,71,soft-hit,18.561236,17.973397,868.27641,904.811043,0,0
32818,71,soft-hit,20.97467,63.416006,869.738217,954.128893,0,0
32818,71,soft-hit,29.497778,87.27081,876.895114,993.6637020000001,0,0
32818,71,soft-hit,29.68463,18.372913,878.722777,926.78032,0,0
32818,71,soft-hit,22.394906,18.332333,872.367528,913.0947669999999,0,0
32818,71,soft-hit,51.153552,18.029241,899.087833,968.270626,0,0
32818,71,soft-hit,16.879644,18.7459,866.528556,902.1541,0,0
32818,71,soft-hit,27.397592,18.289359,877.913922,923.600873,0,0
32818,71,soft-hit,22.05116,35.09999,872.829164,929.980314,0,0
32818,71,soft-hit,21.754199,26.435472,871.24299,919.4326609999999,0,0
32818,71,soft-hit,24.802712,26.529662,875.201131,926.5335050000001,0,0
32818,71,soft-hit,39.301926,17.839992,888.11233,945.2542480000001,0,0
32818,71,soft-hit,38.011245,17.785345,898.670655,954.467245,0,0
32818,71,soft-hit,53.903999,38.866151,878.550241,971.3203910000001,0,0
32818,71,soft-hit,37.235073,18.478008,868.882747,924.595828,0,0
32818,71,soft-hit,34.780791,22.961519,885.140805,942.883115,0,0
32818,71,soft-hit,55.368655,18.398234,904.464059,978.230948,0,0
32818,71,soft-hit,38.915973,17.986282,887.287827,944.190082,0,0
32818,71,soft-hit,59.597685,17.743634,907.824701,985.16602,0,0
32818,71,soft-hit,33.278958,59.197419,883.257839,975.734216,0,0
32818,71,soft-hit,46.443402,35.338083,894.52006,976.3015449999999,0,0
32818,71,soft-hit,62.488674,42.298945,912.29477,1017.0823889999999,0,0
32818,71,soft-hit,76.064239,60.774033,925.630269,1062.468541,0,0
32818,71,soft-hit,34.105902,54.833598,883.247879,972.1873790000001,0,0
32818,72,soft-hit,66.520894,18.198111,914.86708,999.586085,0,0
32818,72,soft-hit,62.68131,47.579213,910.738442,1020.998965,0,0
32818,72,soft-hit,50.966817,59.507291,899.272248,1009.746356,0,0
32818,72,soft-hit,63.438514,35.456893,902.999445,1001.8948520000001,0,0
32818,72,soft-hit,66.1739,17.926549,915.446172,999.5466210000001,0,0
5379,72,miss,56.294401,38.927994,905.158756,0,1000.381151,0
5379,72,soft-hit,47.90458,20.514319,897.470929,965.889828,0,0
5379,72,soft-hit,62.768314,18.768979,912.156948,993.694241,0,0
5379,72,soft-hit,71.268601,17.575681,921.272953,1010.117235,0,0
5379,72,soft-hit,49.122318,17.204548,899.749683,966.076549,0,0
5379,72,soft-hit,50.982288,39.468434,901.25516,991.7058820000001,0,0
5379,72,soft-hit,50.987243,70.108852,900.715773,1021.811868,0,0
5379,72,soft-hit,40.202397,16.903325,895.581438,952.6871600000001,0,0
5379,72,soft-hit,81.282659,17.351661,931.288654,1029.922974,0,0
5379,72,soft-hit,52.617773,17.349535,901.836119,971.803427,0,0
5379,72,soft-hit,92.717673,16.556962,923.937372,1033.212007,0,0
5379,72,soft-hit,67.718268,17.945039,916.027544,1001.690851,0,0
5379,72,soft-hit,52.901646,17.669957,907.737287,978.30889,0,0
5379,72,soft-hit,54.969081,50.365796,904.924099,1010.258976,0,0
5379,72,soft-hit,59.335542,18.134852,908.643096,986.1134900000001,0,0
5379,72,soft-hit,63.529285,54.333436,914.104092,1031.966813,0,0
5379,72,soft-hit,49.360514,17.163151,898.604396,965.1280609999999,0,0
5379,72,soft-hit,86.707764,17.205405,936.65628,1040.569449,0,0
5379,72,soft-hit,48.091827,44.074073,897.804773,989.9706729999999,0,0
5379,72,soft-hit,67.386716,17.396665,917.161334,1001.944715,0,0
5379,72,soft-hit,56.129642,42.597323,905.999493,1004.726458,0,0
5379,72,soft-hit,81.982301,47.227946,899.962365,1029.1726119999998,0,0
5379,72,soft-hit,48.130808,54.681792,897.335562,1000.148162,0,0
5379,72,soft-hit,80.297459,16.93132,920.500251,1017.7290300000001,0,0
5379,72,soft-hit,52.410691,18.014611,903.608818,974.03412,0,0
5379,72,soft-hit,54.063646,17.363813,902.583569,974.011028,0,0
5379,72,soft-hit,70.354,18.419398,918.309632,1007.08303,0,0
5379,72,soft-hit,58.988798,17.317781,908.299326,984.6059049999999,0,0
5379,72,soft-hit,77.993738,17.428489,927.966785,1023.389012,0,0
5379,72,soft-hit,48.864216,17.4479,898.452405,964.7645210000001,0,0
5379,72,soft-hit,59.294795,51.289839,908.585334,1019.169968,0,0
5379,72,soft-hit,50.042099,32.777771,899.660887,982.480757,0,0
5379,72,soft-hit,64.573616,44.14621,914.975914,1023.69574,0,0
5379,72,soft-hit,65.924226,27.968257,915.570519,1009.463002,0,0
5379,72,soft-hit,50.423545,17.017348,901.130929,968.571822,0,0
13661,75,miss,171.300469,41.310815,996.772301,0,1209.383585,0
13661,used GE,hit,0,49.297924,0,49.297924,0,0
13661,used GE,hit,0,15.636121,0,15.636121,0,0
13661,used GE,hit,0,14.516913,0,14.516913,0,0
13661,used GE,hit,0,13.995549,0,13.995549,0,0
13661,used GE,hit,0,14.654686,0,14.654686,0,0
13661,used GE,hit,0,37.478144,0,37.478144,0,0
13661,used GE,hit,0,84.424215,0,84.424215,0,0
13661,used GE,hit,0,14.277062,0,14.277062,0,0
13661,used GE,hit,0,51.025032,0,51.025032,0,0
13661,used GE,hit,0,50.919666,0,50.919666,0,0
13661,used GE,hit,0,14.413744,0,14.413744,0,0
13661,used GE,hit,0,15.114147,0,15.114147,0,0
13661,used GE,hit,0,26.104091,0,26.104091,0,0
13661,used GE,hit,0,15.141013,0,15.141013,0,0
13661,used GE,hit,0,33.636752,0,33.636752,0,0
13661,used GE,hit,0,29.549932,0,29.549932,0,0
13661,used GE,hit,0,13.659903,0,13.659903,0,0
13661,used GE,hit,0,32.04441,0,32.04441,0,0
13661,used GE,hit,0,14.355036,0,14.355036,0,0
13661,used GE,hit,0,25.791383,0,25.791383,0,0
13661,used GE,hit,0,14.055781,0,14.055781,0,0
13661,used GE,hit,0,29.892383,0,29.892383,0,0
13661,used GE,hit,0,13.760046,0,13.760046,0,0
13661,used GE,hit,0,45.388405,0,45.388405,0,0
13661,used GE,hit,0,40.816234,0,40.816234,0,0
13661,used GE,hit,0,43.475968,0,43.475968,0,0
13661,used GE,hit,0,16.469591,0,16.469591,0,0
13661,used GE,hit,0,45.28933,0,45.28933,0,0
13661,used GE,hit,0,46.502654,0,46.502654,0,0
13661,used GE,hit,0,14.03833,0,14.03833,0,0
13661,used GE,hit,0,13.893842,0,13.893842,0,0
13661,used GE,hit,0,13.671512,0,13.671512,0,0
13661,used GE,hit,0,26.32259,0,26.32259,0,0
13661,used GE,hit,0,15.37864,0,15.37864,0,0
13797,73,miss,103.409724,16.715147,950.749464,0,1070.874335,0
13797,used GE,hit,0,15.805174,0,15.805174,0,0
13797,used GE,hit,0,16.916518,0,16.916518,0,0
13797,used GE,hit,0,36.694544,0,36.694544,0,0
13797,used GE,hit,0,37.617267,0,37.617267,0,0
13797,used GE,hit,0,40.163493,0,40.163493,0,0
13797,used GE,hit,0,20.611936,0,20.611936,0,0
13797,used GE,hit,0,19.567777,0,19.567777,0,0
13797,used GE,hit,0,21.170264,0,21.170264,0,0
13797,used GE,hit,0,19.06205,0,19.06205,0,0
13797,used GE,hit,0,27.413778,0,27.413778,0,0
13797,used GE,hit,0,20.131554,0,20.131554,0,0
13797,used GE,hit,0,19.976377,0,19.976377,0,0
13797,used GE,hit,0,19.425123,0,19.425123,0,0
13797,used GE,hit,0,38.714959,0,38.714959,0,0
13797,used GE,hit,0,16.934142,0,16.934142,0,0
13797,used GE,hit,0,17.181304,0,17.181304,0,0
13797,used GE,hit,0,21.982776,0,21.982776,0,0
13797,used GE,hit,0,19.693624,0,19.693624,0,0
13797,used GE,hit,0,19.818165,0,19.818165,0,0
13797,used GE,hit,0,35.396183,0,35.396183,0,0
13797,used GE,hit,0,52.6752,0,52.6752,0,0
13797,used GE,hit,0,60.631818,0,60.631818,0,0
13797,used GE,hit,0,50.793107,0,50.793107,0,0
13797,used GE,hit,0,48.92848,0,48.92848,0,0
13797,used GE,hit,0,20.872138,0,20.872138,0,0
13797,used GE,hit,0,20.672021,0,20.672021,0,0
13797,used GE,hit,0,20.568556,0,20.568556,0,0
13797,used GE,hit,0,36.828007,0,36.828007,0,0
13797,used GE,hit,0,19.586766,0,19.586766,0,0
13797,used GE,hit,0,52.59638,0,52.59638,0,0
13797,used GE,hit,0,62.255468,0,62.255468,0,0
13797,used GE,hit,0,20.50813,0,20.50813,0,0
13797,used GE,hit,0,33.04725,0,33.04725,0,0
13797,used GE,hit,0,42.809031,0,42.809031,0,0
14312,83,miss,370.13842,36.432144,203.728122,0,610.298686,0
14312,83,soft-hit,393.912046,18.09488,227.591701,639.598627,0,0
14312,83,soft-hit,357.280894,16.824937,194.242765,568.348596,0,0
14312,83,soft-hit,376.046351,17.927089,212.674956,606.648396,0,0
14312,83,soft-hit,386.034721,34.09523,221.950795,642.080746,0,0
14312,83,soft-hit,393.683045,16.616289,228.391138,638.690472,0,0
14312,83,soft-hit,352.546154,16.478883,188.048224,557.073261,0,0
14312,83,soft-hit,368.209438,15.621613,187.080783,570.911834,0,0
14312,83,soft-hit,364.209329,36.522055,195.054706,595.7860900000001,0,0
14312,83,soft-hit,399.332403,43.978632,234.967575,678.2786100000001,0,0
14312,83,soft-hit,359.681159,28.872098,195.045375,583.598632,0,0
14312,83,soft-hit,364.429112,40.403231,200.104799,604.937142,0,0
14312,83,soft-hit,377.385581,17.43213,213.676651,608.494362,0,0
14312,83,soft-hit,372.399943,16.856141,207.510555,596.766639,0,0
14312,83,soft-hit,367.301014,16.867587,202.112704,586.281305,0,0
14312,83,soft-hit,361.258434,17.0285,197.445496,575.73243,0,0
14312,83,soft-hit,354.905983,16.275216,198.305326,569.486525,0,0
14312,83,soft-hit,299.377809,19.922867,194.518385,513.819061,0,0
14312,83,soft-hit,325.79304,37.870723,218.852295,582.516058,0,0
14312,83,soft-hit,323.381169,15.785492,191.296093,530.462754,0,0
14312,83,soft-hit,329.918218,16.105166,225.43122,571.454604,0,0
14312,83,soft-hit,361.138811,32.641274,197.093712,590.873797,0,0
14312,83,soft-hit,301.284011,18.779308,194.445283,514.508602,0,0
14312,83,soft-hit,382.846991,16.641066,216.567393,616.0554500000001,0,0
14312,83,soft-hit,354.205133,15.827803,188.768147,558.801083,0,0
14312,83,soft-hit,346.698455,51.948046,189.886859,588.53336,0,0
14312,83,soft-hit,379.963198,38.330961,215.742078,634.036237,0,0
14312,83,soft-hit,384.283516,16.635639,218.841743,619.760898,0,0
14312,83,soft-hit,377.378167,16.502489,214.006708,607.887364,0,0
14312,83,soft-hit,366.974603,16.408514,201.943858,585.326975,0,0
14312,83,soft-hit,411.103739,55.434704,227.618671,694.1571140000001,0,0
14312,83,soft-hit,380.052962,35.47996,214.620716,630.153638,0,0
14312,83,soft-hit,366.381617,16.72423,202.139497,585.245344,0,0
14312,83,soft-hit,450.166039,35.23578,287.435276,772.837095,0,0
14312,83,soft-hit,382.367308,16.700379,218.219271,617.2869579999999,0,0
16749,66,miss,913.334323,16.125699,773.828719,0,1703.288741,0
16749,used GE,hit,0,14.865623,0,14.865623,0,0
16749,used GE,hit,0,25.442219,0,25.442219,0,0
16749,used GE,hit,0,23.59974,0,23.59974,0,0
16749,used GE,hit,0,44.427143,0,44.427143,0,0
16749,used GE,hit,0,43.735992,0,43.735992,0,0
16749,used GE,hit,0,27.508976,0,27.508976,0,0
16749,used GE,hit,0,41.179388,0,41.179388,0,0
16749,used GE,hit,0,22.681259,0,22.681259,0,0
16749,used GE,hit,0,50.969753,0,50.969753,0,0
16749,used GE,hit,0,19.592323,0,19.592323,0,0
16749,used GE,hit,0,27.355891,0,27.355891,0,0
16749,used GE,hit,0,18.423019,0,18.423019,0,0
16749,used GE,hit,0,18.920096,0,18.920096,0,0
16749,used GE,hit,0,37.969487,0,37.969487,0,0
16749,used GE,hit,0,18.894386,0,18.894386,0,0
16749,used GE,hit,0,50.097202,0,50.097202,0,0
16749,used GE,hit,0,22.893985,0,22.893985,0,0
16749,used GE,hit,0,18.81293,0,18.81293,0,0
16749,used GE,hit,0,19.603528,0,19.603528,0,0
16749,used GE,hit,0,38.858773,0,38.858773,0,0
16749,used GE,hit,0,51.278883,0,51.278883,0,0
16749,used GE,hit,0,40.426718,0,40.426718,0,0
16749,used GE,hit,0,19.659999,0,19.659999,0,0
16749,used GE,hit,0,50.929482,0,50.929482,0,0
16749,used GE,hit,0,19.073031,0,19.073031,0,0
16749,used GE,hit,0,37.865111,0,37.865111,0,0
16749,used GE,hit,0,19.613093,0,19.613093,0,0
16749,used GE,hit,0,19.581274,0,19.581274,0,0
16749,used GE,hit,0,28.969837,0,28.969837,0,0
16749,used GE,hit,0,71.232446,0,71.232446,0,0
16749,used GE,hit,0,17.786607,0,17.786607,0,0
16749,used GE,hit,0,18.701566,0,18.701566,0,0
16749,used GE,hit,0,20.578782,0,20.578782,0,0
16749,used GE,hit,0,13.349188,0,13.349188,0,0
19101,90,miss,566.415658,22.457982,389.932855,0,978.806495,0
19101,90,soft-hit,577.545888,17.463142,398.517174,993.526204,0,0
19101,90,soft-hit,580.76142,18.187726,407.433833,1006.382979,0,0
19101,90,soft-hit,603.626561,60.163098,428.806057,1092.595716,0,0
19101,90,soft-hit,558.919882,18.201004,384.435602,961.5564880000001,0,0
19101,90,soft-hit,560.611631,18.22931,385.588071,964.4290120000001,0,0
19101,90,soft-hit,595.63372,17.735425,420.025876,1033.395021,0,0
19101,90,soft-hit,614.174994,17.454686,439.121889,1070.751569,0,0
19101,90,soft-hit,579.97991,29.638245,405.116898,1014.735053,0,0
19101,90,soft-hit,559.836531,57.292398,384.016218,1001.145147,0,0
19101,90,soft-hit,581.208917,17.52567,406.312948,1005.047535,0,0
19101,90,soft-hit,571.905396,17.48217,397.046765,986.4343309999999,0,0
19101,90,soft-hit,576.916218,34.876318,401.923954,1013.7164899999999,0,0
19101,90,soft-hit,583.622791,63.250148,408.666525,1055.539464,0,0
19101,90,soft-hit,557.375702,17.940869,383.219512,958.5360830000001,0,0
19101,90,soft-hit,551.548681,17.290128,377.389686,946.228495,0,0
19101,90,soft-hit,557.387338,17.453149,382.196382,957.036869,0,0
19101,90,soft-hit,566.405081,17.219463,391.462681,975.087225,0,0
19101,90,soft-hit,573.011501,18.028934,398.289633,989.330068,0,0
19101,90,soft-hit,573.649265,55.156427,398.699675,1027.505367,0,0
19101,90,soft-hit,618.823157,18.238609,393.071039,1030.132805,0,0
19101,90,soft-hit,588.358323,53.164051,409.332024,1050.854398,0,0
19101,90,soft-hit,575.672812,40.943239,398.982407,1015.598458,0,0
19101,90,soft-hit,557.354812,29.42234,381.892141,968.669293,0,0
19101,90,soft-hit,554.759574,17.650725,379.802365,952.2126640000001,0,0
19101,90,soft-hit,619.772443,22.42431,443.048202,1085.244955,0,0
19101,90,soft-hit,577.703467,54.797435,403.120103,1035.621005,0,0
19101,90,soft-hit,571.131988,17.869452,396.960874,985.962314,0,0
19101,90,soft-hit,584.70173,42.623014,410.284184,1037.608928,0,0
19101,90,soft-hit,595.043844,17.757543,418.259779,1031.061166,0,0
19101,90,soft-hit,560.346755,45.291167,386.151621,991.789543,0,0
19101,90,soft-hit,579.610826,30.075043,423.592542,1033.278411,0,0
19101,90,soft-hit,565.817237,17.602052,401.212835,984.632124,0,0
19101,90,soft-hit,552.303146,18.876876,380.830671,952.010693,0,0
19101,90,soft-hit,555.207848,53.07425,380.324275,988.6063730000001,0,0
34342,78,miss,248.063156,22.368497,87.706492,0,358.138145,0
34342,used GE,hit,0,47.023851,0,47.023851,0,0
34342,used GE,hit,0,37.470363,0,37.470363,0,0
34342,used GE,hit,0,21.815773,0,21.815773,0,0
34342,used GE,hit,0,21.676125,0,21.676125,0,0
34342,used GE,hit,0,33.087053,0,33.087053,0,0
34342,used GE,hit,0,22.337166,0,22.337166,0,0
34342,used GE,hit,0,24.004822,0,24.004822,0,0
34342,used GE,hit,0,21.877749,0,21.877749,0,0
34342,used GE,hit,0,21.297437,0,21.297437,0,0
34342,used GE,hit,0,22.561185,0,22.561185,0,0
34342,used GE,hit,0,22.88643,0,22.88643,0,0
34342,used GE,hit,0,21.843944,0,21.843944,0,0
34342,used GE,hit,0,21.720119,0,21.720119,0,0
34342,used GE,hit,0,20.563209,0,20.563209,0,0
34342,used GE,hit,0,21.470736,0,21.470736,0,0
34342,used GE,hit,0,25.626481,0,25.626481,0,0
34342,used GE,hit,0,26.820071,0,26.820071,0,0
34342,used GE,hit,0,21.458886,0,21.458886,0,0
34342,used GE,hit,0,21.273809,0,21.273809,0,0
34342,used GE,hit,0,21.785119,0,21.785119,0,0
34342,used GE,hit,0,52.995971,0,52.995971,0,0
34342,used GE,hit,0,56.630539,0,56.630539,0,0
34342,used GE,hit,0,22.95877,0,22.95877,0,0
34342,used GE,hit,0,22.185641,0,22.185641,0,0
34342,used GE,hit,0,34.573426,0,34.573426,0,0
34342,used GE,hit,0,22.678472,0,22.678472,0,0
34342,used GE,hit,0,21.285124,0,21.285124,0,0
34342,used GE,hit,0,21.131712,0,21.131712,0,0
34342,used GE,hit,0,24.302172,0,24.302172,0,0
34342,used GE,hit,0,29.112933,0,29.112933,0,0
34342,used GE,hit,0,23.411306,0,23.411306,0,0
34342,used GE,hit,0,23.225322,0,23.225322,0,0
34342,used GE,hit,0,78.749967,0,78.749967,0,0
34342,used GE,hit,0,20.026467,0,20.026467,0,0
4702,135,miss,815.476708,21.019951,576.903359,0,1413.400018,0
4702,used GE,hit,0,19.104676,0,19.104676,0,0
4702,used GE,hit,0,45.676362,0,45.676362,0,0
4702,used GE,hit,0,319.197221,0,319.197221,0,0
4702,used GE,hit,0,89.215078,0,89.215078,0,0
4702,used GE,hit,0,184.455396,0,184.455396,0,0
4702,used GE,hit,0,57.405696,0,57.405696,0,0
4702,used GE,hit,0,64.78666,0,64.78666,0,0
4702,used GE,hit,0,59.181038,0,59.181038,0,0
4702,used GE,hit,0,54.018085,0,54.018085,0,0
4702,136,soft-hit,825.893024,49.279368,583.429092,1458.6014839999998,0,0
4702,used GE,hit,0,62.323236,0,62.323236,0,0
4702,used GE,hit,0,26.504472,0,26.504472,0,0
4702,used GE,hit,0,52.286998,0,52.286998,0,0
4702,used GE,hit,0,40.943266,0,40.943266,0,0
4702,used GE,hit,0,73.898857,0,73.898857,0,0
4702,used GE,hit,0,28.406976,0,28.406976,0,0
4702,used GE,hit,0,66.154545,0,66.154545,0,0
4702,used GE,hit,0,27.467817,0,27.467817,0,0
4702,used GE,hit,0,35.875462,0,35.875462,0,0
4702,used GE,hit,0,27.640079,0,27.640079,0,0
4702,used GE,hit,0,27.3519,0,27.3519,0,0
4702,used GE,hit,0,27.772205,0,27.772205,0,0
4702,used GE,hit,0,61.421964,0,61.421964,0,0
4702,used GE,hit,0,34.720701,0,34.720701,0,0
4702,used GE,hit,0,28.116374,0,28.116374,0,0
4702,used GE,hit,0,27.576576,0,27.576576,0,0
4702,used GE,hit,0,27.718387,0,27.718387,0,0
4702,used GE,hit,0,63.828434,0,63.828434,0,0
4702,used GE,hit,0,54.683854,0,54.683854,0,0
4702,used GE,hit,0,26.744608,0,26.744608,0,0
4702,used GE,hit,0,26.648395,0,26.648395,0,0
4702,used GE,hit,0,25.74961,0,25.74961,0,0
4702,used GE,hit,0,34.56107,0,34.56107,0,0
4702,used GE,hit,0,325.003935,0,325.003935,0,0
7016,150,miss,275.862638,55.217928,989.381999,0,1320.462565,0
7016,used GE,hit,0,64.623047,0,64.623047,0,0
7016,used GE,hit,0,648.421748,0,648.421748,0,0
7016,used GE,hit,0,21.630164,0,21.630164,0,0
7016,used GE,hit,0,23.309517,0,23.309517,0,0
7016,used GE,hit,0,26.592952,0,26.592952,0,0
7016,used GE,hit,0,33.862116,0,33.862116,0,0
7016,used GE,hit,0,44.771437,0,44.771437,0,0
7016,used GE,hit,0,21.613254,0,21.613254,0,0
7016,used GE,hit,0,36.602668,0,36.602668,0,0
7016,used GE,hit,0,21.238143,0,21.238143,0,0
7016,used GE,hit,0,21.337546,0,21.337546,0,0
7016,used GE,hit,0,22.197532,0,22.197532,0,0
7016,used GE,hit,0,26.367061,0,26.367061,0,0
7016,used GE,hit,0,24.229928,0,24.229928,0,0
7016,used GE,hit,0,27.159004,0,27.159004,0,0
7016,used GE,hit,0,66.694773,0,66.694773,0,0
7016,used GE,hit,0,30.764285,0,30.764285,0,0
7016,used GE,hit,0,55.945945,0,55.945945,0,0
7016,used GE,hit,0,69.694129,0,69.694129,0,0
7016,used GE,hit,0,52.957715,0,52.957715,0,0
7016,used GE,hit,0,31.919548,0,31.919548,0,0
7016,used GE,hit,0,30.364082,0,30.364082,0,0
7016,used GE,hit,0,29.904695,0,29.904695,0,0
7016,used GE,hit,0,72.036502,0,72.036502,0,0
7016,used GE,hit,0,30.871938,0,30.871938,0,0
7016,used GE,hit,0,30.113368,0,30.113368,0,0
7016,used GE,hit,0,29.315079,0,29.315079,0,0
7016,used GE,hit,0,70.648979,0,70.648979,0,0
7016,used GE,hit,0,31.953438,0,31.953438,0,0
7016,used GE,hit,0,32.358082,0,32.358082,0,0
7016,used GE,hit,0,31.091441,0,31.091441,0,0
7016,used GE,hit,0,198.919935,0,198.919935,0,0
7016,used GE,hit,0,54.256917,0,54.256917,0,0
7016,used GE,hit,0,44.024102,0,44.024102,0,0
30088,164,miss,625.299094,29.858267,341.443642,0,996.601003,0
30088,used GE,hit,0,26.493437,0,26.493437,0,0
30088,used GE,hit,0,29.42768,0,29.42768,0,0
30088,used GE,hit,0,27.792064,0,27.792064,0,0
30088,used GE,hit,0,29.533655,0,29.533655,0,0
30088,used GE,hit,0,628.702881,0,628.702881,0,0
30088,used GE,hit,0,34.538417,0,34.538417,0,0
30088,used GE,hit,0,63.565658,0,63.565658,0,0
30088,used GE,hit,0,28.899827,0,28.899827,0,0
30088,used GE,hit,0,27.498575,0,27.498575,0,0
30088,used GE,hit,0,50.864585,0,50.864585,0,0
30088,used GE,hit,0,73.333324,0,73.333324,0,0
30088,used GE,hit,0,36.953728,0,36.953728,0,0
30088,used GE,hit,0,44.185548,0,44.185548,0,0
30088,used GE,hit,0,30.205086,0,30.205086,0,0
30088,used GE,hit,0,69.381487,0,69.381487,0,0
30088,used GE,hit,0,31.428948,0,31.428948,0,0
30088,used GE,hit,0,30.002178,0,30.002178,0,0
30088,used GE,hit,0,355.513744,0,355.513744,0,0
30088,used GE,hit,0,630.330913,0,630.330913,0,0
30088,used GE,hit,0,31.683442,0,31.683442,0,0
30088,used GE,hit,0,86.39873,0,86.39873,0,0
30088,used GE,hit,0,36.427612,0,36.427612,0,0
30088,used GE,hit,0,604.913546,0,604.913546,0,0
30088,used GE,hit,0,34.324086,0,34.324086,0,0
30088,used GE,hit,0,46.102222,0,46.102222,0,0
30088,used GE,hit,0,30.866735,0,30.866735,0,0
30088,used GE,hit,0,29.861838,0,29.861838,0,0
30088,used GE,hit,0,238.19903,0,238.19903,0,0
30088,used GE,hit,0,34.561854,0,34.561854,0,0
30088,used GE,hit,0,36.545504,0,36.545504,0,0
30088,used GE,hit,0,67.15398,0,67.15398,0,0
30088,used GE,hit,0,35.690571,0,35.690571,0,0
30088,used GE,hit,0,30.539249,0,30.539249,0,0
30088,used GE,hit,0,30.212565,0,30.212565,0,0
428,58,miss,719.656838,16.652684,591.287621,0,1327.597143,0
428,used GE,hit,0,34.818512,0,34.818512,0,0
428,used GE,hit,0,66.759107,0,66.759107,0,0
428,used GE,hit,0,18.619468,0,18.619468,0,0
428,used GE,hit,0,17.976261,0,17.976261,0,0
428,used GE,hit,0,18.668143,0,18.668143,0,0
428,used GE,hit,0,40.629548,0,40.629548,0,0
428,used GE,hit,0,20.247015,0,20.247015,0,0
428,used GE,hit,0,19.057397,0,19.057397,0,0
428,used GE,hit,0,31.313329,0,31.313329,0,0
428,used GE,hit,0,26.168198,0,26.168198,0,0
428,used GE,hit,0,19.730891,0,19.730891,0,0
428,used GE,hit,0,27.23712,0,27.23712,0,0
428,used GE,hit,0,35.25055,0,35.25055,0,0
428,used GE,hit,0,45.115652,0,45.115652,0,0
428,used GE,hit,0,51.058733,0,51.058733,0,0
428,used GE,hit,0,40.278593,0,40.278593,0,0
428,used GE,hit,0,20.509998,0,20.509998,0,0
428,used GE,hit,0,19.351161,0,19.351161,0,0
428,used GE,hit,0,28.183481,0,28.183481,0,0
428,used GE,hit,0,30.684914,0,30.684914,0,0
428,used GE,hit,0,48.508215,0,48.508215,0,0
428,used GE,hit,0,66.947708,0,66.947708,0,0
428,used GE,hit,0,42.586765,0,42.586765,0,0
428,used GE,hit,0,19.061595,0,19.061595,0,0
428,used GE,hit,0,19.489468,0,19.489468,0,0
428,used GE,hit,0,42.815483,0,42.815483,0,0
428,used GE,hit,0,18.353654,0,18.353654,0,0
428,used GE,hit,0,41.609936,0,41.609936,0,0
428,used GE,hit,0,30.914495,0,30.914495,0,0
428,used GE,hit,0,13.603123,0,13.603123,0,0
428,used GE,hit,0,12.365049,0,12.365049,0,0
428,used GE,hit,0,34.018868,0,34.018868,0,0
428,used GE,hit,0,12.580682,0,12.580682,0,0
803,29,miss,883.509037,35.245164,843.495199,0,1762.2494000000002,0
803,used GE,hit,0,9.570914,0,9.570914,0,0
803,used GE,hit,0,9.079794,0,9.079794,0,0
803,used GE,hit,0,26.565627,0,26.565627,0,0
803,used GE,hit,0,15.132043,0,15.132043,0,0
803,used GE,hit,0,8.157022,0,8.157022,0,0
803,30,soft-hit,942.505812,20.473261,863.970156,1826.9492289999998,0,0
803,used GE,hit,0,31.757367,0,31.757367,0,0
803,used GE,hit,0,31.810656,0,31.810656,0,0
803,used GE,hit,0,37.233078,0,37.233078,0,0
803,used GE,hit,0,16.471543,0,16.471543,0,0
803,used GE,hit,0,14.514896,0,14.514896,0,0
803,used GE,hit,0,13.494186,0,13.494186,0,0
803,used GE,hit,0,13.380505,0,13.380505,0,0
803,used GE,hit,0,24.123877,0,24.123877,0,0
803,used GE,hit,0,15.000734,0,15.000734,0,0
803,used GE,hit,0,23.215657,0,23.215657,0,0
803,used GE,hit,0,14.274318,0,14.274318,0,0
803,used GE,hit,0,24.933704,0,24.933704,0,0
803,used GE,hit,0,22.005477,0,22.005477,0,0
803,used GE,hit,0,11.189425,0,11.189425,0,0
803,used GE,hit,0,12.40449,0,12.40449,0,0
803,used GE,hit,0,14.420465,0,14.420465,0,0
803,used GE,hit,0,13.614174,0,13.614174,0,0
803,used GE,hit,0,27.761899,0,27.761899,0,0
803,used GE,hit,0,12.578374,0,12.578374,0,0
803,used GE,hit,0,16.584795,0,16.584795,0,0
803,used GE,hit,0,15.882234,0,15.882234,0,0
803,used GE,hit,0,39.341818,0,39.341818,0,0
803,used GE,hit,0,15.386925,0,15.386925,0,0
803,used GE,hit,0,15.65227,0,15.65227,0,0
803,used GE,hit,0,31.019894,0,31.019894,0,0
803,used GE,hit,0,14.565727,0,14.565727,0,0
803,used GE,hit,0,13.856489,0,13.856489,0,0
7366,52,miss,566.631176,15.71581,448.912561,0,1031.2595469999999,0
7366,52,soft-hit,560.998349,17.848792,443.988931,1022.836072,0,0
7366,52,soft-hit,566.825041,22.070807,448.43489,1037.330738,0,0
7366,52,soft-hit,552.383968,16.197266,434.601893,1003.183127,0,0
7366,52,soft-hit,566.947465,15.030082,436.05433,1018.0318769999999,0,0
7366,52,soft-hit,556.350355,41.819162,437.449388,1035.618905,0,0
7366,52,soft-hit,569.380981,16.718384,452.120039,1038.219404,0,0
7366,52,soft-hit,556.142466,16.793871,438.874672,1011.811009,0,0
7366,52,soft-hit,569.451511,16.89434,451.979043,1038.3248939999999,0,0
7366,52,soft-hit,552.381859,16.847324,435.486856,1004.7160389999999,0,0
7366,52,soft-hit,557.908047,15.55254,440.612558,1014.0731450000001,0,0
7366,52,soft-hit,549.659496,27.255977,431.908832,1008.824305,0,0
7366,52,soft-hit,561.248005,16.347734,443.637646,1021.233385,0,0
7366,52,soft-hit,575.807523,42.137522,459.101536,1077.046581,0,0
7366,52,soft-hit,565.015046,15.602175,447.892616,1028.509837,0,0
7366,52,soft-hit,563.17277,15.279158,446.315546,1024.767474,0,0
7366,52,soft-hit,551.494864,30.726668,433.357452,1015.578984,0,0
7366,52,soft-hit,572.373237,15.362296,453.936193,1041.671726,0,0
7366,52,soft-hit,568.846972,25.442972,451.650886,1045.94083,0,0
7366,52,soft-hit,568.120338,40.472726,452.134858,1060.727922,0,0
7366,52,soft-hit,553.593653,15.252923,436.82528,1005.671856,0,0
7366,52,soft-hit,563.767267,15.363459,445.217216,1024.3479419999999,0,0
7366,52,soft-hit,568.512438,15.602408,448.741835,1032.856681,0,0
7366,52,soft-hit,552.338617,39.092917,434.662376,1026.09391,0,0
7366,52,soft-hit,559.387338,16.125318,443.085088,1018.5977439999999,0,0
7366,52,soft-hit,557.821361,21.410081,440.447769,1019.679211,0,0
7366,52,soft-hit,560.639172,29.860484,442.484643,1032.984299,0,0
7366,52,soft-hit,568.798862,15.38455,452.597074,1036.780486,0,0
7366,52,soft-hit,553.832129,30.275464,436.642886,1020.750479,0,0
7366,52,soft-hit,552.711611,15.142451,436.084816,1003.9388779999999,0,0
7366,52,soft-hit,569.406629,15.921941,451.384947,1036.713517,0,0
7366,52,soft-hit,575.011208,38.155055,457.254717,1070.42098,0,0
7366,52,soft-hit,554.839515,15.264123,435.77254,1005.876178,0,0
7366,52,soft-hit,568.305314,15.447823,451.553173,1035.30631,0,0
8197,52,miss,555.238405,14.594326,439.03598,0,1008.868711,0
8197,used GE,hit,0,19.480688,0,19.480688,0,0
8197,used GE,hit,0,38.473883,0,38.473883,0,0
8197,used GE,hit,0,15.628851,0,15.628851,0,0
8197,used GE,hit,0,42.966568,0,42.966568,0,0
8197,used GE,hit,0,29.976745,0,29.976745,0,0
8197,used GE,hit,0,25.643766,0,25.643766,0,0
8197,used GE,hit,0,62.718798,0,62.718798,0,0
8197,used GE,hit,0,16.628508,0,16.628508,0,0
8197,used GE,hit,0,15.606425,0,15.606425,0,0
8197,used GE,hit,0,15.322975,0,15.322975,0,0
8197,used GE,hit,0,48.886678,0,48.886678,0,0
8197,used GE,hit,0,43.496064,0,43.496064,0,0
8197,used GE,hit,0,17.523037,0,17.523037,0,0
8197,used GE,hit,0,18.328783,0,18.328783,0,0
8197,used GE,hit,0,39.809058,0,39.809058,0,0
8197,used GE,hit,0,38.113879,0,38.113879,0,0
8197,used GE,hit,0,12.285498,0,12.285498,0,0
8197,used GE,hit,0,11.536015,0,11.536015,0,0
8197,used GE,hit,0,46.252925,0,46.252925,0,0
8197,used GE,hit,0,11.070813,0,11.070813,0,0
8197,used GE,hit,0,35.400209,0,35.400209,0,0
8197,used GE,hit,0,10.904444,0,10.904444,0,0
8197,used GE,hit,0,11.271306,0,11.271306,0,0
8197,used GE,hit,0,34.249499,0,34.249499,0,0
8197,used GE,hit,0,24.072723,0,24.072723,0,0
8197,used GE,hit,0,10.671094,0,10.671094,0,0
8197,used GE,hit,0,10.365077,0,10.365077,0,0
8197,used GE,hit,0,11.163647,0,11.163647,0,0
8197,used GE,hit,0,11.012059,0,11.012059,0,0
8197,used GE,hit,0,10.616705,0,10.616705,0,0
8197,used GE,hit,0,13.293037,0,13.293037,0,0
8197,used GE,hit,0,10.237597,0,10.237597,0,0
8197,used GE,hit,0,11.003682,0,11.003682,0,0
7880,36,miss,167.632506,13.406213,74.806003,0,255.844722,0
7880,36,soft-hit,141.854228,13.125225,54.962039,209.941492,0,0
7880,36,soft-hit,114.940686,24.496812,26.371268,165.808766,0,0
7880,36,soft-hit,115.573287,26.946715,27.137159,169.657161,0,0
7880,36,soft-hit,115.429584,13.66478,27.426565,156.52092900000002,0,0
7880,36,soft-hit,117.430639,12.640828,29.125337,159.196804,0,0
7880,36,soft-hit,117.795331,25.595965,30.775611,174.166907,0,0
7880,36,soft-hit,112.62073,32.856932,24.978975,170.456637,0,0
7880,36,soft-hit,116.948037,42.413125,25.370543,184.731705,0,0
7880,36,soft-hit,132.31035,15.51807,44.065157,191.893577,0,0
7880,36,soft-hit,130.301148,15.015244,41.774604,187.09099600000002,0,0
7880,36,soft-hit,126.177762,12.749143,38.156619,177.083524,0,0
7880,36,soft-hit,115.342738,13.184065,26.980711,155.50751400000001,0,0
7880,36,soft-hit,113.932599,50.704188,25.566349,190.203136,0,0
7880,36,soft-hit,119.4999,43.846019,30.344403,193.69032199999998,0,0
7880,36,soft-hit,117.095738,12.695131,29.885898,159.67676699999998,0,0
7880,36,soft-hit,118.9736,17.368949,30.381177,166.723726,0,0
7880,36,soft-hit,120.6015,12.914076,30.443167,163.958743,0,0
7880,36,soft-hit,114.308652,37.903451,26.275107,178.48721,0,0
7880,36,soft-hit,120.615752,12.845179,31.442032,164.902963,0,0
7880,36,soft-hit,116.267146,12.502423,25.863668,154.633237,0,0
7880,36,soft-hit,118.088364,22.326769,29.000945,169.416078,0,0
7880,36,soft-hit,118.610404,24.568771,34.483427,177.662602,0,0
7880,36,soft-hit,115.856724,14.759152,25.857047,156.472923,0,0
7880,36,soft-hit,114.572487,31.51938,25.705504,171.797371,0,0
7880,36,soft-hit,115.038276,12.555175,25.867188,153.460639,0,0
7880,36,soft-hit,117.462495,29.824274,27.852671,175.13944,0,0
7880,36,soft-hit,115.276779,36.521025,26.993626,178.79143,0,0
7880,36,soft-hit,115.785564,12.724123,27.810171,156.319858,0,0
7880,37,soft-hit,194.487274,22.859193,104.487619,321.834086,0,0
7880,37,soft-hit,151.327012,12.877684,61.523577,225.728273,0,0
7880,37,soft-hit,155.82787,12.834068,64.801912,233.46384999999998,0,0
7880,37,soft-hit,146.740518,33.124922,57.471831,237.33727100000002,0,0
7880,37,soft-hit,145.164111,55.721625,54.917464,255.8032,0,0
13024,46,miss,406.400978,24.590846,297.264787,0,728.256611,0
13024,46,soft-hit,400.935365,14.680008,293.684454,709.299827,0,0
13024,46,soft-hit,443.2226,15.120371,310.090117,768.433088,0,0
13024,46,soft-hit,396.411306,14.352963,288.166644,698.930913,0,0
13024,46,soft-hit,394.487573,14.543819,286.787144,695.818536,0,0
13024,46,soft-hit,401.344446,59.919363,293.964056,755.2278650000001,0,0
13024,46,soft-hit,397.140571,14.313245,288.30774,699.761556,0,0
13024,46,soft-hit,393.662645,25.403955,287.439782,706.506382,0,0
13024,46,soft-hit,402.892461,17.465773,295.259829,715.6180630000001,0,0
13024,46,soft-hit,417.964995,41.22938,311.022306,770.216681,0,0
13024,46,soft-hit,411.21589,16.007186,303.394668,730.617744,0,0
13024,46,soft-hit,404.747134,14.55024,297.200253,716.497627,0,0
13024,46,soft-hit,452.578758,14.490244,343.172352,810.241354,0,0
13024,46,soft-hit,400.966834,14.643925,292.353189,707.9639480000001,0,0
13024,46,soft-hit,397.935072,14.538433,289.59051,702.0640149999999,0,0
13024,46,soft-hit,406.583233,39.752999,298.691356,745.0275879999999,0,0
13024,46,soft-hit,409.275253,23.447315,301.129151,733.851719,0,0
13024,46,soft-hit,396.413209,14.338094,288.548939,699.300242,0,0
13024,46,soft-hit,394.399774,14.265193,287.632968,696.297935,0,0
13024,46,soft-hit,398.792167,14.95824,290.000103,703.7505100000001,0,0
13024,46,soft-hit,396.750067,14.356476,288.584163,699.690706,0,0
13024,46,soft-hit,411.499578,13.38676,288.141383,713.0277209999999,0,0
13024,46,soft-hit,414.815349,38.823889,312.388102,766.0273400000001,0,0
13024,46,soft-hit,444.900401,14.605762,337.227452,796.7336150000001,0,0
13024,46,soft-hit,428.486175,14.266363,320.434185,763.186723,0,0
13024,46,soft-hit,406.245854,17.433738,297.984685,721.6642770000001,0,0
13024,46,soft-hit,401.076706,33.437132,294.639301,729.153139,0,0
13024,46,soft-hit,396.86692,30.881693,289.337009,717.0856220000001,0,0
13024,46,soft-hit,395.245771,17.047068,288.82596,701.1187990000001,0,0
13024,46,soft-hit,404.237832,15.823536,296.92402,716.9853880000001,0,0
13024,46,soft-hit,404.642526,26.201782,295.553313,726.397621,0,0
13024,46,soft-hit,411.849485,14.60177,302.989867,729.441122,0,0
13024,46,soft-hit,407.381271,14.418355,299.966245,721.7658710000001,0,0
13024,46,soft-hit,402.977786,29.512442,295.499934,727.990162,0,0
11629,35,miss,92.376377,12.098477,6.734498,0,111.20935200000001,0
11629,35,soft-hit,93.857467,12.694171,6.389554,112.941192,0,0
11629,35,soft-hit,90.590234,16.756688,3.101722,110.448644,0,0
11629,35,soft-hit,88.880542,11.068701,2.926951,102.876194,0,0
11629,35,soft-hit,92.181416,22.641879,6.252116,121.075411,0,0
11629,35,soft-hit,92.780154,12.129272,6.176902,111.086328,0,0
11629,35,soft-hit,96.232971,11.989969,10.220389,118.443329,0,0
11629,35,soft-hit,90.456906,30.138914,3.244925,123.840745,0,0
11629,35,soft-hit,88.581426,11.868169,3.436295,103.88588999999999,0,0
11629,35,soft-hit,92.030434,16.041742,5.261236,113.333412,0,0
11629,35,soft-hit,96.314929,12.422943,9.990957,118.728829,0,0
11629,35,soft-hit,98.400331,12.27992,10.049247,120.72949799999999,0,0
11629,35,soft-hit,92.181035,12.115739,13.213184,117.509958,0,0
11629,35,soft-hit,90.975123,12.849102,4.271653000000001,108.095878,0,0
11629,35,soft-hit,111.31695,38.71975,24.269944,174.306644,0,0
11629,35,soft-hit,98.753727,23.088975,12.263809,134.106511,0,0
11629,35,soft-hit,92.048448,12.002632,4.971037,109.022117,0,0
11629,35,soft-hit,101.195913,29.179415,14.595274,144.97060199999999,0,0
11629,35,soft-hit,88.987041,12.527266,4.625007999999999,106.13931500000001,0,0
11629,35,soft-hit,105.173459,11.970837,17.357716,134.50201199999998,0,0
11629,35,soft-hit,91.063296,40.365885,3.7366,135.16578099999998,0,0
11629,35,soft-hit,103.00969,15.138911,11.251336,129.39993700000002,0,0
11629,35,soft-hit,94.477864,27.864371,7.716594,130.058829,0,0
11629,35,soft-hit,95.910195,12.416203,9.255257,117.581655,0,0
11629,35,soft-hit,102.116274,12.482267,15.1866,129.785141,0,0
11629,35,soft-hit,95.339929,11.874981,8.544202,115.759112,0,0
11629,35,soft-hit,96.36278,23.143753,10.12337,129.629903,0,0
11629,35,soft-hit,100.315597,26.115601,9.435341,135.866539,0,0
11629,35,soft-hit,100.357148,12.252815,13.244059,125.85402199999999,0,0
11629,35,soft-hit,91.712925,11.922656,5.747564,109.383145,0,0
11629,35,soft-hit,129.543365,28.800734,30.383085,188.727184,0,0
11629,35,soft-hit,67.284692,34.469026,14.183683,115.93740100000001,0,0
11629,35,soft-hit,98.022433,13.234422,12.339956,123.596811,0,0
11629,35,soft-hit,112.102071,14.823386,25.880213,152.80567,0,0
17064,54,miss,632.443673,15.869579,511.744057,0,1160.057309,0
17064,54,soft-hit,625.756739,53.791729,504.779282,1184.32775,0,0
17064,54,soft-hit,627.969478,22.509974,506.973577,1157.453029,0,0
17064,54,soft-hit,627.499473,17.133183,502.899355,1147.532011,0,0
17064,54,soft-hit,645.722207,28.347117,523.450941,1197.520265,0,0
17064,54,soft-hit,643.368864,34.817612,520.24603,1198.432506,0,0
17064,54,soft-hit,648.185422,26.322975,526.083385,1200.591782,0,0
17064,54,soft-hit,623.505481,16.104102,500.11458,1139.7241629999999,0,0
17064,54,soft-hit,631.500099,15.771521,506.996711,1154.268331,0,0
17064,54,soft-hit,624.570036,53.342647,502.683826,1180.596509,0,0
17064,54,soft-hit,625.82771,16.072811,503.830477,1145.730998,0,0
17064,54,soft-hit,624.775555,17.423615,503.349773,1145.5489430000002,0,0
17064,54,soft-hit,625.606533,21.364282,502.529426,1149.500241,0,0
17064,54,soft-hit,623.3448,39.250137,502.37438,1164.969317,0,0
17064,54,soft-hit,623.295261,62.113283,502.76727,1188.175814,0,0
17064,54,soft-hit,650.257734,16.29365,529.757207,1196.308591,0,0
17064,54,soft-hit,631.137344,68.468609,509.567005,1209.172958,0,0
17064,54,soft-hit,655.214297,15.668966,531.997616,1202.8808789999998,0,0
17064,54,soft-hit,642.729836,37.633269,521.751294,1202.114399,0,0
17064,54,soft-hit,626.726218,29.747835,506.375864,1162.849917,0,0
17064,54,soft-hit,628.083309,15.618935,507.545199,1151.247443,0,0
17064,54,soft-hit,640.842616,39.903524,518.711964,1199.4581039999998,0,0
17064,54,soft-hit,676.180773,40.063736,553.954434,1270.1989429999999,0,0
17064,54,soft-hit,633.111286,16.402982,512.256862,1161.7711299999999,0,0
17064,54,soft-hit,642.62383,15.689924,522.433832,1180.747586,0,0
17064,54,soft-hit,629.596795,21.43258,509.621948,1160.651323,0,0
17064,54,soft-hit,635.261595,34.736848,514.613896,1184.612339,0,0
17064,54,soft-hit,642.125356,18.69203,519.759474,1180.5768600000001,0,0
17064,54,soft-hit,625.417527,15.640458,505.356636,1146.414621,0,0
17064,54,soft-hit,636.91302,25.072003,517.421738,1179.406761,0,0
17064,54,soft-hit,648.615406,33.839224,528.297617,1210.752247,0,0
17064,54,soft-hit,639.12285,21.597703,517.742875,1178.463428,0,0
17064,54,soft-hit,686.083479,43.959552,562.242024,1292.285055,0,0
17064,54,soft-hit,638.099739,15.839721,515.571393,1169.510853,0,0
12840,49,miss,539.358584,14.435554,427.62558,0,981.419718,0
12840,49,soft-hit,486.127334,13.367806,374.820308,874.3154480000001,0,0
12840,49,soft-hit,486.642579,14.63931,375.284432,876.566321,0,0
12840,49,soft-hit,487.033822,13.200767,375.973982,876.2085709999999,0,0
12840,49,soft-hit,493.471283,36.27707,383.785391,913.5337440000001,0,0
12840,49,soft-hit,489.103337,14.28264,377.60021,880.986187,0,0
12840,49,soft-hit,522.16411,13.295572,410.927289,946.386971,0,0
12840,49,soft-hit,505.554482,27.940848,392.880044,926.375374,0,0
12840,49,soft-hit,536.904657,42.159069,425.481005,1004.544731,0,0
12840,49,soft-hit,496.572355,16.62006,385.46131,898.6537250000001,0,0
12840,49,soft-hit,488.654697,14.04594,377.612156,880.312793,0,0
12840,49,soft-hit,486.078637,14.181502,374.766398,875.026537,0,0
12840,49,soft-hit,488.753368,29.610813,377.314941,895.679122,0,0
12840,49,soft-hit,489.071307,15.280161,379.583872,883.93534,0,0
12840,49,soft-hit,488.882746,31.786402,377.946148,898.615296,0,0
12840,49,soft-hit,494.878638,14.082392,384.40157,893.3626,0,0
12840,49,soft-hit,495.676131,33.592488,385.259736,914.5283549999999,0,0
12840,49,soft-hit,503.06161,13.078116,392.996947,909.136673,0,0
12840,49,soft-hit,494.918437,14.224118,384.780412,893.922967,0,0
12840,49,soft-hit,507.217459,31.022543,397.790692,936.030694,0,0
12840,49,soft-hit,498.132833,12.495184,386.059053,896.68707,0,0
12840,49,soft-hit,486.709099,13.015125,376.416371,876.1405950000001,0,0
12840,49,soft-hit,485.751894,13.422507,375.342894,874.517295,0,0
12840,49,soft-hit,502.86045,13.334205,397.379487,913.5741419999999,0,0
12840,49,soft-hit,490.400902,25.994163,379.326883,895.721948,0,0
12840,49,soft-hit,486.256926,12.996348,376.379587,875.632861,0,0
12840,49,soft-hit,498.915001,34.921073,388.31722,922.153294,0,0
12840,49,soft-hit,517.864136,22.184746,408.719211,948.768093,0,0
12840,49,soft-hit,500.473031,25.880755,389.627881,915.981667,0,0
12840,49,soft-hit,486.563589,13.43252,376.359505,876.3556140000001,0,0
12840,49,soft-hit,514.284482,20.081352,403.952848,938.3186820000001,0,0
12840,49,soft-hit,497.177289,22.118723,387.149461,906.445473,0,0
12840,49,soft-hit,510.125312,13.300198,400.532247,923.957757,0,0
12840,49,soft-hit,513.818687,12.01711,386.45071,912.286507,0,0
23978,50,miss,531.090631,16.886119,416.586241,0,964.562991,0
23978,50,soft-hit,530.352088,15.387829,416.445285,962.185202,0,0
23978,50,soft-hit,527.092315,15.180043,415.794855,958.067213,0,0
23978,50,soft-hit,517.852425,15.130282,403.822024,936.8047310000001,0,0
23978,50,soft-hit,519.511835,18.117192,405.685574,943.314601,0,0
23978,50,soft-hit,517.539641,21.471603,403.392988,942.404232,0,0
23978,50,soft-hit,521.147124,15.309759,408.102398,944.5592809999999,0,0
23978,50,soft-hit,521.520384,31.023524,409.201773,961.7456810000001,0,0
23978,50,soft-hit,529.725221,15.288806,416.38841,961.4024370000001,0,0
23978,50,soft-hit,532.050229,39.925763,418.269679,990.2456709999999,0,0
23978,50,soft-hit,518.303937,30.852038,406.205067,955.361042,0,0
23978,50,soft-hit,520.7175,21.976279,407.756444,950.4502229999999,0,0
23978,50,soft-hit,540.359768,17.479613,430.019692,987.8590730000001,0,0
23978,50,soft-hit,516.14594,28.820805,403.676561,948.6433059999999,0,0
23978,50,soft-hit,522.540255,18.074274,406.495907,947.1104359999999,0,0
23978,50,soft-hit,538.603149,14.977877,425.034183,978.615209,0,0
23978,50,soft-hit,517.810156,15.026746,403.854774,936.691676,0,0
23978,50,soft-hit,518.256924,34.125724,404.398564,956.7812120000001,0,0
23978,50,soft-hit,535.362285,38.180523,422.234931,995.7777390000001,0,0
23978,50,soft-hit,522.14181,15.151414,408.199797,945.493021,0,0
23978,50,soft-hit,560.97042,15.053091,446.988096,1023.0116069999999,0,0
23978,50,soft-hit,528.44326,15.871554,415.635759,959.9505730000001,0,0
23978,50,soft-hit,534.989376,30.46762,421.773336,987.230332,0,0
23978,50,soft-hit,523.537003,15.057238,414.633897,953.228138,0,0
23978,50,soft-hit,520.41124,34.808943,405.953249,961.173432,0,0
23978,50,soft-hit,520.956809,20.704476,407.447943,949.109228,0,0
23978,50,soft-hit,535.696127,16.211141,422.125289,974.032557,0,0
23978,50,soft-hit,541.357998,49.581941,428.032975,1018.972914,0,0
23978,50,soft-hit,553.923221,15.147182,440.238108,1009.308511,0,0
23978,50,soft-hit,521.542527,20.778183,406.801997,949.122707,0,0
23978,50,soft-hit,529.327037,15.991494,420.220537,965.539068,0,0
23978,50,soft-hit,551.293392,29.702877,437.661944,1018.658213,0,0
23978,50,soft-hit,533.213887,26.989377,418.630557,978.833821,0,0
23978,50,soft-hit,538.578473,15.243948,425.765339,979.58776,0,0
15814,55,miss,690.745535,14.719424,569.970746,0,1275.4357049999999,0
15814,55,soft-hit,661.962059,31.5571,541.459922,1234.979081,0,0
15814,55,soft-hit,666.348071,17.455995,548.272213,1232.0762789999999,0,0
15814,55,soft-hit,686.748189,13.996397,562.617505,1263.362091,0,0
15814,55,soft-hit,669.642371,14.008384,547.051856,1230.7026110000002,0,0
15814,55,soft-hit,681.092047,13.704902,558.493816,1253.290765,0,0
15814,55,soft-hit,663.902656,14.015563,548.69457,1226.612789,0,0
15814,55,soft-hit,666.673816,40.333301,544.15259,1251.159707,0,0
15814,55,soft-hit,668.114299,13.944544,546.341605,1228.4004479999999,0,0
15814,55,soft-hit,674.787534,17.553753,552.667952,1245.009239,0,0
15814,55,soft-hit,663.306779,16.818203,542.412379,1222.5373610000001,0,0
15814,55,soft-hit,661.938138,15.239172,539.736543,1216.913853,0,0
15814,55,soft-hit,705.289121,46.655656,584.815877,1336.7606540000002,0,0
15814,55,soft-hit,669.650803,23.739041,549.890947,1243.2807910000001,0,0
15814,55,soft-hit,670.892186,13.967062,550.853169,1235.7124170000002,0,0
15814,55,soft-hit,660.134787,22.913798,539.33259,1222.381175,0,0
15814,55,soft-hit,660.945252,13.498227,539.63976,1214.083239,0,0
15814,55,soft-hit,668.927693,13.916813,547.808702,1230.6532080000002,0,0
15814,55,soft-hit,681.265703,25.253191,544.160862,1250.679756,0,0
15814,55,soft-hit,672.233078,14.805044,549.832833,1236.8709549999999,0,0
15814,55,soft-hit,676.063626,14.126021,556.403069,1246.592716,0,0
15814,55,soft-hit,695.591375,36.51337,574.794435,1306.89918,0,0
15814,55,soft-hit,683.813994,13.776975,568.255213,1265.846182,0,0
15814,55,soft-hit,679.919276,13.921408,558.880119,1252.7208030000002,0,0
15814,55,soft-hit,687.18948,26.435461,567.499611,1281.124552,0,0
15814,55,soft-hit,662.841009,13.88726,549.991505,1226.719774,0,0
15814,55,soft-hit,695.89431,38.655855,576.91178,1311.461945,0,0
15814,55,soft-hit,675.965905,17.27341,555.286574,1248.525889,0,0
15814,55,soft-hit,674.531824,24.608807,553.521847,1252.662478,0,0
15814,55,soft-hit,699.541103,13.699922,578.870171,1292.111196,0,0
15814,55,soft-hit,671.758141,15.186082,550.389647,1237.33387,0,0
15814,55,soft-hit,662.913008,37.452645,542.646762,1243.012415,0,0
15814,55,soft-hit,660.652417,13.768519,540.416881,1214.837817,0,0
15814,55,soft-hit,679.666985,16.898231,558.014738,1254.5799539999998,0,0
1351,42,miss,302.172876,13.260681,203.06081,0,518.494367,0
1351,42,soft-hit,321.205018,11.975741,200.425026,533.605785,0,0
1351,42,soft-hit,273.915229,27.474353,218.734389,520.123971,0,0
1351,42,soft-hit,320.090949,13.414013,221.421751,554.9267130000001,0,0
1351,42,soft-hit,299.531559,13.473866,198.907953,511.91337799999997,0,0
1351,42,soft-hit,350.742064,17.856078,251.788445,620.386587,0,0
1351,42,soft-hit,315.84934,13.428442,214.484112,543.761894,0,0
1351,42,soft-hit,312.353939,22.272961,211.699898,546.326798,0,0
1351,42,soft-hit,329.819709,37.675665,230.715942,598.211316,0,0
1351,42,soft-hit,300.986317,13.370234,201.362165,515.718716,0,0
1351,42,soft-hit,318.574613,13.428411,219.951346,551.95437,0,0
1351,42,soft-hit,303.644111,14.176448,203.087661,520.90822,0,0
1351,42,soft-hit,301.957822,25.976034,202.661088,530.594944,0,0
1351,42,soft-hit,299.499649,17.43508,200.466952,517.4016809999999,0,0
1351,42,soft-hit,299.958066,19.743928,199.878355,519.580349,0,0
1351,42,soft-hit,298.722913,13.234639,200.047833,512.0053849999999,0,0
1351,42,soft-hit,312.427628,13.479802,212.828385,538.735815,0,0
1351,42,soft-hit,316.781487,34.929794,217.696728,569.408009,0,0
1351,42,soft-hit,321.80738,28.40457,223.133256,573.345206,0,0
1351,42,soft-hit,310.335342,13.194273,210.414545,533.94416,0,0
1351,42,soft-hit,303.626471,14.105901,204.366442,522.098814,0,0
1351,42,soft-hit,321.130324,12.971698,222.239338,556.34136,0,0
1351,42,soft-hit,315.245085,11.835662,201.455004,528.535751,0,0
1351,42,soft-hit,312.491213,13.281276,212.671802,538.444291,0,0
1351,42,soft-hit,301.733094,13.177559,201.717024,516.627677,0,0
1351,42,soft-hit,299.828188,13.050216,200.887562,513.765966,0,0
1351,42,soft-hit,299.070029,13.993432,200.317282,513.3807429999999,0,0
1351,42,soft-hit,299.032524,16.740874,199.735602,515.509,0,0
1351,42,soft-hit,313.26632,31.896353,213.277228,558.439901,0,0
1351,42,soft-hit,317.01942,13.765207,217.706278,548.490905,0,0
1351,42,soft-hit,305.663416,13.188515,206.773766,525.625697,0,0
1351,42,soft-hit,301.00762,18.498226,202.341601,521.847447,0,0
1351,42,soft-hit,318.115326,28.698805,219.416132,566.2302629999999,0,0
1351,42,soft-hit,302.715493,21.780801,204.346653,528.842947,0,0
29668,48,miss,506.04534,14.930561,396.096813,0,917.072714,0
29668,48,soft-hit,487.339335,19.260469,374.741443,881.3412470000001,0,0
29668,48,soft-hit,474.631763,40.636527,363.895702,879.163992,0,0
29668,48,soft-hit,478.146237,40.501172,367.26945,885.9168589999999,0,0
29668,48,soft-hit,493.995106,18.693628,385.544051,898.232785,0,0
29668,48,soft-hit,470.216733,35.915083,360.121123,866.252939,0,0
29668,48,soft-hit,471.527752,41.985919,361.145454,874.659125,0,0
29668,48,soft-hit,504.965797,29.286497,394.334291,928.586585,0,0
29668,48,soft-hit,489.598729,13.104797,367.826954,870.53048,0,0
29668,48,soft-hit,476.985316,15.312609,361.139035,853.43696,0,0
29668,48,soft-hit,475.047587,14.626244,362.987141,852.660972,0,0
29668,48,soft-hit,476.421946,23.483541,363.32181,863.227297,0,0
29668,48,soft-hit,471.79448,14.821615,360.960985,847.57708,0,0
29668,48,soft-hit,472.090654,32.137323,360.662799,864.890776,0,0
29668,48,soft-hit,479.52172,38.845916,368.1687,886.536336,0,0
29668,48,soft-hit,483.266513,14.821266,372.540559,870.628338,0,0
29668,48,soft-hit,471.92513,47.571071,361.672944,881.1691450000001,0,0
29668,48,soft-hit,473.011369,30.958925,362.058501,866.028795,0,0
29668,48,soft-hit,472.153477,15.495205,361.604706,849.2533880000001,0,0
29668,48,soft-hit,472.239762,14.538206,361.131362,847.90933,0,0
29668,48,soft-hit,475.24214,15.004597,361.68217,851.928907,0,0
29668,48,soft-hit,483.884459,34.326017,373.507075,891.717551,0,0
29668,48,soft-hit,541.774286,15.944279,431.4938,989.212365,0,0
29668,48,soft-hit,484.235284,18.729545,373.853576,876.818405,0,0
29668,48,soft-hit,476.952504,31.710511,365.52673,874.1897449999999,0,0
29668,48,soft-hit,477.794561,14.756357,366.034794,858.585712,0,0
29668,48,soft-hit,476.537529,54.315016,374.429073,905.281618,0,0
29668,48,soft-hit,528.041728,19.762137,417.016587,964.820452,0,0
29668,48,soft-hit,475.019368,34.727101,363.080755,872.827224,0,0
29668,48,soft-hit,493.731588,20.919003,366.845824,881.496415,0,0
29668,48,soft-hit,474.062191,17.383677,362.322964,853.768832,0,0
29668,48,soft-hit,474.544465,15.434934,362.689997,852.669396,0,0
29668,48,soft-hit,482.472839,38.77751,371.834938,893.0852870000001,0,0
29668,48,soft-hit,497.245855,20.850267,387.306675,905.402797,0,0
16360,42,miss,323.042807,25.375433,223.125971,0,571.5442109999999,0
16360,used GE,hit,0,12.651547,0,12.651547,0,0
16360,used GE,hit,0,12.166937,0,12.166937,0,0
16360,used GE,hit,0,12.888016,0,12.888016,0,0
16360,used GE,hit,0,12.357963,0,12.357963,0,0
16360,used GE,hit,0,37.284541,0,37.284541,0,0
16360,used GE,hit,0,13.595305,0,13.595305,0,0
16360,used GE,hit,0,12.526897,0,12.526897,0,0
16360,used GE,hit,0,32.911164,0,32.911164,0,0
16360,used GE,hit,0,38.412503,0,38.412503,0,0
16360,used GE,hit,0,13.94646,0,13.94646,0,0
16360,used GE,hit,0,12.857435,0,12.857435,0,0
16360,used GE,hit,0,25.171046,0,25.171046,0,0
16360,used GE,hit,0,27.518571,0,27.518571,0,0
16360,used GE,hit,0,101.758376,0,101.758376,0,0
16360,used GE,hit,0,24.111978,0,24.111978,0,0
16360,used GE,hit,0,36.561089,0,36.561089,0,0
16360,used GE,hit,0,14.219871,0,14.219871,0,0
16360,used GE,hit,0,15.02411,0,15.02411,0,0
16360,used GE,hit,0,14.826337,0,14.826337,0,0
16360,used GE,hit,0,13.202153,0,13.202153,0,0
16360,used GE,hit,0,39.590716,0,39.590716,0,0
16360,used GE,hit,0,14.416168,0,14.416168,0,0
16360,used GE,hit,0,13.957025,0,13.957025,0,0
16360,used GE,hit,0,13.689112,0,13.689112,0,0
16360,used GE,hit,0,13.866754,0,13.866754,0,0
16360,used GE,hit,0,40.075648,0,40.075648,0,0
16360,used GE,hit,0,91.120843,0,91.120843,0,0
16360,used GE,hit,0,34.124485,0,34.124485,0,0
16360,used GE,hit,0,27.388241,0,27.388241,0,0
16360,used GE,hit,0,14.464585,0,14.464585,0,0
16360,used GE,hit,0,21.472365,0,21.472365,0,0
16360,used GE,hit,0,13.665967,0,13.665967,0,0
16360,used GE,hit,0,15.674217,0,15.674217,0,0
5131,43,miss,384.388905,16.700684,249.276256,0,650.365845,0
5131,43,soft-hit,294.627027,10.631097,234.449335,539.707459,0,0
5131,43,soft-hit,339.047634,20.326818,239.644036,599.0184879999999,0,0
5131,43,soft-hit,354.287328,31.357349,255.356423,641.0011,0,0
5131,43,soft-hit,333.668732,16.551911,234.134961,584.355604,0,0
5131,43,soft-hit,338.494879,11.661039,238.398165,588.554083,0,0
5131,43,soft-hit,343.038539,17.052694,243.51014,603.601373,0,0
5131,43,soft-hit,337.309688,11.48362,236.594861,585.3881690000001,0,0
5131,43,soft-hit,334.706146,23.012689,234.658582,592.3774169999999,0,0
5131,43,soft-hit,333.580162,11.424945,233.685019,578.690126,0,0
5131,43,soft-hit,332.623831,11.598448,233.420448,577.6427269999999,0,0
5131,43,soft-hit,332.979317,33.911679,233.903474,600.79447,0,0
5131,43,soft-hit,331.389097,11.587193,233.33492,576.3112100000001,0,0
5131,43,soft-hit,332.926171,74.977192,233.516125,641.419488,0,0
5131,43,soft-hit,338.803383,35.268707,238.605489,612.6775789999999,0,0
5131,43,soft-hit,336.576559,11.71231,237.821396,586.110265,0,0
5131,43,soft-hit,335.208008,11.688595,235.56299,582.459593,0,0
5131,43,soft-hit,337.604045,11.539415,237.523312,586.666772,0,0
5131,43,soft-hit,334.29805,26.273583,235.717351,596.288984,0,0
5131,43,soft-hit,366.865407,28.270402,266.112878,661.248687,0,0
5131,43,soft-hit,353.860223,12.09434,254.168473,620.123036,0,0
5131,43,soft-hit,351.274805,17.370344,235.2327,603.877849,0,0
5131,43,soft-hit,372.736513,18.98797,274.675468,666.3999510000001,0,0
5131,43,soft-hit,348.741301,11.76609,249.208142,609.715533,0,0
5131,43,soft-hit,352.364048,30.509926,253.174537,636.048511,0,0
5131,43,soft-hit,336.544153,12.020063,238.039055,586.603271,0,0
5131,43,soft-hit,342.364352,12.476455,243.700257,598.541064,0,0
5131,43,soft-hit,335.567225,11.624371,235.396628,582.588224,0,0
5131,43,soft-hit,344.396576,74.563816,244.353506,663.313898,0,0
5131,43,soft-hit,340.454668,40.742431,240.021444,621.218543,0,0
5131,43,soft-hit,340.172935,11.948349,240.050647,592.171931,0,0
5131,43,soft-hit,339.54343,64.489542,240.229087,644.2620589999999,0,0
5131,43,soft-hit,335.479243,14.254775,235.890982,585.625,0,0
5131,43,soft-hit,336.923994,12.03443,239.13176,588.090184,0,0
24388,42,miss,310.863163,13.807675,210.807805,0,535.4786429999999,0
24388,used GE,hit,0,34.70098,0,34.70098,0,0
24388,used GE,hit,0,28.537538,0,28.537538,0,0
24388,used GE,hit,0,14.281533,0,14.281533,0,0
24388,used GE,hit,0,14.290792,0,14.290792,0,0
24388,used GE,hit,0,36.618174,0,36.618174,0,0
24388,used GE,hit,0,38.117358,0,38.117358,0,0
24388,used GE,hit,0,38.517437,0,38.517437,0,0
24388,used GE,hit,0,29.436196,0,29.436196,0,0
24388,used GE,hit,0,20.14983,0,20.14983,0,0
24388,used GE,hit,0,15.411661,0,15.411661,0,0
24388,used GE,hit,0,14.977261,0,14.977261,0,0
24388,used GE,hit,0,13.678689,0,13.678689,0,0
24388,used GE,hit,0,45.098671,0,45.098671,0,0
24388,used GE,hit,0,38.493753,0,38.493753,0,0
24388,used GE,hit,0,21.177959,0,21.177959,0,0
24388,used GE,hit,0,14.154586,0,14.154586,0,0
24388,used GE,hit,0,13.779333,0,13.779333,0,0
24388,used GE,hit,0,24.837162,0,24.837162,0,0
24388,used GE,hit,0,15.090266,0,15.090266,0,0
24388,used GE,hit,0,36.780028,0,36.780028,0,0
24388,used GE,hit,0,22.611298,0,22.611298,0,0
24388,used GE,hit,0,38.716739,0,38.716739,0,0
24388,used GE,hit,0,9.983524,0,9.983524,0,0
24388,used GE,hit,0,9.615648,0,9.615648,0,0
24388,used GE,hit,0,9.959034,0,9.959034,0,0
24388,used GE,hit,0,22.316694,0,22.316694,0,0
24388,used GE,hit,0,9.736629,0,9.736629,0,0
24388,used GE,hit,0,22.740657,0,22.740657,0,0
24388,used GE,hit,0,12.236569,0,12.236569,0,0
24388,used GE,hit,0,21.082201,0,21.082201,0,0
24388,used GE,hit,0,9.174504,0,9.174504,0,0
24388,used GE,hit,0,29.51796,0,29.51796,0,0
24388,used GE,hit,0,9.429479,0,9.429479,0,0
26096,41,miss,290.111731,29.430426,194.192682,0,513.734839,0
26096,41,soft-hit,287.16497,16.644028,190.49641,494.30540799999994,0,0
26096,41,soft-hit,327.311302,18.77912,229.097323,575.187745,0,0
26096,41,soft-hit,306.389465,13.515678,208.430583,528.335726,0,0
26096,41,soft-hit,291.033394,13.251514,194.101099,498.386007,0,0
26096,41,soft-hit,295.780993,16.161727,197.71639,509.65911,0,0
26096,41,soft-hit,291.591017,28.885636,194.941946,515.4185990000001,0,0
26096,41,soft-hit,282.621804,12.693998,186.937151,482.252953,0,0
26096,41,soft-hit,285.68929,12.801103,188.516597,487.00699000000003,0,0
26096,41,soft-hit,292.547336,27.363292,196.215866,516.126494,0,0
26096,41,soft-hit,304.517363,44.865541,207.807053,557.189957,0,0
26096,41,soft-hit,297.683711,15.6525,199.667647,513.003858,0,0
26096,41,soft-hit,290.191131,26.893907,193.587877,510.672915,0,0
26096,41,soft-hit,304.932984,13.760783,207.496835,526.190602,0,0
26096,41,soft-hit,284.253219,12.793654,187.386491,484.433364,0,0
26096,41,soft-hit,284.30724,22.301909,187.350167,493.95931599999994,0,0
26096,41,soft-hit,302.27835,12.213446,187.491908,501.983704,0,0
26096,41,soft-hit,286.449708,17.751047,187.231628,491.43238299999996,0,0
26096,41,soft-hit,285.502425,31.594509,187.86867,504.965604,0,0
26096,41,soft-hit,284.81202,24.465003,187.105311,496.382334,0,0
26096,41,soft-hit,289.059003,25.05034,192.573068,506.682411,0,0
26096,41,soft-hit,297.307698,15.147341,201.200235,513.655274,0,0
26096,41,soft-hit,286.158526,12.54243,188.099729,486.800685,0,0
26096,41,soft-hit,285.465033,35.450409,187.759446,508.674888,0,0
26096,41,soft-hit,295.959665,12.559713,199.752711,508.27208899999994,0,0
26096,41,soft-hit,290.009361,15.301191,193.275887,498.58643900000004,0,0
26096,41,soft-hit,283.671369,12.95349,187.950276,484.57513500000005,0,0
26096,41,soft-hit,292.088357,25.41385,193.745332,511.24753899999996,0,0
26096,41,soft-hit,340.09787,13.169034,244.026273,597.293177,0,0
26096,41,soft-hit,317.350888,24.132975,220.895824,562.379687,0,0
26096,41,soft-hit,296.185902,12.627783,200.667766,509.481451,0,0
26096,41,soft-hit,295.164864,14.805535,197.71177,507.68216900000004,0,0
26096,41,soft-hit,287.188384,12.676697,190.854343,490.719424,0,0
26096,41,soft-hit,295.328655,12.729456,198.585411,506.643522,0,0
34410,47,miss,458.861744,13.598844,351.284027,0,823.744615,0
34410,47,soft-hit,471.744698,32.773808,363.070899,867.5894049999999,0,0
34410,47,soft-hit,482.255263,13.696881,373.880816,869.83296,0,0
34410,47,soft-hit,473.951406,27.856691,348.765825,850.573922,0,0
34410,47,soft-hit,457.081895,19.125637,348.755786,824.963318,0,0
34410,47,soft-hit,455.23455,38.378252,349.180945,842.793747,0,0
34410,47,soft-hit,456.113196,36.099262,348.626952,840.83941,0,0
34410,47,soft-hit,466.489533,19.928528,359.321296,845.7393569999999,0,0
34410,47,soft-hit,513.371661,34.404653,406.339094,954.115408,0,0
34410,47,soft-hit,460.704781,13.879253,353.771045,828.355079,0,0
34410,47,soft-hit,456.286874,16.416437,349.317259,822.0205699999999,0,0
34410,47,soft-hit,472.559122,14.157305,365.931803,852.64823,0,0
34410,47,soft-hit,484.89298,29.374625,377.13059,891.398195,0,0
34410,47,soft-hit,467.950713,13.615865,360.602384,842.168962,0,0
34410,47,soft-hit,461.387082,13.800237,351.464066,826.651385,0,0
34410,47,soft-hit,473.196099,13.703811,366.265929,853.165839,0,0
34410,47,soft-hit,465.790962,22.38431,357.983526,846.1587979999999,0,0
34410,47,soft-hit,465.844713,13.810468,357.493059,837.14824,0,0
34410,47,soft-hit,458.674586,26.05846,350.020124,834.75317,0,0
34410,47,soft-hit,489.655559,38.884127,382.483916,911.023602,0,0
34410,47,soft-hit,480.907371,13.878731,372.124659,866.9107610000001,0,0
34410,47,soft-hit,472.824136,35.850434,364.483508,873.1580779999999,0,0
34410,47,soft-hit,474.366613,18.729761,348.542531,841.638905,0,0
34410,47,soft-hit,479.722489,45.601095,367.288684,892.612268,0,0
34410,47,soft-hit,466.74705,13.833151,357.85324,838.433441,0,0
34410,47,soft-hit,463.694801,28.316654,357.557929,849.569384,0,0
34410,47,soft-hit,476.464117,13.870758,368.496812,858.831687,0,0
34410,47,soft-hit,492.363647,18.91908,383.722811,895.005538,0,0
34410,47,soft-hit,473.85976,20.113937,365.591456,859.565153,0,0
34410,47,soft-hit,467.573117,14.339673,359.967229,841.880019,0,0
34410,47,soft-hit,460.683701,13.748042,353.29327,827.725013,0,0
34410,47,soft-hit,459.882703,13.93391,351.865448,825.682061,0,0
34410,47,soft-hit,466.476783,13.887774,358.612999,838.977556,0,0
34410,47,soft-hit,466.031936,25.95574,359.280037,851.267713,0,0
3476,39,miss,233.616966,13.564619,138.740174,0,385.92175899999995,0
3476,39,soft-hit,232.354188,13.868119,138.146389,384.368696,0,0
3476,39,soft-hit,234.804441,69.373353,139.469602,443.647396,0,0
3476,39,soft-hit,237.553409,13.423449,142.479456,393.456314,0,0
3476,39,soft-hit,234.618235,15.293026,140.558557,390.46981800000003,0,0
3476,39,soft-hit,239.722658,15.002764,145.526408,400.25183000000004,0,0
3476,39,soft-hit,242.486639,13.829671,148.145832,404.462142,0,0
3476,39,soft-hit,236.414265,35.028495,141.446626,412.889386,0,0
3476,39,soft-hit,251.069769,20.86934,140.240665,412.179774,0,0
3476,39,soft-hit,240.48388,33.247969,145.793311,419.52515999999997,0,0
3476,39,soft-hit,232.346525,23.388606,137.723006,393.458137,0,0
3476,39,soft-hit,243.5847,22.384863,149.94602,415.91558299999997,0,0
3476,39,soft-hit,231.314099,13.813191,138.279249,383.40653899999995,0,0
3476,39,soft-hit,255.693552,14.040479,160.402067,430.136098,0,0
3476,39,soft-hit,250.517565,32.26566,155.655071,438.438296,0,0
3476,39,soft-hit,239.517562,13.750844,144.399934,397.66834,0,0
3476,39,soft-hit,227.620246,13.223956,144.268601,385.112803,0,0
3476,39,soft-hit,254.635687,13.70734,159.760398,428.103425,0,0
3476,39,soft-hit,235.916663,15.910711,142.677056,394.50442999999996,0,0
3476,39,soft-hit,239.891766,29.533954,145.097387,414.523107,0,0
3476,39,soft-hit,232.495006,36.066638,138.691551,407.253195,0,0
3476,39,soft-hit,233.646628,36.560459,139.924194,410.131281,0,0
3476,39,soft-hit,231.985743,13.621244,139.187882,384.794869,0,0
3476,39,soft-hit,234.90217,60.153405,139.370318,434.425893,0,0
3476,39,soft-hit,237.732605,18.784508,142.3537,398.870813,0,0
3476,39,soft-hit,248.147335,13.778471,154.391747,416.317553,0,0
3476,39,soft-hit,243.414932,20.21549,147.808663,411.439085,0,0
3476,39,soft-hit,235.173959,13.622473,141.506144,390.30257600000004,0,0
3476,39,soft-hit,239.423563,21.4539,145.461622,406.339085,0,0
3476,39,soft-hit,263.247464,13.962543,173.081303,450.29130999999995,0,0
3476,39,soft-hit,266.212437,24.186716,151.356889,441.756042,0,0
3476,39,soft-hit,215.990057,21.036463,163.210241,400.236761,0,0
3476,39,soft-hit,273.326919,23.526255,177.502131,474.35530499999993,0,0
3476,39,soft-hit,238.191766,17.473702,142.986403,398.651871,0,0
13819,39,miss,235.947688,19.362137,140.860254,0,396.170079,0
13819,used GE,hit,0,21.705151,0,21.705151,0,0
13819,used GE,hit,0,30.167667,0,30.167667,0,0
13819,used GE,hit,0,55.232291,0,55.232291,0,0
13819,used GE,hit,0,19.434869,0,19.434869,0,0
13819,used GE,hit,0,18.792338,0,18.792338,0,0
13819,used GE,hit,0,18.436387,0,18.436387,0,0
13819,used GE,hit,0,16.428054,0,16.428054,0,0
13819,used GE,hit,0,31.79477,0,31.79477,0,0
13819,used GE,hit,0,17.688423,0,17.688423,0,0
13819,used GE,hit,0,17.327572,0,17.327572,0,0
13819,used GE,hit,0,17.338793,0,17.338793,0,0
13819,used GE,hit,0,16.060295,0,16.060295,0,0
13819,used GE,hit,0,15.800879,0,15.800879,0,0
13819,used GE,hit,0,32.041674,0,32.041674,0,0
13819,used GE,hit,0,16.54961,0,16.54961,0,0
13819,used GE,hit,0,17.635087,0,17.635087,0,0
13819,used GE,hit,0,16.07115,0,16.07115,0,0
13819,used GE,hit,0,48.892877,0,48.892877,0,0
13819,used GE,hit,0,21.744914,0,21.744914,0,0
13819,used GE,hit,0,19.295115,0,19.295115,0,0
13819,used GE,hit,0,17.378468,0,17.378468,0,0
13819,used GE,hit,0,16.211244,0,16.211244,0,0
13819,used GE,hit,0,16.744746,0,16.744746,0,0
13819,used GE,hit,0,20.024166,0,20.024166,0,0
13819,used GE,hit,0,20.131315,0,20.131315,0,0
13819,used GE,hit,0,37.550837,0,37.550837,0,0
13819,used GE,hit,0,17.62897,0,17.62897,0,0
13819,used GE,hit,0,16.802169,0,16.802169,0,0
13819,used GE,hit,0,16.923556,0,16.923556,0,0
13819,used GE,hit,0,24.117604,0,24.117604,0,0
13819,used GE,hit,0,17.73689,0,17.73689,0,0
13819,used GE,hit,0,17.284205,0,17.284205,0,0
13819,used GE,hit,0,17.097011,0,17.097011,0,0
14515,34,miss,127.673301,15.43229,41.267296,0,184.372887,0
14515,34,soft-hit,120.268069,32.393139,34.153829,186.815037,0,0
14515,34,soft-hit,116.167631,33.564462,31.300764,181.032857,0,0
14515,34,soft-hit,97.772722,26.16993,12.388407,136.331059,0,0
14515,34,soft-hit,113.005496,31.361033,28.074793,172.44132199999999,0,0
14515,34,soft-hit,113.179264,27.164761,26.156442,166.50046700000001,0,0
14515,34,soft-hit,117.790475,14.507015,10.737349,143.034839,0,0
14515,34,soft-hit,95.904403,14.056823,8.71314,118.67436599999999,0,0
14515,34,soft-hit,96.377026,18.325977,9.715552,124.418555,0,0
14515,34,soft-hit,95.358238,14.320396,9.790607,119.469241,0,0
14515,34,soft-hit,97.838822,49.145012,11.252233,158.236067,0,0
14515,34,soft-hit,102.000039,15.114007,16.888091,134.002137,0,0
14515,34,soft-hit,107.41363,24.089228,22.183472,153.68633,0,0
14515,34,soft-hit,142.576258,14.674129,57.816968,215.067355,0,0
14515,34,soft-hit,101.926339,24.422321,18.334036,144.682696,0,0
14515,34,soft-hit,104.343109,14.603692,17.593782,136.540583,0,0
14515,34,soft-hit,98.409967,14.793576,12.939537,126.14308,0,0
14515,34,soft-hit,113.233595,19.569103,17.088023,149.89072099999998,0,0
14515,34,soft-hit,101.781268,14.462386,16.750252,132.99390599999998,0,0
14515,34,soft-hit,103.860498,14.41876,18.463089,136.742347,0,0
14515,34,soft-hit,95.278502,20.369147,10.078962,125.726611,0,0
14515,34,soft-hit,95.303155,14.431756,9.577816,119.312727,0,0
14515,34,soft-hit,97.939824,32.635166,12.027506,142.602496,0,0
14515,34,soft-hit,98.472036,14.3182,12.818503,125.608739,0,0
14515,34,soft-hit,97.109609,14.330088,10.086092,121.525789,0,0
14515,34,soft-hit,97.743446,30.847849,10.956311,139.547606,0,0
14515,34,soft-hit,95.025403,20.138252,10.078932,125.242587,0,0
14515,34,soft-hit,115.039228,35.220007,29.593767,179.853002,0,0
14515,34,soft-hit,90.905505,14.285772,10.638642,115.829919,0,0
14515,34,soft-hit,63.258128,33.769867,14.047444,111.07543899999999,0,0
14515,34,soft-hit,80.451274,37.225679,16.366903,134.043856,0,0
14515,34,soft-hit,97.886478,46.281499,13.517327,157.685304,0,0
14515,34,soft-hit,56.910493,11.948488,12.246887,81.105868,0,0
14515,34,soft-hit,70.6083,12.971953,10.566112,94.146365,0,0
16505,39,miss,244.436388,12.970014,156.721186,0,414.12758799999995,0
16505,used GE,hit,0,21.695785,0,21.695785,0,0
16505,used GE,hit,0,18.788106,0,18.788106,0,0
16505,used GE,hit,0,25.467141,0,25.467141,0,0
16505,used GE,hit,0,10.632867,0,10.632867,0,0
16505,used GE,hit,0,10.561409,0,10.561409,0,0
16505,used GE,hit,0,10.394849,0,10.394849,0,0
16505,used GE,hit,0,14.703277,0,14.703277,0,0
16505,used GE,hit,0,10.168969,0,10.168969,0,0
16505,used GE,hit,0,13.354827,0,13.354827,0,0
16505,used GE,hit,0,10.545715,0,10.545715,0,0
16505,used GE,hit,0,13.171159,0,13.171159,0,0
16505,used GE,hit,0,26.285075,0,26.285075,0,0
16505,used GE,hit,0,10.715583,0,10.715583,0,0
16505,used GE,hit,0,10.059586,0,10.059586,0,0
16505,used GE,hit,0,17.591644,0,17.591644,0,0
16505,used GE,hit,0,32.70391,0,32.70391,0,0
16505,used GE,hit,0,19.97689,0,19.97689,0,0
16505,used GE,hit,0,25.621277,0,25.621277,0,0
16505,used GE,hit,0,13.960047,0,13.960047,0,0
16505,used GE,hit,0,59.356143,0,59.356143,0,0
16505,used GE,hit,0,13.224041,0,13.224041,0,0
16505,used GE,hit,0,32.306489,0,32.306489,0,0
16505,used GE,hit,0,14.729682,0,14.729682,0,0
16505,used GE,hit,0,20.414169,0,20.414169,0,0
16505,used GE,hit,0,24.893567,0,24.893567,0,0
16505,used GE,hit,0,14.366344,0,14.366344,0,0
16505,used GE,hit,0,11.29217,0,11.29217,0,0
16505,used GE,hit,0,11.138966,0,11.138966,0,0
16505,used GE,hit,0,60.562252,0,60.562252,0,0
16505,used GE,hit,0,12.544736,0,12.544736,0,0
16505,used GE,hit,0,15.131504,0,15.131504,0,0
16505,used GE,hit,0,14.406924,0,14.406924,0,0
16505,used GE,hit,0,13.036297,0,13.036297,0,0
18530,38,miss,223.57421,14.13651,130.222627,0,367.93334699999997,0
18530,38,soft-hit,215.096998,14.242024,123.233218,352.57223999999997,0,0
18530,38,soft-hit,215.878472,14.178583,121.916996,351.974051,0,0
18530,38,soft-hit,216.19305,13.50554,121.933722,351.632312,0,0
18530,38,soft-hit,172.091477,11.111241,120.312678,303.515396,0,0
18530,38,soft-hit,217.739962,13.761258,124.759234,356.260454,0,0
18530,38,soft-hit,225.886812,14.474097,122.818404,363.179313,0,0
18530,38,soft-hit,175.042403,56.21988,120.403656,351.665939,0,0
18530,38,soft-hit,213.429994,25.415449,121.448335,360.293778,0,0
18530,38,soft-hit,205.224157,12.263725,123.589604,341.077486,0,0
18530,38,soft-hit,169.808237,11.26093,120.267521,301.336688,0,0
18530,38,soft-hit,224.804413,41.767202,132.14147,398.713085,0,0
18530,38,soft-hit,225.445366,25.102662,132.952429,383.500457,0,0
18530,38,soft-hit,238.246811,14.059138,146.051734,398.357683,0,0
18530,38,soft-hit,244.315691,13.742649,148.722833,406.78117299999997,0,0
18530,38,soft-hit,203.950715,40.373171,124.157371,368.481257,0,0
18530,38,soft-hit,203.730205,30.238818,132.318888,366.287911,0,0
18530,38,soft-hit,172.347361,45.212432,120.204496,337.764289,0,0
18530,38,soft-hit,187.609722,21.576606,121.117208,330.303536,0,0
18530,38,soft-hit,213.808928,33.80365,122.289135,369.901713,0,0
18530,38,soft-hit,225.053417,34.731983,133.583603,393.369003,0,0
18530,38,soft-hit,223.668983,56.202506,131.153766,411.025255,0,0
18530,38,soft-hit,240.54992,18.910144,147.764697,407.224761,0,0
18530,38,soft-hit,233.276673,22.557604,139.918561,395.752838,0,0
18530,38,soft-hit,217.692849,13.443173,125.235329,356.371351,0,0
18530,38,soft-hit,214.763703,19.279998,122.541307,356.585008,0,0
18530,38,soft-hit,215.479603,13.831302,123.103518,352.414423,0,0
18530,38,soft-hit,222.628167,24.712431,129.918669,377.259267,0,0
18530,38,soft-hit,228.99535,13.712051,136.23487,378.942271,0,0
18530,38,soft-hit,235.702017,17.107727,126.513145,379.32288900000003,0,0
18530,38,soft-hit,187.40643,11.080325,133.215284,331.702039,0,0
18530,38,soft-hit,220.20381,14.012826,127.530887,361.747523,0,0
18530,38,soft-hit,226.950646,13.508925,134.083352,374.542923,0,0
18530,38,soft-hit,216.432627,40.557278,124.009004,380.998909,0,0
19744,48,miss,504.513707,32.077394,393.9235,0,930.5146010000001,0
19744,48,soft-hit,511.868315,14.785517,400.53576,927.189592,0,0
19744,48,soft-hit,525.24613,39.940413,414.229497,979.41604,0,0
19744,48,soft-hit,513.480987,34.383221,400.551054,948.415262,0,0
19744,48,soft-hit,523.827073,15.41968,413.624772,952.871525,0,0
19744,48,soft-hit,504.872524,14.430643,394.717235,914.020402,0,0
19744,48,soft-hit,509.014112,14.731422,399.437843,923.1833770000001,0,0
19744,48,soft-hit,549.334648,15.461765,439.533593,1004.330006,0,0
19744,48,soft-hit,625.374371,13.654801,513.984498,1153.01367,0,0
19744,48,soft-hit,502.378092,14.320957,399.357718,916.056767,0,0
19744,48,soft-hit,513.832045,51.480201,404.174578,969.4868240000001,0,0
19744,48,soft-hit,516.08998,14.893743,407.146304,938.1300269999999,0,0
19744,48,soft-hit,534.720148,15.387601,424.183487,974.291236,0,0
19744,48,soft-hit,510.991943,14.483822,399.791432,925.2671969999999,0,0
19744,48,soft-hit,517.791226,15.808468,407.804741,941.404435,0,0
19744,48,soft-hit,539.978402,14.353818,416.061823,970.394043,0,0
19744,48,soft-hit,587.444979,28.519706,478.12308,1094.087765,0,0
19744,48,soft-hit,642.989647,15.779048,530.154992,1188.923687,0,0
19744,48,soft-hit,583.023126,33.496638,473.400361,1089.920125,0,0
19744,48,soft-hit,580.2232,41.472389,470.739337,1092.434926,0,0
19744,48,soft-hit,522.170629,64.245027,412.096085,998.511741,0,0
19744,48,soft-hit,525.693501,14.655842,414.988515,955.337858,0,0
19744,48,soft-hit,514.825496,14.805506,404.119459,933.7504610000001,0,0
19744,48,soft-hit,525.432033,14.712376,413.762215,953.9066240000001,0,0
19744,48,soft-hit,599.881259,14.920838,489.589292,1104.391389,0,0
19744,48,soft-hit,528.664993,30.418686,417.658938,976.7426169999999,0,0
19744,48,soft-hit,530.609763,14.978862,420.165711,965.754336,0,0
19744,48,soft-hit,513.402508,22.955828,402.884915,939.243251,0,0
19744,48,soft-hit,511.320079,25.805401,399.845393,936.970873,0,0
19744,48,soft-hit,511.843263,17.688528,401.885507,931.4172980000001,0,0
19744,48,soft-hit,519.654862,30.454094,409.194851,959.303807,0,0
19744,48,soft-hit,530.392712,15.065091,420.113746,965.571549,0,0
19744,48,soft-hit,528.70547,17.668882,418.28196,964.6563120000001,0,0
19744,48,soft-hit,516.542163,15.012785,405.717387,937.2723349999999,0,0
24061,34,miss,109.723508,33.63346,23.036048,0,166.393016,0
24061,34,soft-hit,76.403459,12.66479,27.064154,116.132403,0,0
24061,34,soft-hit,115.832263,16.650401,25.386194,157.868858,0,0
24061,34,soft-hit,133.734812,13.165264,46.637072,193.537148,0,0
24061,34,soft-hit,109.186526,26.832445,22.196305,158.21527600000002,0,0
24061,34,soft-hit,104.539212,58.542324,18.537931,181.619467,0,0
24061,34,soft-hit,129.1154,14.382637,42.201113,185.69915,0,0
24061,34,soft-hit,105.642235,13.242741,19.537209,138.422185,0,0
24061,34,soft-hit,111.863825,29.233779,25.300955,166.398559,0,0
24061,34,soft-hit,106.257165,33.836781,19.825538,159.919484,0,0
24061,34,soft-hit,104.745965,37.825937,18.941146,161.513048,0,0
24061,34,soft-hit,104.162747,14.074776,18.602912,136.840435,0,0
24061,34,soft-hit,104.577311,13.221467,18.43747,136.236248,0,0
24061,34,soft-hit,107.315323,20.757286,19.214668,147.28727700000002,0,0
24061,34,soft-hit,110.739064,13.799626,23.409271,147.947961,0,0
24061,34,soft-hit,108.111101,13.304526,20.790064,142.205691,0,0
24061,34,soft-hit,108.266478,36.330806,21.38783,165.985114,0,0
24061,34,soft-hit,186.271905,20.667381,99.801493,306.740779,0,0
24061,34,soft-hit,178.584792,13.612488,91.897509,284.094789,0,0
24061,34,soft-hit,108.089095,13.825359,20.72413,142.638584,0,0
24061,34,soft-hit,106.348377,20.837423,19.37776,146.56356,0,0
24061,34,soft-hit,105.433675,13.18258,19.445717,138.061972,0,0
24061,34,soft-hit,106.51064,18.351643,19.886547,144.74883,0,0
24061,34,soft-hit,124.637849,20.964598,36.968468,182.570915,0,0
24061,34,soft-hit,107.350435,33.470324,22.150437,162.97119600000002,0,0
24061,34,soft-hit,123.054751,16.19359,33.974729,173.22307,0,0
24061,34,soft-hit,109.027962,13.677358,22.631538,145.336858,0,0
24061,34,soft-hit,125.611779,31.501552,39.579659,196.69299,0,0
24061,34,soft-hit,124.126703,31.864188,37.798791,193.78968200000003,0,0
24061,34,soft-hit,128.982092,50.769496,41.642386,221.393974,0,0
24061,34,soft-hit,109.699134,13.273714,21.177674,144.150522,0,0
24061,34,soft-hit,117.79861,35.876181,30.703431,184.378222,0,0
24061,34,soft-hit,160.452685,13.08047,73.655417,247.18857200000002,0,0
24061,34,soft-hit,116.220383,25.161126,29.513852,170.89536099999998,0,0
28335,40,miss,300.130813,14.40719,202.322233,0,516.860236,0
28335,40,soft-hit,288.235505,14.322503,190.61233,493.170338,0,0
28335,40,soft-hit,281.228298,19.083715,184.100097,484.41211,0,0
28335,40,soft-hit,289.400828,19.174722,191.727316,500.302866,0,0
28335,40,soft-hit,286.573014,14.145433,191.223363,491.94181000000003,0,0
28335,40,soft-hit,294.224913,14.166419,197.079217,505.470549,0,0
28335,40,soft-hit,282.443839,14.27126,185.530157,482.24525600000004,0,0
28335,40,soft-hit,281.397356,17.133952,184.8158,483.347108,0,0
28335,40,soft-hit,314.804553,14.240763,217.20991,546.255226,0,0
28335,40,soft-hit,305.344972,33.635491,207.396098,546.376561,0,0
28335,40,soft-hit,330.178626,14.076885,232.656798,576.912309,0,0
28335,40,soft-hit,309.697606,13.330548,194.758531,517.786685,0,0
28335,40,soft-hit,263.632008,20.773752,208.333887,492.739647,0,0
28335,40,soft-hit,290.702203,15.224833,194.479851,500.406887,0,0
28335,40,soft-hit,283.655777,14.54175,186.228203,484.42573000000004,0,0
28335,40,soft-hit,305.10891,39.67478,208.022386,552.806076,0,0
28335,40,soft-hit,313.148547,48.914442,213.615377,575.678366,0,0
28335,40,soft-hit,287.196966,27.025966,190.281027,504.503959,0,0
28335,40,soft-hit,284.664224,27.533179,185.375553,497.572956,0,0
28335,40,soft-hit,295.286403,15.502306,196.068314,506.857023,0,0
28335,40,soft-hit,295.178658,15.020169,194.949289,505.14811599999996,0,0
28335,40,soft-hit,305.085149,17.23504,205.618468,527.938657,0,0
28335,40,soft-hit,300.085345,16.87504,202.672902,519.633287,0,0
28335,40,soft-hit,283.686345,15.119442,185.64994,484.455727,0,0
28335,40,soft-hit,284.592688,20.718902,185.188001,490.499591,0,0
28335,40,soft-hit,300.833883,17.451754,201.548932,519.834569,0,0
28335,40,soft-hit,314.623733,15.676692,216.719756,547.020181,0,0
28335,40,soft-hit,304.412512,14.997039,207.27818,526.687731,0,0
28335,40,soft-hit,324.830312,14.998389,227.662533,567.491234,0,0
28335,40,soft-hit,311.181482,25.322316,214.664706,551.168504,0,0
28335,40,soft-hit,286.601746,63.613392,188.995858,539.210996,0,0
28335,40,soft-hit,292.608785,22.644969,196.352345,511.60609900000003,0,0
28335,40,soft-hit,304.834078,19.907267,208.332914,533.074259,0,0
28335,40,soft-hit,324.042585,14.629393,227.499557,566.171535,0,0
31342,33,miss,80.216584,14.182281,994.639582,0,1089.038447,0
31342,used GE,hit,0,13.733014,0,13.733014,0,0
31342,used GE,hit,0,21.755232,0,21.755232,0,0
31342,used GE,hit,0,14.143339,0,14.143339,0,0
31342,used GE,hit,0,14.549834,0,14.549834,0,0
31342,used GE,hit,0,14.191322,0,14.191322,0,0
31342,used GE,hit,0,17.038011,0,17.038011,0,0
31342,used GE,hit,0,42.795359,0,42.795359,0,0
31342,used GE,hit,0,15.410559,0,15.410559,0,0
31342,used GE,hit,0,22.182381,0,22.182381,0,0
31342,used GE,hit,0,24.489745,0,24.489745,0,0
31342,used GE,hit,0,27.390621,0,27.390621,0,0
31342,used GE,hit,0,15.554427,0,15.554427,0,0
31342,used GE,hit,0,14.485513,0,14.485513,0,0
31342,used GE,hit,0,37.268132,0,37.268132,0,0
31342,used GE,hit,0,14.974785,0,14.974785,0,0
31342,used GE,hit,0,36.2376,0,36.2376,0,0
31342,used GE,hit,0,34.948199,0,34.948199,0,0
31342,used GE,hit,0,14.670743,0,14.670743,0,0
31342,used GE,hit,0,14.499464,0,14.499464,0,0
31342,used GE,hit,0,35.044958,0,35.044958,0,0
31342,used GE,hit,0,28.939644,0,28.939644,0,0
31342,used GE,hit,0,19.357123,0,19.357123,0,0
31342,used GE,hit,0,16.824159,0,16.824159,0,0
31342,used GE,hit,0,14.512549,0,14.512549,0,0
31342,used GE,hit,0,13.922848,0,13.922848,0,0
31342,used GE,hit,0,14.333269,0,14.333269,0,0
31342,used GE,hit,0,26.62725,0,26.62725,0,0
31342,used GE,hit,0,14.61164,0,14.61164,0,0
31342,used GE,hit,0,23.967224,0,23.967224,0,0
31342,used GE,hit,0,15.704356,0,15.704356,0,0
31342,used GE,hit,0,19.153421,0,19.153421,0,0
31342,used GE,hit,0,14.154549,0,14.154549,0,0
31342,used GE,hit,0,13.886418,0,13.886418,0,0
32910,41,miss,310.446767,13.863833,215.729165,0,540.039765,0
32910,41,soft-hit,313.679556,13.888097,215.688454,543.2561069999999,0,0
32910,41,soft-hit,332.240515,14.37395,233.619653,580.2341180000001,0,0
32910,41,soft-hit,325.929114,13.824736,227.743074,567.496924,0,0
32910,41,soft-hit,324.237173,13.86697,225.517544,563.621687,0,0
32910,41,soft-hit,342.139956,18.238133,226.209223,586.587312,0,0
32910,41,soft-hit,276.034752,13.559628,220.407167,510.001547,0,0
32910,41,soft-hit,369.320669,14.195908,271.838036,655.354613,0,0
32910,41,soft-hit,360.257477,21.886582,261.766155,643.910214,0,0
32910,41,soft-hit,376.291142,13.904668,277.979043,668.174853,0,0
32910,41,soft-hit,338.785143,14.310658,240.56112,593.656921,0,0
32910,41,soft-hit,334.559474,13.913829,236.886212,585.359515,0,0
32910,41,soft-hit,314.286307,13.901682,216.349424,544.537413,0,0
32910,41,soft-hit,315.017787,13.884912,216.444119,545.346818,0,0
32910,41,soft-hit,315.219316,13.914461,216.024381,545.158158,0,0
32910,41,soft-hit,323.870886,16.34109,225.531709,565.743685,0,0
32910,41,soft-hit,315.971004,13.921386,217.226296,547.118686,0,0
32910,41,soft-hit,334.207874,14.201705,236.806866,585.216445,0,0
32910,41,soft-hit,333.178676,14.155324,234.084036,581.418036,0,0
32910,41,soft-hit,317.257653,31.276268,219.129756,567.663677,0,0
32910,41,soft-hit,315.316501,13.98607,217.054075,546.3566460000001,0,0
32910,41,soft-hit,315.047775,13.830743,216.43768,545.316198,0,0
32910,41,soft-hit,318.419338,15.090403,219.63835,553.148091,0,0
32910,41,soft-hit,329.920608,18.058248,230.888208,578.867064,0,0
32910,41,soft-hit,355.721356,14.291845,255.589128,625.602329,0,0
32910,41,soft-hit,323.671744,13.79259,224.529802,561.994136,0,0
32910,41,soft-hit,319.48931,38.541263,219.838965,577.8695379999999,0,0
32910,41,soft-hit,376.445228,13.928057,286.827124,677.200409,0,0
32910,41,soft-hit,327.101371,14.479759,227.38694,568.96807,0,0
32910,41,soft-hit,348.350903,17.246273,248.995502,614.592678,0,0
32910,41,soft-hit,337.704358,14.699512,238.252472,590.656342,0,0
32910,41,soft-hit,372.034893,19.645129,273.236637,664.916659,0,0
32910,41,soft-hit,316.267746,13.948631,218.322825,548.5392019999999,0,0
32910,41,soft-hit,330.222849,30.752237,231.180674,592.15576,0,0
2108,39,miss,286.412493,24.414137,186.048485,0,496.875115,0
2108,39,soft-hit,290.228515,23.249389,193.199807,506.67771100000004,0,0
2108,39,soft-hit,273.489406,15.372726,177.917496,466.779628,0,0
2108,39,soft-hit,280.345358,29.61076,183.556478,493.512596,0,0
2108,39,soft-hit,261.220625,30.922856,163.861241,456.004722,0,0
2108,39,soft-hit,279.381838,14.374778,180.869231,474.625847,0,0
2108,39,soft-hit,289.108741,14.451963,191.670822,495.23152600000003,0,0
2108,39,soft-hit,270.773184,14.85248,177.968123,463.593787,0,0
2108,39,soft-hit,268.515461,35.061206,172.357369,475.934036,0,0
2108,39,soft-hit,268.466211,28.583979,172.572821,469.623011,0,0
2108,39,soft-hit,263.902145,27.433294,167.960566,459.29600500000004,0,0
2108,39,soft-hit,261.822422,30.262592,164.48422,456.56923400000005,0,0
2108,39,soft-hit,245.412755,31.792589,164.123378,441.32872199999997,0,0
2108,39,soft-hit,239.286835,22.187651,180.322569,441.797055,0,0
2108,39,soft-hit,269.433272,15.758397,173.586893,458.77856199999997,0,0
2108,39,soft-hit,262.628289,14.492342,165.929193,443.049824,0,0
2108,39,soft-hit,281.437577,36.060742,185.298731,502.79705,0,0
2108,39,soft-hit,276.069344,23.993427,180.350391,480.413162,0,0
2108,39,soft-hit,274.249794,14.505535,177.426148,466.18147700000003,0,0
2108,39,soft-hit,275.402703,59.668798,177.949561,513.021062,0,0
2108,39,soft-hit,273.994252,31.346613,177.172738,482.513603,0,0
2108,39,soft-hit,283.935072,19.491455,187.980261,491.406788,0,0
2108,39,soft-hit,271.557839,30.147434,174.900179,476.605452,0,0
2108,39,soft-hit,276.405633,26.734953,179.89964,483.040226,0,0
2108,39,soft-hit,275.671845,14.318392,179.732619,469.722856,0,0
2108,39,soft-hit,277.357413,16.622327,181.989023,475.968763,0,0
2108,39,soft-hit,285.6312,26.373641,189.718929,501.72376999999994,0,0
2108,39,soft-hit,277.920009,39.733862,181.639341,499.293212,0,0
2108,39,soft-hit,281.824182,15.314333,184.983177,482.12169200000005,0,0
2108,39,soft-hit,269.440157,14.305589,172.452653,456.198399,0,0
2108,39,soft-hit,260.912375,14.238956,164.976436,440.127767,0,0
2108,39,soft-hit,260.76548,14.644992,165.351843,440.76231500000006,0,0
2108,39,soft-hit,263.72952,22.850767,166.696955,453.277242,0,0
2108,39,soft-hit,264.050133,14.735053,167.650137,446.43532300000004,0,0
18654,333,miss,400.32906,40.492355,259.365943,0,700.187358,0
18654,used GE,hit,0,35.195666,0,35.195666,0,0
18654,used GE,hit,0,34.819274,0,34.819274,0,0
18654,used GE,hit,0,34.592836,0,34.592836,0,0
18654,used GE,hit,0,34.397906,0,34.397906,0,0
18654,used GE,hit,0,320.442293,0,320.442293,0,0
18654,used GE,hit,0,41.266582,0,41.266582,0,0
18654,used GE,hit,0,34.590273,0,34.590273,0,0
18654,used GE,hit,0,335.532927,0,335.532927,0,0
18654,used GE,hit,0,35.830713,0,35.830713,0,0
18654,used GE,hit,0,35.044624,0,35.044624,0,0
18654,used GE,hit,0,35.225143,0,35.225143,0,0
18654,used GE,hit,0,38.109957,0,38.109957,0,0
18654,used GE,hit,0,38.29866,0,38.29866,0,0
18654,used GE,hit,0,40.634895,0,40.634895,0,0
18654,used GE,hit,0,34.547263,0,34.547263,0,0
18654,used GE,hit,0,38.689995,0,38.689995,0,0
18654,used GE,hit,0,38.175717,0,38.175717,0,0
18654,used GE,hit,0,32.891577,0,32.891577,0,0
18654,used GE,hit,0,34.260781,0,34.260781,0,0
18654,used GE,hit,0,64.15667,0,64.15667,0,0
18654,used GE,hit,0,34.845634,0,34.845634,0,0
18654,used GE,hit,0,40.352887,0,40.352887,0,0
18654,used GE,hit,0,66.060845,0,66.060845,0,0
18654,used GE,hit,0,61.230677,0,61.230677,0,0
18654,used GE,hit,0,34.38748,0,34.38748,0,0
18654,used GE,hit,0,33.827345,0,33.827345,0,0
18654,used GE,hit,0,33.061779,0,33.061779,0,0
18654,used GE,hit,0,33.621806,0,33.621806,0,0
18654,used GE,hit,0,86.683205,0,86.683205,0,0
18654,used GE,hit,0,28.772179,0,28.772179,0,0
18654,used GE,hit,0,67.099304,0,67.099304,0,0
18654,used GE,hit,0,26.995378,0,26.995378,0,0
18654,used GE,hit,0,26.118667,0,26.118667,0,0
18648,114,miss,514.78091,18.547402,306.024849,0,839.353161,0
18648,used GE,hit,0,16.503346,0,16.503346,0,0
18648,used GE,hit,0,40.444395,0,40.444395,0,0
18648,used GE,hit,0,32.055971,0,32.055971,0,0
18648,used GE,hit,0,18.908261,0,18.908261,0,0
18648,used GE,hit,0,20.563435,0,20.563435,0,0
18648,used GE,hit,0,19.241986,0,19.241986,0,0
18648,used GE,hit,0,18.539924,0,18.539924,0,0
18648,used GE,hit,0,19.337799,0,19.337799,0,0
18648,used GE,hit,0,18.484202,0,18.484202,0,0
18648,used GE,hit,0,37.747311,0,37.747311,0,0
18648,used GE,hit,0,19.837472,0,19.837472,0,0
18648,used GE,hit,0,19.497545,0,19.497545,0,0
18648,used GE,hit,0,18.616781,0,18.616781,0,0
18648,used GE,hit,0,36.313789,0,36.313789,0,0
18648,used GE,hit,0,21.291694,0,21.291694,0,0
18648,used GE,hit,0,45.793743,0,45.793743,0,0
18648,used GE,hit,0,19.900929,0,19.900929,0,0
18648,used GE,hit,0,25.992279,0,25.992279,0,0
18648,used GE,hit,0,25.568979,0,25.568979,0,0
18648,used GE,hit,0,21.315499,0,21.315499,0,0
18648,used GE,hit,0,20.144744,0,20.144744,0,0
18648,used GE,hit,0,26.570622,0,26.570622,0,0
18648,used GE,hit,0,30.826313,0,30.826313,0,0
18648,used GE,hit,0,19.691121,0,19.691121,0,0
18648,used GE,hit,0,38.685073,0,38.685073,0,0
18648,used GE,hit,0,20.146353,0,20.146353,0,0
18648,used GE,hit,0,42.697465,0,42.697465,0,0
18648,used GE,hit,0,19.794203,0,19.794203,0,0
18648,used GE,hit,0,48.284749,0,48.284749,0,0
18648,used GE,hit,0,47.708591,0,47.708591,0,0
18648,used GE,hit,0,43.267455,0,43.267455,0,0
18648,used GE,hit,0,20.452586,0,20.452586,0,0
18648,used GE,hit,0,28.833646,0,28.833646,0,0
24514,104,miss,168.092796,16.265231,964.650547,0,1149.008574,0
24514,used GE,hit,0,15.838742,0,15.838742,0,0
24514,used GE,hit,0,17.289307,0,17.289307,0,0
24514,used GE,hit,0,16.520082,0,16.520082,0,0
24514,used GE,hit,0,16.501661,0,16.501661,0,0
24514,used GE,hit,0,21.224884,0,21.224884,0,0
24514,used GE,hit,0,18.125947,0,18.125947,0,0
24514,used GE,hit,0,17.816717,0,17.816717,0,0
24514,used GE,hit,0,17.544286,0,17.544286,0,0
24514,used GE,hit,0,17.682001,0,17.682001,0,0
24514,used GE,hit,0,27.082035,0,27.082035,0,0
24514,used GE,hit,0,19.226575,0,19.226575,0,0
24514,used GE,hit,0,18.965727,0,18.965727,0,0
24514,used GE,hit,0,19.180737,0,19.180737,0,0
24514,used GE,hit,0,18.925608,0,18.925608,0,0
24514,used GE,hit,0,18.479865,0,18.479865,0,0
24514,used GE,hit,0,45.583903,0,45.583903,0,0
24514,used GE,hit,0,25.891552,0,25.891552,0,0
24514,used GE,hit,0,19.70247,0,19.70247,0,0
24514,used GE,hit,0,19.04229,0,19.04229,0,0
24514,used GE,hit,0,19.006782,0,19.006782,0,0
24514,used GE,hit,0,19.313776,0,19.313776,0,0
24514,used GE,hit,0,38.464269,0,38.464269,0,0
24514,used GE,hit,0,53.293805,0,53.293805,0,0
24514,used GE,hit,0,19.026521,0,19.026521,0,0
24514,used GE,hit,0,29.392907,0,29.392907,0,0
24514,used GE,hit,0,19.461632,0,19.461632,0,0
24514,used GE,hit,0,50.75728,0,50.75728,0,0
24514,used GE,hit,0,19.441055,0,19.441055,0,0
24514,used GE,hit,0,18.726506,0,18.726506,0,0
24514,used GE,hit,0,51.366459,0,51.366459,0,0
24514,used GE,hit,0,18.745016,0,18.745016,0,0
24514,used GE,hit,0,38.816546,0,38.816546,0,0
24514,used GE,hit,0,51.648251,0,51.648251,0,0
36348,96,miss,939.011145,16.090641,756.97792,0,1712.079706,0
36348,used GE,hit,0,14.334155,0,14.334155,0,0
36348,used GE,hit,0,16.370427,0,16.370427,0,0
36348,used GE,hit,0,32.087493,0,32.087493,0,0
36348,used GE,hit,0,41.687886,0,41.687886,0,0
36348,used GE,hit,0,35.904641,0,35.904641,0,0
36348,used GE,hit,0,32.183008,0,32.183008,0,0
36348,used GE,hit,0,12.986519,0,12.986519,0,0
36348,used GE,hit,0,37.651084,0,37.651084,0,0
36348,used GE,hit,0,12.724207,0,12.724207,0,0
36348,used GE,hit,0,43.761985,0,43.761985,0,0
36348,used GE,hit,0,12.650304,0,12.650304,0,0
36348,used GE,hit,0,47.956054,0,47.956054,0,0
36348,used GE,hit,0,13.402078,0,13.402078,0,0
36348,used GE,hit,0,52.889832,0,52.889832,0,0
36348,used GE,hit,0,39.039277,0,39.039277,0,0
36348,used GE,hit,0,12.669296,0,12.669296,0,0
36348,used GE,hit,0,34.341003,0,34.341003,0,0
36348,used GE,hit,0,16.474709,0,16.474709,0,0
36348,used GE,hit,0,12.792904,0,12.792904,0,0
36348,used GE,hit,0,24.458078,0,24.458078,0,0
36348,used GE,hit,0,12.976712,0,12.976712,0,0
36348,used GE,hit,0,16.358547,0,16.358547,0,0
36348,used GE,hit,0,13.674496,0,13.674496,0,0
36348,used GE,hit,0,12.604854,0,12.604854,0,0
36348,used GE,hit,0,44.741263,0,44.741263,0,0
36348,used GE,hit,0,12.639771,0,12.639771,0,0
36348,used GE,hit,0,12.960609,0,12.960609,0,0
36348,used GE,hit,0,62.559101,0,62.559101,0,0
36348,used GE,hit,0,29.824712,0,29.824712,0,0
36348,used GE,hit,0,51.780655,0,51.780655,0,0
36348,used GE,hit,0,32.764239,0,32.764239,0,0
36348,used GE,hit,0,13.900621,0,13.900621,0,0
36348,used GE,hit,0,43.944948,0,43.944948,0,0
3680,51,miss,640.48329,14.502355,527.05045,0,1182.036095,0
3680,used GE,hit,0,15.801664,0,15.801664,0,0
3680,used GE,hit,0,14.438794,0,14.438794,0,0
3680,used GE,hit,0,15.510612,0,15.510612,0,0
3680,used GE,hit,0,36.47813,0,36.47813,0,0
3680,used GE,hit,0,45.787173,0,45.787173,0,0
3680,used GE,hit,0,17.183111,0,17.183111,0,0
3680,used GE,hit,0,14.900545,0,14.900545,0,0
3680,used GE,hit,0,15.929513,0,15.929513,0,0
3680,used GE,hit,0,33.725731,0,33.725731,0,0
3680,used GE,hit,0,16.533692,0,16.533692,0,0
3680,used GE,hit,0,21.937567,0,21.937567,0,0
3680,used GE,hit,0,27.078426,0,27.078426,0,0
3680,used GE,hit,0,39.136317,0,39.136317,0,0
3680,used GE,hit,0,12.689341,0,12.689341,0,0
3680,used GE,hit,0,12.1104,0,12.1104,0,0
3680,used GE,hit,0,20.988624,0,20.988624,0,0
3680,used GE,hit,0,29.173422,0,29.173422,0,0
3680,used GE,hit,0,18.743737,0,18.743737,0,0
3680,used GE,hit,0,14.24909,0,14.24909,0,0
3680,used GE,hit,0,16.725045,0,16.725045,0,0
3680,used GE,hit,0,26.640983,0,26.640983,0,0
3680,used GE,hit,0,26.831594,0,26.831594,0,0
3680,used GE,hit,0,30.642119,0,30.642119,0,0
3680,used GE,hit,0,25.050951,0,25.050951,0,0
3680,used GE,hit,0,16.667804,0,16.667804,0,0
3680,used GE,hit,0,17.53196,0,17.53196,0,0
3680,used GE,hit,0,15.609473,0,15.609473,0,0
3680,used GE,hit,0,15.976436,0,15.976436,0,0
3680,used GE,hit,0,16.118245,0,16.118245,0,0
3680,used GE,hit,0,38.882394,0,38.882394,0,0
3680,used GE,hit,0,16.984921,0,16.984921,0,0
3680,used GE,hit,0,30.743625,0,30.743625,0,0
3680,used GE,hit,0,82.3877,0,82.3877,0,0
4178,58,miss,845.087491,13.765115,718.503051,0,1577.355657,0
4178,58,soft-hit,830.766831,19.438961,705.627498,1555.83329,0,0
4178,58,soft-hit,850.272668,14.119104,724.65652,1589.048292,0,0
4178,58,soft-hit,844.512747,15.809186,717.091289,1577.413222,0,0
4178,58,soft-hit,855.847131,33.735082,729.167487,1618.7497,0,0
4178,58,soft-hit,838.617423,41.07609,711.862045,1591.555558,0,0
4178,58,soft-hit,852.804278,102.69299,726.431797,1681.9290649999998,0,0
4178,58,soft-hit,831.658419,14.442308,705.335998,1551.436725,0,0
4178,58,soft-hit,830.886424,33.093317,705.02156,1569.001301,0,0
4178,58,soft-hit,830.740381,26.131183,705.548711,1562.420275,0,0
4178,58,soft-hit,866.453708,12.942609,733.597402,1612.993719,0,0
4178,58,soft-hit,840.850072,14.729245,716.155332,1571.734649,0,0
4178,58,soft-hit,830.88286,13.805888,706.135074,1550.823822,0,0
4178,58,soft-hit,832.977042,36.919673,708.370136,1578.2668509999999,0,0
4178,58,soft-hit,837.902325,13.956202,712.685568,1564.544095,0,0
4178,58,soft-hit,840.775496,16.841646,715.029143,1572.6462849999998,0,0
4178,58,soft-hit,844.918767,25.012745,718.566625,1588.498137,0,0
4178,58,soft-hit,830.049893,13.921669,705.613419,1549.584981,0,0
4178,58,soft-hit,830.242939,13.978049,705.798588,1550.0195760000001,0,0
4178,58,soft-hit,849.292749,37.571583,723.307752,1610.172084,0,0
4178,58,soft-hit,853.89595,13.997388,728.389846,1596.283184,0,0
4178,58,soft-hit,845.111466,14.846871,719.080272,1579.038609,0,0
4178,58,soft-hit,847.883611,14.340486,722.627242,1584.851339,0,0
4178,58,soft-hit,860.462142,47.305708,739.781492,1647.5493419999998,0,0
4178,58,soft-hit,852.538069,20.08,725.149544,1597.767613,0,0
4178,58,soft-hit,851.438985,13.788933,726.153554,1591.381472,0,0
4178,58,soft-hit,848.809924,15.532405,716.77414,1581.116469,0,0
4178,58,soft-hit,842.441405,47.094768,711.066362,1600.602535,0,0
4178,58,soft-hit,868.085497,14.177607,742.965972,1625.229076,0,0
4178,58,soft-hit,848.138443,13.783098,710.65448,1572.576021,0,0
4178,58,soft-hit,851.667361,15.222143,708.852373,1575.741877,0,0
4178,58,soft-hit,847.525267,19.968677,708.131395,1575.625339,0,0
4178,58,soft-hit,835.47894,15.062644,711.236385,1561.777969,0,0
4178,58,soft-hit,825.121278,13.528803,713.649062,1552.299143,0,0
10490,57,miss,827.058701,14.851361,694.510728,0,1536.4207900000001,0
10490,57,soft-hit,830.114628,41.230944,703.541239,1574.886811,0,0
10490,57,soft-hit,820.324631,16.814676,696.967868,1534.1071749999999,0,0
10490,57,soft-hit,822.304175,14.098737,695.703954,1532.106866,0,0
10490,57,soft-hit,831.568003,13.805847,694.101943,1539.475793,0,0
10490,57,soft-hit,819.200899,13.895817,693.458984,1526.5557,0,0
10490,57,soft-hit,811.885455,13.663778,684.073035,1509.622268,0,0
10490,57,soft-hit,811.170645,14.663712,685.931932,1511.7662890000001,0,0
10490,57,soft-hit,821.111224,40.853613,684.51777,1546.482607,0,0
10490,57,soft-hit,829.184212,14.544344,689.471456,1533.200012,0,0
10490,57,soft-hit,850.384713,89.416313,717.627841,1657.428867,0,0
10490,57,soft-hit,823.832921,34.141204,683.185156,1541.1592810000002,0,0
10490,57,soft-hit,814.348126,40.860217,691.437823,1546.646166,0,0
10490,57,soft-hit,808.818315,18.327547,685.861604,1513.007466,0,0
10490,57,soft-hit,840.705011,14.083025,717.401921,1572.189957,0,0
10490,57,soft-hit,817.383554,86.00967,704.41301,1607.8062340000001,0,0
10490,57,soft-hit,809.625443,14.129832,685.97138,1509.726655,0,0
10490,57,soft-hit,857.70393,20.175462,721.7528,1599.632192,0,0
10490,57,soft-hit,836.873387,111.363975,700.684025,1648.9213869999999,0,0
10490,57,soft-hit,827.36891,19.15129,702.341486,1548.8616860000002,0,0
10490,57,soft-hit,956.364967,23.70722,832.637531,1812.709718,0,0
10490,57,soft-hit,829.793119,37.997083,693.212077,1561.002279,0,0
10490,57,soft-hit,870.850056,27.135713,736.392593,1634.378362,0,0
10490,57,soft-hit,814.060129,37.400888,689.740233,1541.20125,0,0
10490,57,soft-hit,827.544605,12.715677,686.142672,1526.4029540000001,0,0
10490,57,soft-hit,811.114461,14.04547,687.797404,1512.957335,0,0
10490,57,soft-hit,835.146042,30.503561,709.545705,1575.1953079999998,0,0
10490,57,soft-hit,809.785006,39.288189,686.351787,1535.424982,0,0
10490,57,soft-hit,834.105815,91.532272,696.256202,1621.894289,0,0
10490,57,soft-hit,842.331087,13.921617,717.328195,1573.580899,0,0
10490,57,soft-hit,811.744025,32.755497,688.02412,1532.523642,0,0
10490,57,soft-hit,812.676369,13.820822,689.090495,1515.587686,0,0
10490,57,soft-hit,813.994466,105.179651,691.696094,1610.870211,0,0
10490,57,soft-hit,831.389356,14.054837,706.081019,1551.525212,0,0
14811,52,miss,682.4457,74.062283,568.578441,0,1325.086424,0
14811,52,soft-hit,703.760626,13.080337,588.562818,1305.403781,0,0
14811,52,soft-hit,662.760738,26.372836,547.852849,1236.9864229999998,0,0
14811,52,soft-hit,677.426738,21.502939,562.390934,1261.320611,0,0
14811,52,soft-hit,673.532948,13.186461,560.17737,1246.8967790000002,0,0
14811,52,soft-hit,692.273221,13.23017,568.296226,1273.7996170000001,0,0
14811,52,soft-hit,674.391256,13.103415,556.95214,1244.446811,0,0
14811,52,soft-hit,685.576167,12.622929,556.88709,1255.086186,0,0
14811,52,soft-hit,671.304768,14.131464,554.733873,1240.1701050000001,0,0
14811,52,soft-hit,664.581098,13.215722,548.740696,1226.5375159999999,0,0
14811,52,soft-hit,672.276523,12.451535,558.076732,1242.8047900000001,0,0
14811,52,soft-hit,679.320595,12.658669,563.560823,1255.540087,0,0
14811,52,soft-hit,666.256236,13.195667,552.095776,1231.5476789999998,0,0
14811,52,soft-hit,660.752827,12.7886,547.059804,1220.601231,0,0
14811,52,soft-hit,670.50818,12.757454,546.19808,1229.463714,0,0
14811,52,soft-hit,662.153342,12.850854,547.002095,1222.0062910000001,0,0
14811,52,soft-hit,677.275383,13.64056,561.259911,1252.175854,0,0
14811,52,soft-hit,681.205222,15.069347,563.1647,1259.439269,0,0
14811,52,soft-hit,680.366377,23.570125,564.233931,1268.170433,0,0
14811,52,soft-hit,676.451316,13.067567,552.978434,1242.497317,0,0
14811,52,soft-hit,668.997887,24.495809,552.448016,1245.941712,0,0
14811,52,soft-hit,668.293418,13.02541,551.373743,1232.692571,0,0
14811,52,soft-hit,694.477496,13.712525,578.52569,1286.715711,0,0
14811,52,soft-hit,666.390737,13.272812,549.516317,1229.179866,0,0
14811,52,soft-hit,693.490229,40.111895,562.616319,1296.218443,0,0
14811,52,soft-hit,663.397259,26.15966,548.254631,1237.81155,0,0
14811,52,soft-hit,681.065437,21.88807,564.744447,1267.697954,0,0
14811,52,soft-hit,666.748729,13.776465,552.605779,1233.130973,0,0
14811,52,soft-hit,663.006241,40.297875,548.732613,1252.036729,0,0
14811,52,soft-hit,662.933693,12.921099,548.045734,1223.900526,0,0
14811,52,soft-hit,663.678156,109.069745,548.653193,1321.4010939999998,0,0
14811,52,soft-hit,681.358484,13.391517,566.236359,1260.9863599999999,0,0
14811,52,soft-hit,686.36329,13.132943,571.24443,1270.740663,0,0
14811,52,soft-hit,682.303697,54.374276,561.184084,1297.862057,0,0
22764,62,miss,985.283032,28.815094,838.166507,0,1852.2646330000002,0
22764,used GE,hit,0,21.520329,0,21.520329,0,0
22764,used GE,hit,0,33.478538,0,33.478538,0,0
22764,used GE,hit,0,17.100788,0,17.100788,0,0
22764,used GE,hit,0,16.915226,0,16.915226,0,0
22764,used GE,hit,0,24.81818,0,24.81818,0,0
22764,used GE,hit,0,15.739199,0,15.739199,0,0
22764,used GE,hit,0,15.925665,0,15.925665,0,0
22764,used GE,hit,0,16.386924,0,16.386924,0,0
22764,used GE,hit,0,28.11839,0,28.11839,0,0
22764,used GE,hit,0,105.21944,0,105.21944,0,0
22764,used GE,hit,0,18.501229,0,18.501229,0,0
22764,used GE,hit,0,28.377546,0,28.377546,0,0
22764,used GE,hit,0,42.154969,0,42.154969,0,0
22764,used GE,hit,0,42.776832,0,42.776832,0,0
22764,used GE,hit,0,16.059489,0,16.059489,0,0
22764,used GE,hit,0,14.895172,0,14.895172,0,0
22764,used GE,hit,0,44.149036,0,44.149036,0,0
22764,used GE,hit,0,35.7342,0,35.7342,0,0
22764,used GE,hit,0,29.444873,0,29.444873,0,0
22764,used GE,hit,0,14.07739,0,14.07739,0,0
22764,used GE,hit,0,14.044258,0,14.044258,0,0
22764,used GE,hit,0,40.242348,0,40.242348,0,0
22764,used GE,hit,0,42.295672,0,42.295672,0,0
22764,used GE,hit,0,29.58471,0,29.58471,0,0
22764,used GE,hit,0,33.716017,0,33.716017,0,0
22764,used GE,hit,0,16.75798,0,16.75798,0,0
22764,used GE,hit,0,16.550206,0,16.550206,0,0
22764,used GE,hit,0,16.15712,0,16.15712,0,0
22764,used GE,hit,0,18.55848,0,18.55848,0,0
22764,used GE,hit,0,50.675743,0,50.675743,0,0
22764,used GE,hit,0,16.252262,0,16.252262,0,0
22764,used GE,hit,0,15.850619,0,15.850619,0,0
22764,used GE,hit,0,15.524536,0,15.524536,0,0
28278,39,miss,295.064384,12.073301,201.099161,0,508.236846,0
28278,39,soft-hit,294.466268,23.746281,198.817079,517.029628,0,0
28278,39,soft-hit,296.262091,40.048211,203.398667,539.708969,0,0
28278,39,soft-hit,299.146692,26.699969,190.503952,516.350613,0,0
28278,39,soft-hit,284.56036,14.802257,191.7752,491.13781700000004,0,0
28278,39,soft-hit,293.795436,12.234512,200.722418,506.752366,0,0
28278,39,soft-hit,296.871366,13.18454,202.834086,512.889992,0,0
28278,39,soft-hit,293.560033,12.657913,199.189805,505.40775099999996,0,0
28278,39,soft-hit,314.69478,12.35686,219.54841,546.60005,0,0
28278,39,soft-hit,308.63205,12.596566,215.074152,536.302768,0,0
28278,39,soft-hit,333.76734,12.583004,236.726336,583.07668,0,0
28278,39,soft-hit,285.347667,36.210085,192.554675,514.112427,0,0
28278,39,soft-hit,292.525806,28.09313,199.592201,520.211137,0,0
28278,39,soft-hit,314.94526,27.854525,222.232953,565.032738,0,0
28278,39,soft-hit,244.355308,11.592482,189.405739,445.353529,0,0
28278,39,soft-hit,283.204041,27.859287,191.042775,502.106103,0,0
28278,39,soft-hit,283.167243,34.772728,191.377561,509.31753199999997,0,0
28278,39,soft-hit,284.126591,12.920888,190.816236,487.863715,0,0
28278,39,soft-hit,361.684541,31.488237,269.543957,662.716735,0,0
28278,39,soft-hit,285.10357,28.09147,193.650494,506.845534,0,0
28278,39,soft-hit,296.963808,12.303097,203.989177,513.256082,0,0
28278,39,soft-hit,287.970924,11.657584,199.689557,499.31806500000005,0,0
28278,39,soft-hit,290.159951,30.524098,197.13821,517.822259,0,0
28278,39,soft-hit,284.445373,12.795318,191.064997,488.30568800000003,0,0
28278,39,soft-hit,333.897087,24.595243,240.66159,599.15392,0,0
28278,39,soft-hit,299.36945,15.292701,207.185105,521.847256,0,0
28278,39,soft-hit,302.763011,12.100369,209.676645,524.540025,0,0
28278,39,soft-hit,303.46795,34.566139,211.429145,549.4632339999999,0,0
28278,39,soft-hit,285.216286,23.728494,192.827132,501.77191200000004,0,0
28278,39,soft-hit,288.609258,15.291484,195.389691,499.290433,0,0
28278,39,soft-hit,290.168766,12.087911,197.004997,499.26167399999997,0,0
28278,39,soft-hit,286.395761,11.998749,191.197057,489.591567,0,0
28278,39,soft-hit,284.380949,28.970366,190.886846,504.238161,0,0
28278,39,soft-hit,288.047058,12.295377,194.382216,494.724651,0,0
7310,76,miss,400.117864,15.870267,238.535131,0,654.523262,0
7310,used GE,hit,0,39.207762,0,39.207762,0,0
7310,used GE,hit,0,16.605696,0,16.605696,0,0
7310,used GE,hit,0,54.878748,0,54.878748,0,0
7310,used GE,hit,0,17.385129,0,17.385129,0,0
7310,used GE,hit,0,29.233217,0,29.233217,0,0
7310,used GE,hit,0,17.293272,0,17.293272,0,0
7310,used GE,hit,0,25.751971,0,25.751971,0,0
7310,used GE,hit,0,43.357119,0,43.357119,0,0
7310,used GE,hit,0,18.507687,0,18.507687,0,0
7310,used GE,hit,0,39.954529,0,39.954529,0,0
7310,used GE,hit,0,18.298644,0,18.298644,0,0
7310,used GE,hit,0,39.556327,0,39.556327,0,0
7310,used GE,hit,0,20.471577,0,20.471577,0,0
7310,used GE,hit,0,37.283306,0,37.283306,0,0
7310,used GE,hit,0,19.050586,0,19.050586,0,0
7310,used GE,hit,0,21.05198,0,21.05198,0,0
7310,used GE,hit,0,17.525117,0,17.525117,0,0
7310,used GE,hit,0,16.582702,0,16.582702,0,0
7310,used GE,hit,0,17.072418,0,17.072418,0,0
7310,used GE,hit,0,17.283465,0,17.283465,0,0
7310,used GE,hit,0,19.286982,0,19.286982,0,0
7310,used GE,hit,0,16.73664,0,16.73664,0,0
7310,used GE,hit,0,16.0126,0,16.0126,0,0
7310,used GE,hit,0,45.4996,0,45.4996,0,0
7310,used GE,hit,0,36.584964,0,36.584964,0,0
7310,used GE,hit,0,19.22119,0,19.22119,0,0
7310,used GE,hit,0,17.686056,0,17.686056,0,0
7310,used GE,hit,0,16.987898,0,16.987898,0,0
7310,used GE,hit,0,20.001705,0,20.001705,0,0
7310,used GE,hit,0,59.280286,0,59.280286,0,0
7310,used GE,hit,0,18.923439,0,18.923439,0,0
7310,used GE,hit,0,41.232482,0,41.232482,0,0
7310,used GE,hit,0,18.129757,0,18.129757,0,0
14601,64,miss,46.610608,21.131334,911.457781,0,979.199723,0
14601,used GE,hit,0,14.107063,0,14.107063,0,0
14601,used GE,hit,0,13.660843,0,13.660843,0,0
14601,used GE,hit,0,13.76482,0,13.76482,0,0
14601,used GE,hit,0,19.635313,0,19.635313,0,0
14601,used GE,hit,0,15.078473,0,15.078473,0,0
14601,used GE,hit,0,15.320948,0,15.320948,0,0
14601,used GE,hit,0,36.170199,0,36.170199,0,0
14601,used GE,hit,0,41.525989,0,41.525989,0,0
14601,used GE,hit,0,25.544087,0,25.544087,0,0
14601,used GE,hit,0,40.658194,0,40.658194,0,0
14601,used GE,hit,0,16.160098,0,16.160098,0,0
14601,used GE,hit,0,25.860115,0,25.860115,0,0
14601,used GE,hit,0,15.780674,0,15.780674,0,0
14601,used GE,hit,0,14.875533,0,14.875533,0,0
14601,used GE,hit,0,21.465724,0,21.465724,0,0
14601,used GE,hit,0,16.488132,0,16.488132,0,0
14601,used GE,hit,0,24.093893,0,24.093893,0,0
14601,used GE,hit,0,15.193616,0,15.193616,0,0
14601,used GE,hit,0,15.047823,0,15.047823,0,0
14601,used GE,hit,0,15.217316,0,15.217316,0,0
14601,used GE,hit,0,15.90096,0,15.90096,0,0
14601,used GE,hit,0,33.120734,0,33.120734,0,0
14601,used GE,hit,0,35.02132,0,35.02132,0,0
14601,used GE,hit,0,24.774802,0,24.774802,0,0
14601,used GE,hit,0,25.263745,0,25.263745,0,0
14601,used GE,hit,0,15.3762,0,15.3762,0,0
14601,used GE,hit,0,14.910192,0,14.910192,0,0
14601,used GE,hit,0,29.044021,0,29.044021,0,0
14601,used GE,hit,0,15.83146,0,15.83146,0,0
14601,used GE,hit,0,28.212054,0,28.212054,0,0
14601,used GE,hit,0,38.530459,0,38.530459,0,0
14601,used GE,hit,0,16.577514,0,16.577514,0,0
14601,used GE,hit,0,15.720734,0,15.720734,0,0
19684,76,miss,420.552427,14.819701,266.974684,0,702.346812,0
19684,76,soft-hit,423.267113,15.305381,271.697658,710.270152,0,0
19684,76,soft-hit,399.731356,14.651518,248.631867,663.014741,0,0
19684,76,soft-hit,390.353002,20.743159,239.063705,650.159866,0,0
19684,76,soft-hit,396.666727,14.569075,242.958063,654.193865,0,0
19684,76,soft-hit,436.09713,13.814123,273.26376,723.175013,0,0
19684,76,soft-hit,408.036944,15.457164,250.985496,674.479604,0,0
19684,76,soft-hit,407.907041,26.192073,252.533642,686.632756,0,0
19684,76,soft-hit,457.930822,38.643813,304.982001,801.556636,0,0
19684,76,soft-hit,402.005409,63.227987,249.320179,714.5535749999999,0,0
19684,76,soft-hit,407.78849,15.200965,255.420592,678.4100470000001,0,0
19684,76,soft-hit,465.464262,15.262027,314.240918,794.967207,0,0
19684,76,soft-hit,473.002304,38.056311,319.566599,830.6252139999999,0,0
19684,76,soft-hit,432.746123,15.762124,279.877908,728.386155,0,0
19684,76,soft-hit,401.698335,15.394497,249.971447,667.0642789999999,0,0
19684,76,soft-hit,427.28016,15.728674,275.617193,718.626027,0,0
19684,76,soft-hit,409.479181,28.226821,257.055945,694.761947,0,0
19684,76,soft-hit,411.709411,14.817885,259.526273,686.0535689999999,0,0
19684,76,soft-hit,411.538977,77.945067,259.458845,748.9428889999999,0,0
19684,76,soft-hit,405.62197,26.864007,247.847616,680.333593,0,0
19684,76,soft-hit,501.701356,39.279093,347.225996,888.206445,0,0
19684,76,soft-hit,410.194119,26.791596,256.53848400000004,693.5241990000001,0,0
19684,76,soft-hit,414.598108,39.847538,262.225985,716.6716309999999,0,0
19684,76,soft-hit,394.487412,20.39055,241.931379,656.809341,0,0
19684,76,soft-hit,397.141037,41.658401,245.275143,684.074581,0,0
19684,76,soft-hit,397.307358,14.778463,244.23434,656.3201610000001,0,0
19684,76,soft-hit,398.063352,27.421788,245.427171,670.912311,0,0
19684,76,soft-hit,401.386381,44.524213,248.714174,694.6247679999999,0,0
19684,76,soft-hit,398.438196,31.182488,245.921027,675.5417110000001,0,0
19684,76,soft-hit,415.637736,15.031797,262.417444,693.0869769999999,0,0
19684,76,soft-hit,404.212257,82.625614,250.86613,737.7040010000001,0,0
19684,76,soft-hit,429.471763,14.854095,276.41804,720.743898,0,0
19684,76,soft-hit,413.861776,38.285221,245.192468,697.339465,0,0
19684,76,soft-hit,428.237411,39.386359,274.915399,742.5391689999999,0,0
33733,64,miss,44.90795,14.30521,909.508265,0,968.7214250000001,0
33733,64,soft-hit,39.887003,22.050266,904.87852,966.815789,0,0
33733,64,soft-hit,44.218272,15.153319,910.568137,969.939728,0,0
33733,64,soft-hit,76.047776,21.960596,941.743328,1039.7517,0,0
33733,64,soft-hit,65.636611,14.339879,931.633401,1011.6098910000001,0,0
33733,64,soft-hit,90.33478,14.50775,955.046653,1059.889183,0,0
33733,64,soft-hit,74.37676,28.68276,939.138215,1042.197735,0,0
33733,64,soft-hit,72.420151,37.648334,906.965509,1017.033994,0,0
33733,64,soft-hit,48.445425,14.340716,912.782472,975.568613,0,0
33733,64,soft-hit,43.960789,22.978876,907.403236,974.342901,0,0
33733,64,soft-hit,54.142868,14.313648,919.115372,987.5718880000001,0,0
33733,64,soft-hit,54.122075,14.540841,919.705611,988.368527,0,0
33733,64,soft-hit,41.916718,15.356404,907.760229,965.033351,0,0
33733,64,soft-hit,95.084912,34.696058,959.881963,1089.662933,0,0
33733,64,soft-hit,63.880127,16.648954,926.641245,1007.170326,0,0
33733,64,soft-hit,64.61997099999999,34.238027,928.264925,1027.122923,0,0
33733,64,soft-hit,60.413321,14.062088,928.064586,1002.539995,0,0
33733,64,soft-hit,67.385284,21.766063,931.335628,1020.486975,0,0
33733,64,soft-hit,55.267217,29.803826,919.351618,1004.422661,0,0
33733,64,soft-hit,65.167929,15.263918,929.305092,1009.7369389999999,0,0
33733,64,soft-hit,63.512835,14.073116,926.738896,1004.324847,0,0
33733,64,soft-hit,55.688014,75.429663,925.363194,1056.480871,0,0
33733,64,soft-hit,69.032512,14.592459,932.279815,1015.904786,0,0
33733,64,soft-hit,66.895604,34.767267,931.416827,1033.079698,0,0
33733,64,soft-hit,87.375404,14.128229,950.830996,1052.334629,0,0
33733,64,soft-hit,58.712462,16.601136,923.367459,998.681057,0,0
33733,64,soft-hit,53.557103,19.025799,917.609579,990.192481,0,0
33733,64,soft-hit,55.512611,14.357671,920.640993,990.511275,0,0
33733,64,soft-hit,44.817501,15.7936,908.30313,968.914231,0,0
33733,64,soft-hit,61.119161,16.88837,915.012997,993.020528,0,0
33733,64,soft-hit,42.818613,14.213437,907.606018,964.638068,0,0
33733,64,soft-hit,40.563593,36.548401,906.942862,984.054856,0,0
33733,64,soft-hit,58.901125,17.519149,923.458418,999.878692,0,0
33733,64,soft-hit,59.345032,14.282495,925.360847,998.988374,0,0
16491,134,miss,211.247749,61.810946,979.552027,0,1252.610722,0
16491,134,soft-hit,126.366176,16.429801,894.44986,1037.245837,0,0
16491,134,soft-hit,137.338832,38.052902,906.276341,1081.668075,0,0
16491,135,soft-hit,191.569686,17.095861,956.910932,1165.576479,0,0
16491,used GE,hit,0,15.793274,0,15.793274,0,0
16491,used GE,hit,0,19.699178,0,19.699178,0,0
16491,used GE,hit,0,17.182325,0,17.182325,0,0
16491,used GE,hit,0,29.372952,0,29.372952,0,0
16491,135,soft-hit,245.786042,20.309713,990.276091,1256.371846,0,0
16491,135,soft-hit,173.109163,16.922655,939.022504,1129.054322,0,0
16491,135,soft-hit,157.306443,16.631548,924.275383,1098.213374,0,0
16491,135,soft-hit,177.448361,29.284592,943.249697,1149.98265,0,0
16491,135,soft-hit,188.453719,17.030391,954.724564,1160.208674,0,0
16491,135,soft-hit,187.579505,17.676686,953.496292,1158.752483,0,0
16491,135,soft-hit,182.989339,62.104496,950.665307,1195.759142,0,0
16491,135,soft-hit,196.904618,16.696276,962.836762,1176.437656,0,0
16491,135,soft-hit,183.710753,99.131328,950.326654,1233.168735,0,0
16491,135,soft-hit,199.364066,16.292068,950.815532,1166.471666,0,0
16491,135,soft-hit,177.473873,89.966315,938.751293,1206.1914809999998,0,0
16491,135,soft-hit,204.41246,37.34675,969.539262,1211.298472,0,0
16491,135,soft-hit,209.336513,19.619738,975.505628,1204.461879,0,0
16491,135,soft-hit,177.418995,16.833196,945.205818,1139.458009,0,0
16491,135,soft-hit,226.131119,28.369876,993.127943,1247.6289379999998,0,0
16491,135,soft-hit,186.609169,28.728744,952.930345,1168.268258,0,0
16491,135,soft-hit,198.367926,69.165801,963.945473,1231.4792000000002,0,0
16491,135,soft-hit,186.90739,16.195849,950.584073,1153.687312,0,0
16491,135,soft-hit,201.422911,40.255177,966.406338,1208.084426,0,0
16491,135,soft-hit,240.608454,16.470073,8.076641,265.155168,0,0
16491,135,soft-hit,216.047942,17.252261,981.047397,1214.3476,0,0
16491,135,soft-hit,204.499767,40.791245,971.196601,1216.487613,0,0
16491,135,soft-hit,225.112164,34.922846,990.898154,1250.933164,0,0
16491,135,soft-hit,215.558224,16.790736,980.880875,1213.229835,0,0
16491,135,soft-hit,158.873411,15.861653,926.970298,1101.705362,0,0
16491,135,soft-hit,242.181356,15.979038,988.565848,1246.726242,0,0
29360,120,miss,719.130161,16.357023,502.202827,0,1237.6900110000001,0
29360,used GE,hit,0,41.688265,0,41.688265,0,0
29360,used GE,hit,0,16.875077,0,16.875077,0,0
29360,used GE,hit,0,86.394828,0,86.394828,0,0
29360,used GE,hit,0,20.037275,0,20.037275,0,0
29360,used GE,hit,0,99.184877,0,99.184877,0,0
29360,used GE,hit,0,20.153489,0,20.153489,0,0
29360,used GE,hit,0,19.526706,0,19.526706,0,0
29360,used GE,hit,0,19.291747,0,19.291747,0,0
29360,used GE,hit,0,86.770803,0,86.770803,0,0
29360,used GE,hit,0,20.245855,0,20.245855,0,0
29360,used GE,hit,0,62.106239,0,62.106239,0,0
29360,used GE,hit,0,21.667223,0,21.667223,0,0
29360,used GE,hit,0,29.706293,0,29.706293,0,0
29360,used GE,hit,0,19.625215,0,19.625215,0,0
29360,used GE,hit,0,18.531518,0,18.531518,0,0
29360,used GE,hit,0,19.875178,0,19.875178,0,0
29360,used GE,hit,0,22.000214,0,22.000214,0,0
29360,used GE,hit,0,18.726505,0,18.726505,0,0
29360,used GE,hit,0,21.648481,0,21.648481,0,0
29360,used GE,hit,0,18.243708,0,18.243708,0,0
29360,used GE,hit,0,31.666281,0,31.666281,0,0
29360,used GE,hit,0,65.110071,0,65.110071,0,0
29360,used GE,hit,0,27.978008,0,27.978008,0,0
29360,used GE,hit,0,18.887456,0,18.887456,0,0
29360,used GE,hit,0,20.331266,0,20.331266,0,0
29360,used GE,hit,0,51.487976,0,51.487976,0,0
29360,used GE,hit,0,32.233644,0,32.233644,0,0
29360,used GE,hit,0,34.496614,0,34.496614,0,0
29360,used GE,hit,0,40.843147,0,40.843147,0,0
29360,used GE,hit,0,18.888015,0,18.888015,0,0
29360,used GE,hit,0,19.542608,0,19.542608,0,0
29360,used GE,hit,0,38.356187,0,38.356187,0,0
29360,used GE,hit,0,18.967825,0,18.967825,0,0
27046,45,miss,503.325052,93.764167,399.242172,0,996.3313909999999,0
27046,45,soft-hit,492.465021,23.127554,388.768407,904.3609819999999,0,0
27046,45,soft-hit,498.771178,24.846974,406.810522,930.428674,0,0
27046,45,soft-hit,483.208133,12.209615,379.523526,874.941274,0,0
27046,45,soft-hit,489.232529,12.333243,387.627975,889.193747,0,0
27046,45,soft-hit,480.431362,19.300669,376.869422,876.601453,0,0
27046,45,soft-hit,481.181743,15.061905,377.25172,873.495368,0,0
27046,45,soft-hit,481.249563,12.756237,378.854707,872.8605070000001,0,0
27046,45,soft-hit,481.597002,25.498054,378.179075,885.274131,0,0
27046,45,soft-hit,487.266086,31.68108,383.525056,902.472222,0,0
27046,45,soft-hit,491.800241,12.984131,387.710834,892.495206,0,0
27046,45,soft-hit,528.815355,12.471632,425.324555,966.6115419999999,0,0
27046,45,soft-hit,487.737934,17.454959,384.804424,889.997317,0,0
27046,45,soft-hit,491.090091,42.594597,387.908138,921.5928260000001,0,0
27046,45,soft-hit,505.629287,27.308477,403.802785,936.7405489999999,0,0
27046,45,soft-hit,530.175624,18.422981,427.278609,975.877214,0,0
27046,45,soft-hit,480.147002,12.444489,377.922051,870.5135419999999,0,0
27046,45,soft-hit,487.670309,28.080664,382.891429,898.642402,0,0
27046,45,soft-hit,499.283759,12.448502,394.988434,906.720695,0,0
27046,45,soft-hit,493.298313,12.700183,391.084136,897.082632,0,0
27046,45,soft-hit,486.3359,27.23853,382.238694,895.813124,0,0
27046,45,soft-hit,491.760732,31.466527,388.327679,911.554938,0,0
27046,45,soft-hit,439.904063,10.325616,379.141636,829.3713150000001,0,0
27046,45,soft-hit,486.380974,22.629247,384.823983,893.834204,0,0
27046,45,soft-hit,486.535823,22.017441,384.006656,892.55992,0,0
27046,45,soft-hit,487.691167,31.534263,383.923439,903.148869,0,0
27046,45,soft-hit,482.192081,12.510985,379.919323,874.622389,0,0
27046,45,soft-hit,484.813114,15.071643,381.300142,881.184899,0,0
27046,45,soft-hit,481.186342,71.345695,378.960163,931.4922000000001,0,0
27046,45,soft-hit,494.177378,12.696198,389.763824,896.6374,0,0
27046,45,soft-hit,491.487975,12.651198,387.860359,891.999532,0,0
27046,45,soft-hit,502.573075,21.894125,399.576505,924.043705,0,0
27046,45,soft-hit,488.393218,12.432218,385.310679,886.136115,0,0
27046,45,soft-hit,518.622742,12.309572,417.133118,948.0654320000001,0,0
36373,51,miss,672.817726,13.034392,559.495855,0,1245.347973,0
36373,51,soft-hit,691.935747,33.331412,579.708559,1304.9757180000001,0,0
36373,51,soft-hit,672.17773,13.404561,559.409997,1244.992288,0,0
36373,51,soft-hit,678.739225,12.872451,564.108489,1255.720165,0,0
36373,51,soft-hit,664.81437,13.307362,553.611297,1231.733029,0,0
36373,51,soft-hit,672.554568,12.905689,560.889616,1246.3498730000001,0,0
36373,51,soft-hit,638.640049,59.527845,571.953931,1270.121825,0,0
36373,51,soft-hit,628.668739,22.310042,565.062498,1216.041279,0,0
36373,51,soft-hit,632.495244,11.022909,569.498117,1213.01627,0,0
36373,51,soft-hit,655.80214,15.078609,576.150376,1247.031125,0,0
36373,51,soft-hit,648.481689,12.747407,552.200968,1213.430064,0,0
36373,51,soft-hit,630.989741,11.274651,566.345487,1208.609879,0,0
36373,51,soft-hit,622.55844,11.631716,560.452652,1194.642808,0,0
36373,51,soft-hit,682.578358,12.732621,572.118107,1267.429086,0,0
36373,51,soft-hit,690.20947,30.515907,581.073249,1301.798626,0,0
36373,51,soft-hit,665.348973,17.14218,551.943495,1234.434648,0,0
36373,51,soft-hit,628.999977,21.034685,563.812792,1213.8474539999997,0,0
36373,51,soft-hit,665.997,13.096827,555.018818,1234.112645,0,0
36373,51,soft-hit,646.480221,33.578056,554.607268,1234.6655449999998,0,0
36373,51,soft-hit,619.861746,11.337086,558.165132,1189.3639640000001,0,0
36373,51,soft-hit,691.50439,12.879767,579.226262,1283.610419,0,0
36373,51,soft-hit,649.354493,12.069918,555.244301,1216.6687120000001,0,0
36373,51,soft-hit,648.205113,27.26571,552.52643,1227.997253,0,0
36373,51,soft-hit,647.496411,72.289574,576.186119,1295.972104,0,0
36373,51,soft-hit,620.702916,10.745591,550.884832,1182.3333389999998,0,0
36373,51,soft-hit,680.37333,11.436475,551.851136,1243.660941,0,0
36373,51,soft-hit,672.023836,27.871721,560.007441,1259.902998,0,0
36373,51,soft-hit,668.124909,15.466382,556.109037,1239.700328,0,0
36373,51,soft-hit,671.633851,17.062932,564.415206,1253.111989,0,0
36373,51,soft-hit,676.337107,52.063411,563.466863,1291.867381,0,0
36373,51,soft-hit,679.952068,12.990627,566.890993,1259.8336880000002,0,0
36373,51,soft-hit,662.694085,15.044338,560.133359,1237.8717820000002,0,0
36373,51,soft-hit,689.823619,56.097177,578.639007,1324.559803,0,0
3756,50,miss,653.117909,77.695444,540.803884,0,1271.617237,0
3756,used GE,hit,0,51.557491,0,51.557491,0,0
3756,used GE,hit,0,16.501873,0,16.501873,0,0
3756,used GE,hit,0,15.927546,0,15.927546,0,0
3756,used GE,hit,0,14.981631,0,14.981631,0,0
3756,used GE,hit,0,14.055975,0,14.055975,0,0
3756,used GE,hit,0,35.428157,0,35.428157,0,0
3756,used GE,hit,0,15.935931,0,15.935931,0,0
3756,used GE,hit,0,71.012508,0,71.012508,0,0
3756,used GE,hit,0,16.626391,0,16.626391,0,0
3756,used GE,hit,0,15.780754,0,15.780754,0,0
3756,used GE,hit,0,24.349713,0,24.349713,0,0
3756,used GE,hit,0,34.91314,0,34.91314,0,0
3756,used GE,hit,0,39.193129,0,39.193129,0,0
3756,used GE,hit,0,16.652814,0,16.652814,0,0
3756,used GE,hit,0,15.591735,0,15.591735,0,0
3756,used GE,hit,0,16.760877,0,16.760877,0,0
3756,used GE,hit,0,15.937656,0,15.937656,0,0
3756,used GE,hit,0,15.915848,0,15.915848,0,0
3756,used GE,hit,0,16.763475,0,16.763475,0,0
3756,used GE,hit,0,17.657488,0,17.657488,0,0
3756,used GE,hit,0,26.067155,0,26.067155,0,0
3756,used GE,hit,0,16.050889,0,16.050889,0,0
3756,used GE,hit,0,14.852105,0,14.852105,0,0
3756,used GE,hit,0,26.351808,0,26.351808,0,0
3756,used GE,hit,0,29.242533,0,29.242533,0,0
3756,used GE,hit,0,36.298416,0,36.298416,0,0
3756,used GE,hit,0,12.539667,0,12.539667,0,0
3756,used GE,hit,0,12.877552,0,12.877552,0,0
3756,used GE,hit,0,23.76261,0,23.76261,0,0
3756,used GE,hit,0,13.61057,0,13.61057,0,0
3756,used GE,hit,0,20.643344,0,20.643344,0,0
3756,used GE,hit,0,40.296821,0,40.296821,0,0
16228,47,miss,552.278824,24.574381,445.719059,0,1022.572264,0
16228,47,soft-hit,551.099147,36.191502,445.378853,1032.669502,0,0
16228,47,soft-hit,549.306573,20.763594,443.040287,1013.1104539999999,0,0
16228,47,soft-hit,554.823159,13.437513,448.947785,1017.2084570000001,0,0
16228,47,soft-hit,556.680887,12.732116,450.449057,1019.8620599999999,0,0
16228,47,soft-hit,564.333548,36.0739,455.92065,1056.328098,0,0
16228,47,soft-hit,554.864396,13.020664,446.735674,1014.6207340000001,0,0
16228,47,soft-hit,557.155958,26.859203,450.752022,1034.767183,0,0
16228,47,soft-hit,557.606393,12.539313,451.391636,1021.5373420000001,0,0
16228,47,soft-hit,565.986302,15.22452,459.478522,1040.689344,0,0
16228,47,soft-hit,570.476697,12.652582,462.81002,1045.939299,0,0
16228,47,soft-hit,570.14436,30.570408,463.970439,1064.685207,0,0
16228,47,soft-hit,560.838383,12.914185,455.051354,1028.803922,0,0
16228,47,soft-hit,565.836791,12.789691,459.849811,1038.476293,0,0
16228,47,soft-hit,552.00298,12.389996,444.9018,1009.294776,0,0
16228,47,soft-hit,547.628489,12.753242,443.568351,1003.950082,0,0
16228,47,soft-hit,567.945132,32.54518,446.132504,1046.622816,0,0
16228,47,soft-hit,546.342816,42.680839,453.85335,1042.8770049999998,0,0
16228,47,soft-hit,558.648117,44.006588,451.43203,1054.0867349999999,0,0
16228,47,soft-hit,562.433021,12.77754,454.792937,1030.003498,0,0
16228,47,soft-hit,567.026156,13.939096,459.011501,1039.976753,0,0
16228,47,soft-hit,560.238402,36.657681,456.151371,1053.047454,0,0
16228,47,soft-hit,553.530047,24.739951,447.817649,1026.087647,0,0
16228,47,soft-hit,587.335566,33.600519,480.429731,1101.365816,0,0
16228,47,soft-hit,561.962406,13.07246,454.131934,1029.1668,0,0
16228,47,soft-hit,556.763768,12.401132,449.369457,1018.534357,0,0
16228,47,soft-hit,558.007228,12.659948,450.818848,1021.486024,0,0
16228,47,soft-hit,566.196255,44.929911,459.040581,1070.166747,0,0
16228,47,soft-hit,567.597399,19.407766,460.824932,1047.830097,0,0
16228,47,soft-hit,554.048775,19.540997,448.204063,1021.793835,0,0
16228,47,soft-hit,572.275828,12.758639,465.97133,1051.005797,0,0
16228,47,soft-hit,551.691874,20.39365,444.705903,1016.7914269999999,0,0
16228,47,soft-hit,552.244095,48.843168,445.130745,1046.218008,0,0
17290,40,miss,340.21514,12.843028,244.740819,0,597.798987,0
17290,used GE,hit,0,11.866707,0,11.866707,0,0
17290,used GE,hit,0,12.741724,0,12.741724,0,0
17290,used GE,hit,0,34.406692,0,34.406692,0,0
17290,used GE,hit,0,28.392524,0,28.392524,0,0
17290,used GE,hit,0,14.168347,0,14.168347,0,0
17290,used GE,hit,0,19.311384,0,19.311384,0,0
17290,used GE,hit,0,12.928967,0,12.928967,0,0
17290,used GE,hit,0,13.697077,0,13.697077,0,0
17290,used GE,hit,0,27.865552,0,27.865552,0,0
17290,used GE,hit,0,28.326124,0,28.326124,0,0
17290,used GE,hit,0,14.224362,0,14.224362,0,0
17290,used GE,hit,0,21.396009,0,21.396009,0,0
17290,used GE,hit,0,44.852172,0,44.852172,0,0
17290,used GE,hit,0,14.233326,0,14.233326,0,0
17290,used GE,hit,0,13.469746,0,13.469746,0,0
17290,used GE,hit,0,13.459848,0,13.459848,0,0
17290,used GE,hit,0,13.515961,0,13.515961,0,0
17290,used GE,hit,0,13.82895,0,13.82895,0,0
17290,used GE,hit,0,13.639408,0,13.639408,0,0
17290,used GE,hit,0,26.812565,0,26.812565,0,0
17290,used GE,hit,0,33.769169,0,33.769169,0,0
17290,used GE,hit,0,20.984437,0,20.984437,0,0
17290,used GE,hit,0,13.149196,0,13.149196,0,0
17290,used GE,hit,0,35.498613,0,35.498613,0,0
17290,used GE,hit,0,12.886276,0,12.886276,0,0
17290,used GE,hit,0,12.646076,0,12.646076,0,0
17290,used GE,hit,0,18.03749,0,18.03749,0,0
17290,used GE,hit,0,13.152327,0,13.152327,0,0
17290,used GE,hit,0,38.684843,0,38.684843,0,0
17290,used GE,hit,0,13.512036,0,13.512036,0,0
17290,used GE,hit,0,12.682201,0,12.682201,0,0
17290,used GE,hit,0,25.119384,0,25.119384,0,0
22235,48,miss,587.150855,18.25126,478.520978,0,1083.9230929999999,0
22235,48,soft-hit,586.297138,48.064392,478.356744,1112.7182739999998,0,0
22235,48,soft-hit,602.596374,14.207066,493.125126,1109.928566,0,0
22235,48,soft-hit,601.002798,13.813794,492.358554,1107.175146,0,0
22235,48,soft-hit,602.06861,20.724531,492.679174,1115.472315,0,0
22235,48,soft-hit,602.214798,14.21182,494.204013,1110.630631,0,0
22235,48,soft-hit,592.672902,34.890131,489.243816,1116.806849,0,0
22235,48,soft-hit,597.080834,12.887886,478.984902,1088.953622,0,0
22235,48,soft-hit,595.787355,30.056503,487.64777,1113.491628,0,0
22235,48,soft-hit,610.62812,13.519786,499.872116,1124.020022,0,0
22235,48,soft-hit,586.635424,41.927877,477.897791,1106.461092,0,0
22235,48,soft-hit,593.170756,16.569646,484.991307,1094.731709,0,0
22235,48,soft-hit,586.295491,15.770867,477.982017,1080.0483749999999,0,0
22235,48,soft-hit,587.758988,14.354954,478.700544,1080.814486,0,0
22235,48,soft-hit,588.551092,13.963146,479.352011,1081.8662490000002,0,0
22235,48,soft-hit,597.360184,13.942351,489.247528,1100.550063,0,0
22235,48,soft-hit,593.961089,51.567561,484.478908,1130.007558,0,0
22235,48,soft-hit,599.98515,57.505962,490.270087,1147.761199,0,0
22235,48,soft-hit,597.002373,24.477547,488.544778,1110.0246980000002,0,0
22235,48,soft-hit,591.515705,13.659392,481.034956,1086.210053,0,0
22235,48,soft-hit,596.069023,36.980087,487.645337,1120.6944469999999,0,0
22235,48,soft-hit,586.916526,30.387139,478.949909,1096.2535739999998,0,0
22235,48,soft-hit,596.557508,17.825891,487.93508,1102.318479,0,0
22235,48,soft-hit,589.34629,83.786562,480.465743,1153.598595,0,0
22235,48,soft-hit,596.122628,29.104132,486.880591,1112.107351,0,0
22235,48,soft-hit,598.973046,24.245315,490.423948,1113.6423089999998,0,0
22235,48,soft-hit,616.23675,12.336701,491.019062,1119.592513,0,0
22235,48,soft-hit,613.616376,14.662281,500.067816,1128.346473,0,0
22235,48,soft-hit,591.593577,13.766022,481.240607,1086.600206,0,0
22235,48,soft-hit,588.606391,13.810927,480.666463,1083.083781,0,0
22235,48,soft-hit,607.66488,50.971265,503.211207,1161.847352,0,0
22235,48,soft-hit,597.743496,17.811647,490.249417,1105.80456,0,0
22235,48,soft-hit,589.391991,13.62481,480.959339,1083.97614,0,0
10479,66,miss,137.501613,31.263414,998.279337,0,1167.0443639999999,0
10479,used GE,hit,0,38.425953,0,38.425953,0,0
10479,used GE,hit,0,22.132488,0,22.132488,0,0
10479,used GE,hit,0,18.492327,0,18.492327,0,0
10479,used GE,hit,0,23.801145,0,23.801145,0,0
10479,used GE,hit,0,19.088801,0,19.088801,0,0
10479,used GE,hit,0,17.145697,0,17.145697,0,0
10479,used GE,hit,0,18.514935,0,18.514935,0,0
10479,used GE,hit,0,15.523527,0,15.523527,0,0
10479,used GE,hit,0,15.390077,0,15.390077,0,0
10479,used GE,hit,0,36.338047,0,36.338047,0,0
10479,used GE,hit,0,17.098119,0,17.098119,0,0
10479,used GE,hit,0,16.32082,0,16.32082,0,0
10479,used GE,hit,0,16.187312,0,16.187312,0,0
10479,used GE,hit,0,16.240883,0,16.240883,0,0
10479,used GE,hit,0,18.155364,0,18.155364,0,0
10479,used GE,hit,0,25.691743,0,25.691743,0,0
10479,used GE,hit,0,17.544917,0,17.544917,0,0
10479,used GE,hit,0,253.251961,0,253.251961,0,0
10479,used GE,hit,0,19.879629,0,19.879629,0,0
10479,used GE,hit,0,17.763055,0,17.763055,0,0
10479,67,soft-hit,189.409126,33.812919,48.592956,271.815001,0,0
10479,used GE,hit,0,17.621012,0,17.621012,0,0
10479,used GE,hit,0,15.336819,0,15.336819,0,0
10479,used GE,hit,0,27.577984,0,27.577984,0,0
10479,used GE,hit,0,37.056175,0,37.056175,0,0
10479,used GE,hit,0,14.571412,0,14.571412,0,0
10479,used GE,hit,0,17.636522,0,17.636522,0,0
10479,used GE,hit,0,14.635989,0,14.635989,0,0
10479,used GE,hit,0,27.332627,0,27.332627,0,0
10479,used GE,hit,0,16.419832,0,16.419832,0,0
10479,used GE,hit,0,16.04918,0,16.04918,0,0
10479,used GE,hit,0,16.130989,0,16.130989,0,0
30077,68,miss,221.500132,14.48066,81.49543,0,317.476222,0
30077,used GE,hit,0,12.905633,0,12.905633,0,0
30077,used GE,hit,0,65.905583,0,65.905583,0,0
30077,used GE,hit,0,38.324375,0,38.324375,0,0
30077,used GE,hit,0,17.306021,0,17.306021,0,0
30077,used GE,hit,0,16.211683,0,16.211683,0,0
30077,used GE,hit,0,16.299389,0,16.299389,0,0
30077,used GE,hit,0,28.636633,0,28.636633,0,0
30077,used GE,hit,0,16.739731,0,16.739731,0,0
30077,used GE,hit,0,48.154286,0,48.154286,0,0
30077,used GE,hit,0,17.603943,0,17.603943,0,0
30077,used GE,hit,0,15.904892,0,15.904892,0,0
30077,used GE,hit,0,15.324449,0,15.324449,0,0
30077,used GE,hit,0,16.018471,0,16.018471,0,0
30077,used GE,hit,0,36.14662,0,36.14662,0,0
30077,used GE,hit,0,16.300975,0,16.300975,0,0
30077,used GE,hit,0,15.743397,0,15.743397,0,0
30077,used GE,hit,0,14.882752,0,14.882752,0,0
30077,used GE,hit,0,17.732299,0,17.732299,0,0
30077,used GE,hit,0,15.898809,0,15.898809,0,0
30077,used GE,hit,0,14.762794,0,14.762794,0,0
30077,used GE,hit,0,15.15057,0,15.15057,0,0
30077,used GE,hit,0,14.132208,0,14.132208,0,0
30077,used GE,hit,0,29.10059,0,29.10059,0,0
30077,used GE,hit,0,64.659539,0,64.659539,0,0
30077,used GE,hit,0,18.88082,0,18.88082,0,0
30077,used GE,hit,0,16.75439,0,16.75439,0,0
30077,used GE,hit,0,16.930099,0,16.930099,0,0
30077,used GE,hit,0,15.751836,0,15.751836,0,0
30077,used GE,hit,0,15.454348,0,15.454348,0,0
30077,used GE,hit,0,35.794833,0,35.794833,0,0
30077,used GE,hit,0,16.574831,0,16.574831,0,0
30077,used GE,hit,0,15.632907,0,15.632907,0,0
496,58,miss,917.223338,25.573404,792.044753,0,1734.8414950000001,0
496,58,soft-hit,930.737325,15.827415,788.932704,1735.497444,0,0
496,58,soft-hit,904.554743,17.200734,777.264065,1699.019542,0,0
496,58,soft-hit,917.877513,15.069975,791.216089,1724.163577,0,0
496,58,soft-hit,943.904719,16.690347,819.401371,1779.996437,0,0
496,58,soft-hit,901.004797,17.190106,774.94064,1693.135543,0,0
496,58,soft-hit,901.217429,99.974344,774.798074,1775.989847,0,0
496,58,soft-hit,903.053951,31.724656,774.903001,1709.6816079999999,0,0
496,58,soft-hit,906.194047,14.396544,779.530981,1700.121572,0,0
496,58,soft-hit,913.0429,58.136339,787.385445,1758.564684,0,0
496,58,soft-hit,907.763202,37.354515,780.941831,1726.059548,0,0
496,58,soft-hit,910.228613,30.997059,784.064371,1725.290043,0,0
496,58,soft-hit,909.586287,24.169643,784.203942,1717.959872,0,0
496,58,soft-hit,902.269608,14.185502,776.5859,1693.04101,0,0
496,58,soft-hit,908.367995,25.892406,782.712317,1716.972718,0,0
496,58,soft-hit,902.021252,22.691403,777.322106,1702.034761,0,0
496,58,soft-hit,957.263281,14.988253,832.699241,1804.950775,0,0
496,58,soft-hit,922.388796,25.530368,796.105119,1744.0242829999997,0,0
496,58,soft-hit,918.987622,30.383003,779.470463,1728.8410880000001,0,0
496,58,soft-hit,918.633374,54.866759,794.979706,1768.479839,0,0
496,58,soft-hit,900.457135,19.54839,775.057266,1695.062791,0,0
496,58,soft-hit,902.717319,14.034216,776.561463,1693.3129979999999,0,0
496,58,soft-hit,899.773649,14.576388,776.079052,1690.429089,0,0
496,58,soft-hit,901.91638,14.204923,776.006833,1692.128136,0,0
496,58,soft-hit,901.531366,28.085079,775.902091,1705.518536,0,0
496,58,soft-hit,911.177304,14.23242,785.725673,1711.135397,0,0
496,58,soft-hit,921.641304,14.326554,795.536242,1731.5041,0,0
496,58,soft-hit,922.312689,24.994661,796.360884,1743.668234,0,0
496,58,soft-hit,904.106289,14.186762,779.331852,1697.624903,0,0
496,58,soft-hit,905.483397,38.649956,779.404102,1723.537455,0,0
496,58,soft-hit,903.520386,14.680479,778.059395,1696.26026,0,0
496,58,soft-hit,903.38894,37.17863,777.88334,1718.45091,0,0
496,58,soft-hit,901.788973,14.167982,777.271528,1693.228483,0,0
2045,55,miss,831.453164,14.196664,710.515172,0,1556.165,0
2045,55,soft-hit,830.628187,14.550831,709.042993,1554.222011,0,0
2045,55,soft-hit,853.358042,29.704893,714.543867,1597.6068019999998,0,0
2045,55,soft-hit,829.72888,21.261503,709.627732,1560.618115,0,0
2045,55,soft-hit,817.582495,36.613402,694.450317,1548.6462139999999,0,0
2045,55,soft-hit,830.974258,15.200909,708.468648,1554.643815,0,0
2045,55,soft-hit,813.755064,14.318793,692.637961,1520.711818,0,0
2045,55,soft-hit,813.402429,14.182143,691.724519,1519.309091,0,0
2045,55,soft-hit,811.543025,14.419316,692.281941,1518.2442819999999,0,0
2045,55,soft-hit,825.132291,13.954303,708.944426,1548.03102,0,0
2045,55,soft-hit,829.541726,14.299919,708.448358,1552.290003,0,0
2045,55,soft-hit,837.957829,14.588765,718.010243,1570.5568369999999,0,0
2045,55,soft-hit,819.015079,14.336979,695.841849,1529.193907,0,0
2045,55,soft-hit,824.220916,14.298964,703.010496,1541.530376,0,0
2045,55,soft-hit,816.212483,14.411324,696.817999,1527.441806,0,0
2045,55,soft-hit,825.687949,14.387198,708.166553,1548.2417,0,0
2045,55,soft-hit,837.157869,945.649379,717.370957,2500.178205,0,0
2045,55,soft-hit,819.100471,14.22011,698.023205,1531.343786,0,0
2045,55,soft-hit,825.0947,14.231288,704.134806,1543.460794,0,0
2045,55,soft-hit,848.916214,26.863155,728.608385,1604.3877539999999,0,0
2045,55,soft-hit,849.805971,14.975336,713.913611,1578.694918,0,0
2045,55,soft-hit,897.069717,13.704201,774.747973,1685.5218909999999,0,0
2045,55,soft-hit,847.747843,14.338736,726.276498,1588.363077,0,0
2045,55,soft-hit,815.326411,32.576399,694.54344,1542.44625,0,0
2045,55,soft-hit,829.98649,957.200297,709.202276,2496.3890629999996,0,0
2045,55,soft-hit,844.727821,19.460048,724.106806,1588.294675,0,0
2045,55,soft-hit,840.188508,26.243609,719.503088,1585.935205,0,0
2045,55,soft-hit,849.064144,35.976159,728.042887,1613.08319,0,0
2045,55,soft-hit,825.337104,15.055878,705.184467,1545.577449,0,0
2045,55,soft-hit,818.530615,14.945875,696.996697,1530.473187,0,0
2045,55,soft-hit,822.557117,14.203905,701.734788,1538.49581,0,0
2045,55,soft-hit,823.513103,13.885526,703.517283,1540.915912,0,0
2045,55,soft-hit,820.814936,29.08156,699.20675,1549.1032460000001,0,0
9674,101,miss,222.81183,29.884288,36.709743,0,289.40586099999996,0
9674,101,soft-hit,227.697501,51.479113,43.380268,322.556882,0,0
9674,101,soft-hit,255.695699,15.663359,67.174662,338.53372,0,0
9674,101,soft-hit,231.474293,46.462359,36.031847,313.96849899999995,0,0
9674,101,soft-hit,225.552163,15.267884,32.978576000000004,273.798623,0,0
9674,101,soft-hit,239.277907,15.503451,52.415648,307.197006,0,0
9674,101,soft-hit,234.78349,23.376518,45.216236,303.376244,0,0
9674,101,soft-hit,238.76559,16.070779,52.472449,307.308818,0,0
9674,101,soft-hit,248.403456,26.96029,60.188011,335.551757,0,0
9674,101,soft-hit,233.004606,15.045439,44.864535,292.91458,0,0
9674,101,soft-hit,245.571659,15.473385,58.575735,319.620779,0,0
9674,101,soft-hit,273.015466,15.419268,83.686711,372.121445,0,0
9674,101,soft-hit,230.682663,44.845218,40.350618,315.878499,0,0
9674,101,soft-hit,249.038948,15.26745,60.896681,325.203079,0,0
9674,101,soft-hit,295.480121,28.831679,99.688903,424.000703,0,0
9674,101,soft-hit,235.802077,17.8038,50.07368,303.679557,0,0
9674,101,soft-hit,248.523968,19.271404,62.935767,330.731139,0,0
9674,101,soft-hit,248.561464,16.619869,61.392419,326.573752,0,0
9674,101,soft-hit,266.423434,16.283457,79.593136,362.300027,0,0
9674,101,soft-hit,235.98525,14.95174,49.074741,300.011731,0,0
9674,101,soft-hit,258.211973,15.110969,73.348257,346.671199,0,0
9674,101,soft-hit,247.648054,15.331223,62.169815,325.149092,0,0
9674,101,soft-hit,249.237516,14.94677,60.296222,324.480508,0,0
9674,101,soft-hit,240.117695,38.014323,54.504077,332.636095,0,0
9674,101,soft-hit,280.980009,14.878019,94.609782,390.46781,0,0
9674,101,soft-hit,262.342907,57.862056,74.67911,394.88407300000006,0,0
9674,101,soft-hit,275.39274,18.029161,90.473602,383.895503,0,0
9674,101,soft-hit,246.833332,16.326542,60.87148,324.031354,0,0
9674,101,soft-hit,251.209526,15.451257,64.00444999999999,330.665233,0,0
9674,101,soft-hit,261.661309,27.083446,77.155093,365.899848,0,0
9674,101,soft-hit,264.636257,15.44774,79.52422,359.60821699999997,0,0
9674,101,soft-hit,237.350926,15.030815,50.233301,302.615042,0,0
9674,101,soft-hit,226.935324,15.221573,37.734396,279.891293,0,0
16776,119,miss,819.396149,16.085712,610.127331,0,1445.609192,0
16776,used GE,hit,0,16.220649,0,16.220649,0,0
16776,used GE,hit,0,15.942502,0,15.942502,0,0
16776,used GE,hit,0,40.701485,0,40.701485,0,0
16776,used GE,hit,0,39.354628,0,39.354628,0,0
16776,used GE,hit,0,18.767647,0,18.767647,0,0
16776,used GE,hit,0,18.771605,0,18.771605,0,0
16776,used GE,hit,0,43.477205,0,43.477205,0,0
16776,used GE,hit,0,34.956026,0,34.956026,0,0
16776,used GE,hit,0,19.037738,0,19.037738,0,0
16776,used GE,hit,0,18.506904,0,18.506904,0,0
16776,used GE,hit,0,21.540652,0,21.540652,0,0
16776,used GE,hit,0,19.118385,0,19.118385,0,0
16776,used GE,hit,0,18.292583,0,18.292583,0,0
16776,used GE,hit,0,51.239071,0,51.239071,0,0
16776,used GE,hit,0,26.028106,0,26.028106,0,0
16776,used GE,hit,0,14.039296,0,14.039296,0,0
16776,used GE,hit,0,18.430367,0,18.430367,0,0
16776,used GE,hit,0,13.690073,0,13.690073,0,0
16776,used GE,hit,0,22.605411,0,22.605411,0,0
16776,used GE,hit,0,13.344244,0,13.344244,0,0
16776,used GE,hit,0,14.202389,0,14.202389,0,0
16776,used GE,hit,0,42.917294,0,42.917294,0,0
16776,used GE,hit,0,23.746092,0,23.746092,0,0
16776,used GE,hit,0,13.764291,0,13.764291,0,0
16776,used GE,hit,0,14.334523,0,14.334523,0,0
16776,used GE,hit,0,33.434054,0,33.434054,0,0
16776,used GE,hit,0,13.981289,0,13.981289,0,0
16776,used GE,hit,0,13.992463,0,13.992463,0,0
16776,used GE,hit,0,12.959847,0,12.959847,0,0
16776,used GE,hit,0,18.300169,0,18.300169,0,0
16776,used GE,hit,0,14.066849,0,14.066849,0,0
16776,used GE,hit,0,13.610882,0,13.610882,0,0
4415,108,miss,453.629864,26.689463,263.654039,0,743.9733659999999,0
4415,used GE,hit,0,18.11066,0,18.11066,0,0
4415,used GE,hit,0,18.260099,0,18.260099,0,0
4415,used GE,hit,0,17.209651,0,17.209651,0,0
4415,used GE,hit,0,23.134527,0,23.134527,0,0
4415,used GE,hit,0,24.483265,0,24.483265,0,0
4415,used GE,hit,0,18.246142,0,18.246142,0,0
4415,used GE,hit,0,17.670193,0,17.670193,0,0
4415,used GE,hit,0,32.497561,0,32.497561,0,0
4415,used GE,hit,0,29.314663,0,29.314663,0,0
4415,used GE,hit,0,21.389811,0,21.389811,0,0
4415,used GE,hit,0,18.181476,0,18.181476,0,0
4415,used GE,hit,0,17.939198,0,17.939198,0,0
4415,used GE,hit,0,109.773619,0,109.773619,0,0
4415,used GE,hit,0,42.385997,0,42.385997,0,0
4415,used GE,hit,0,20.744077,0,20.744077,0,0
4415,used GE,hit,0,20.155357,0,20.155357,0,0
4415,used GE,hit,0,19.824759,0,19.824759,0,0
4415,used GE,hit,0,19.184531,0,19.184531,0,0
4415,used GE,hit,0,18.545952,0,18.545952,0,0
4415,used GE,hit,0,18.364052,0,18.364052,0,0
4415,used GE,hit,0,37.900541,0,37.900541,0,0
4415,used GE,hit,0,35.123431,0,35.123431,0,0
4415,used GE,hit,0,20.329479,0,20.329479,0,0
4415,used GE,hit,0,19.06678,0,19.06678,0,0
4415,used GE,hit,0,40.028621,0,40.028621,0,0
4415,used GE,hit,0,21.130296,0,21.130296,0,0
4415,used GE,hit,0,29.557268,0,29.557268,0,0
4415,used GE,hit,0,19.640204,0,19.640204,0,0
4415,used GE,hit,0,19.66181,0,19.66181,0,0
4415,used GE,hit,0,18.296997,0,18.296997,0,0
4415,used GE,hit,0,42.629593,0,42.629593,0,0
4415,used GE,hit,0,27.427398,0,27.427398,0,0
7802,100,miss,205.735851,56.34451,19.169887,0,281.250248,0
7802,used GE,hit,0,17.724255,0,17.724255,0,0
7802,used GE,hit,0,29.32755,0,29.32755,0,0
7802,used GE,hit,0,38.990189,0,38.990189,0,0
7802,used GE,hit,0,79.05234,0,79.05234,0,0
7802,used GE,hit,0,20.197856,0,20.197856,0,0
7802,used GE,hit,0,19.647547,0,19.647547,0,0
7802,used GE,hit,0,47.188267,0,47.188267,0,0
7802,used GE,hit,0,52.042187,0,52.042187,0,0
7802,used GE,hit,0,20.86247,0,20.86247,0,0
7802,101,soft-hit,247.000622,54.224446,59.996561,361.221629,0,0
7802,used GE,hit,0,18.464817,0,18.464817,0,0
7802,used GE,hit,0,25.442906,0,25.442906,0,0
7802,used GE,hit,0,18.051222,0,18.051222,0,0
7802,used GE,hit,0,34.114491,0,34.114491,0,0
7802,used GE,hit,0,18.575976,0,18.575976,0,0
7802,used GE,hit,0,25.462138,0,25.462138,0,0
7802,used GE,hit,0,19.445567,0,19.445567,0,0
7802,used GE,hit,0,23.165083,0,23.165083,0,0
7802,used GE,hit,0,35.814078,0,35.814078,0,0
7802,used GE,hit,0,30.894272,0,30.894272,0,0
7802,used GE,hit,0,18.839778,0,18.839778,0,0
7802,used GE,hit,0,18.796499,0,18.796499,0,0
7802,used GE,hit,0,18.572319,0,18.572319,0,0
7802,used GE,hit,0,24.025185,0,24.025185,0,0
7802,used GE,hit,0,19.084872,0,19.084872,0,0
7802,used GE,hit,0,32.277545,0,32.277545,0,0
7802,used GE,hit,0,18.979386,0,18.979386,0,0
7802,used GE,hit,0,18.547262,0,18.547262,0,0
7802,used GE,hit,0,24.227926,0,24.227926,0,0
7802,used GE,hit,0,52.19282,0,52.19282,0,0
7802,used GE,hit,0,23.071188,0,23.071188,0,0
7802,used GE,hit,0,66.621047,0,66.621047,0,0
7208,54,miss,804.296335,32.132124,686.253892,0,1522.682351,0
7208,54,soft-hit,830.585279,13.108885,712.648781,1556.3429449999999,0,0
7208,54,soft-hit,810.498561,13.217248,693.391072,1517.1068810000002,0,0
7208,54,soft-hit,807.342269,13.651091,689.762957,1510.7563169999999,0,0
7208,54,soft-hit,804.597794,16.651272,688.17789,1509.426956,0,0
7208,54,soft-hit,794.03946,15.697156,699.55523,1509.291846,0,0
7208,54,soft-hit,834.914164,12.948771,715.908376,1563.771311,0,0
7208,54,soft-hit,809.21816,13.432138,692.128969,1514.779267,0,0
7208,54,soft-hit,802.888675,63.946875,684.929736,1551.765286,0,0
7208,54,soft-hit,829.517476,13.088276,712.295001,1554.900753,0,0
7208,54,soft-hit,807.130677,12.928003,689.356587,1509.4152669999999,0,0
7208,54,soft-hit,803.167099,12.982604,685.791041,1501.940744,0,0
7208,54,soft-hit,797.457978,12.833101,680.097301,1490.3883799999999,0,0
7208,54,soft-hit,803.500049,25.087972,685.775576,1514.363597,0,0
7208,54,soft-hit,815.805935,25.210788,697.228888,1538.2456109999998,0,0
7208,54,soft-hit,802.999921,13.264454,686.070428,1502.334803,0,0
7208,54,soft-hit,815.739326,27.485136,697.619678,1540.8441400000002,0,0
7208,54,soft-hit,813.663015,69.923131,695.118997,1578.7051430000001,0,0
7208,54,soft-hit,799.026397,13.783928,681.138512,1493.948837,0,0
7208,54,soft-hit,802.969984,31.289534,685.519142,1519.77866,0,0
7208,54,soft-hit,803.412166,15.832924,680.546277,1499.791367,0,0
7208,54,soft-hit,808.746551,13.233397,690.061845,1512.0417929999999,0,0
7208,54,soft-hit,813.54655,13.291815,696.446966,1523.285331,0,0
7208,54,soft-hit,820.967658,13.199312,700.058391,1534.225361,0,0
7208,54,soft-hit,810.250314,14.310883,691.2253,1515.786497,0,0
7208,54,soft-hit,819.648376,13.027423,703.221474,1535.897273,0,0
7208,54,soft-hit,811.164338,18.000259,693.04918,1522.213777,0,0
7208,54,soft-hit,802.192643,13.045849,684.305457,1499.5439489999999,0,0
7208,54,soft-hit,811.181583,13.158938,693.442878,1517.783399,0,0
7208,54,soft-hit,805.067379,12.882454,686.459983,1504.4098159999999,0,0
7208,54,soft-hit,803.285344,25.252891,686.491494,1515.0297289999999,0,0
7208,54,soft-hit,821.844612,63.888073,703.35506,1589.0877449999998,0,0
7208,54,soft-hit,812.524204,17.962472,695.065069,1525.5517450000002,0,0
29156,48,miss,635.77221,18.273463,529.193228,0,1183.238901,0
29156,48,soft-hit,626.066173,11.816848,518.925532,1156.808553,0,0
29156,48,soft-hit,636.4647,14.010616,529.651599,1180.126915,0,0
29156,48,soft-hit,618.613444,12.97906,513.091962,1144.684466,0,0
29156,48,soft-hit,618.233677,12.152195,512.733062,1143.118934,0,0
29156,48,soft-hit,643.294247,21.674975,521.549586,1186.518808,0,0
29156,48,soft-hit,634.157958,11.866788,525.977096,1172.0018420000001,0,0
29156,48,soft-hit,628.354533,14.033588,521.033313,1163.4214339999999,0,0
29156,48,soft-hit,625.726461,27.756372,518.832911,1172.315744,0,0
29156,48,soft-hit,619.837823,12.343536,513.120351,1145.30171,0,0
29156,48,soft-hit,627.696916,11.906124,519.976618,1159.579658,0,0
29156,48,soft-hit,625.516117,12.314006,519.044289,1156.8744120000001,0,0
29156,48,soft-hit,617.603221,57.583436,510.953518,1186.140175,0,0
29156,48,soft-hit,612.887206,12.343704,507.250625,1132.481535,0,0
29156,48,soft-hit,635.333492,11.827811,527.872014,1175.033317,0,0
29156,48,soft-hit,624.046184,11.870399,517.170147,1153.08673,0,0
29156,48,soft-hit,629.734099,17.026526,523.17537,1169.935995,0,0
29156,48,soft-hit,637.616592,11.780927,531.021364,1180.4188829999998,0,0
29156,48,soft-hit,620.102794,12.077316,513.229904,1145.410014,0,0
29156,48,soft-hit,621.591394,12.882497,514.641961,1149.1158520000001,0,0
29156,48,soft-hit,621.268644,24.46374,514.491467,1160.223851,0,0
29156,48,soft-hit,617.550622,38.765227,511.145658,1167.461507,0,0
29156,48,soft-hit,621.840741,11.849104,514.868172,1148.5580169999998,0,0
29156,48,soft-hit,633.520264,13.8986,527.017171,1174.436035,0,0
29156,48,soft-hit,627.211983,12.007075,520.05223,1159.271288,0,0
29156,48,soft-hit,641.43995,17.860634,522.680496,1181.98108,0,0
29156,48,soft-hit,615.476441,12.052442,514.007346,1141.536229,0,0
29156,48,soft-hit,642.087471,23.83559,534.229288,1200.152349,0,0
29156,48,soft-hit,622.129344,23.793374,515.135185,1161.057903,0,0
29156,48,soft-hit,618.072745,12.096644,511.506399,1141.675788,0,0
29156,48,soft-hit,634.45004,12.978003,527.062726,1174.490769,0,0
29156,48,soft-hit,636.633786,12.150428,530.111543,1178.895757,0,0
29156,48,soft-hit,625.910458,13.391192,518.117586,1157.419236,0,0
32888,46,miss,558.998543,45.93393,456.859007,0,1061.79148,0
32888,46,soft-hit,567.835929,77.453978,464.024698,1109.314605,0,0
32888,46,soft-hit,581.01114,67.531462,476.247416,1124.790018,0,0
32888,46,soft-hit,573.92255,15.076977,468.093874,1057.093401,0,0
32888,46,soft-hit,573.375945,24.158826,467.742579,1065.2773499999998,0,0
32888,46,soft-hit,559.606321,13.310441,453.614713,1026.531475,0,0
32888,46,soft-hit,563.058541,15.880383,457.685974,1036.624898,0,0
32888,46,soft-hit,567.545189,14.859476,461.549994,1043.954659,0,0
32888,46,soft-hit,614.979734,26.731911,508.704166,1150.4158109999998,0,0
32888,46,soft-hit,580.860689,13.741685,474.961738,1069.564112,0,0
32888,46,soft-hit,562.913336,14.189757,457.435905,1034.538998,0,0
32888,46,soft-hit,557.395461,59.590091,452.406813,1069.392365,0,0
32888,46,soft-hit,558.663511,31.628746,451.599644,1041.891901,0,0
32888,46,soft-hit,568.339819,13.584741,463.29666,1045.22122,0,0
32888,46,soft-hit,569.492777,32.434596,463.60868,1065.536053,0,0
32888,46,soft-hit,564.118408,31.059327,460.149574,1055.327309,0,0
32888,46,soft-hit,568.435196,13.392167,463.194129,1045.0214919999999,0,0
32888,46,soft-hit,570.577175,13.381297,465.303104,1049.261576,0,0
32888,46,soft-hit,573.244172,13.895412,468.664709,1055.8042930000001,0,0
32888,46,soft-hit,570.502793,49.176145,464.155579,1083.834517,0,0
32888,46,soft-hit,564.591666,13.425672,459.111197,1037.128535,0,0
32888,46,soft-hit,582.506768,61.38884,477.9121,1121.8077079999998,0,0
32888,46,soft-hit,594.135034,13.357809,489.927019,1097.419862,0,0
32888,46,soft-hit,599.629041,13.475914,494.098992,1107.203947,0,0
32888,46,soft-hit,562.726699,13.853481,458.198782,1034.778962,0,0
32888,46,soft-hit,576.296176,28.229507,470.308505,1074.834188,0,0
32888,46,soft-hit,564.877616,21.205557,458.57806,1044.661233,0,0
32888,46,soft-hit,568.768997,58.679283,463.185593,1090.633873,0,0
32888,46,soft-hit,563.492639,13.906973,457.931407,1035.331019,0,0
32888,46,soft-hit,574.212565,14.061782,469.605178,1057.879525,0,0
32888,46,soft-hit,574.437413,46.293372,469.769176,1090.499961,0,0
32888,46,soft-hit,566.381894,13.695295,461.201725,1041.278914,0,0
32888,46,soft-hit,580.739936,52.532132,474.03913,1107.3111979999999,0,0
34397,65,miss,189.656009,23.585632,38.445185,0,251.686826,0
34397,65,soft-hit,195.283552,14.205679,53.680328,263.169559,0,0
34397,65,soft-hit,172.5777,12.403831,39.098049,224.07958,0,0
34397,65,soft-hit,156.50409,40.641909,22.315176,219.461175,0,0
34397,65,soft-hit,149.737409,14.038909,14.819246,178.59556400000002,0,0
34397,65,soft-hit,151.321527,30.466588,16.488655,198.27677,0,0
34397,65,soft-hit,171.992314,35.430787,38.064698,245.487799,0,0
34397,65,soft-hit,212.94334,13.772394,79.859075,306.574809,0,0
34397,65,soft-hit,171.193088,13.784296,37.287863,222.265247,0,0
34397,65,soft-hit,156.333292,20.477233,21.876642,198.687167,0,0
34397,65,soft-hit,155.000503,13.898073,20.742731,189.641307,0,0
34397,65,soft-hit,157.888796,13.932006,21.792946,193.61374800000002,0,0
34397,65,soft-hit,156.672519,14.141267,21.998472,192.81225799999999,0,0
34397,65,soft-hit,190.024,21.757164,55.313447,267.094611,0,0
34397,65,soft-hit,176.42255,85.31884,39.284148,301.025538,0,0
34397,65,soft-hit,173.363332,26.048314,38.075318,237.486964,0,0
34397,65,soft-hit,190.121232,13.692517,43.929001,247.74275,0,0
34397,65,soft-hit,151.577411,13.677759,17.689735,182.944905,0,0
34397,65,soft-hit,157.648364,13.814983,22.336344,193.799691,0,0
34397,65,soft-hit,155.987104,13.862186,21.359873,191.209163,0,0
34397,65,soft-hit,165.233297,52.032602,30.447056,247.712955,0,0
34397,65,soft-hit,163.664489,13.752107,28.288336,205.704932,0,0
34397,65,soft-hit,177.828683,54.171896,43.304496,275.305075,0,0
34397,65,soft-hit,160.107661,13.982827,22.926178,197.01666600000001,0,0
34397,65,soft-hit,175.230531,14.504797,39.548371,229.283699,0,0
34397,65,soft-hit,169.012584,33.292643,33.329598000000004,235.634825,0,0
34397,65,soft-hit,169.171759,13.963559,33.567724999999996,216.703043,0,0
34397,65,soft-hit,169.802484,18.634888,33.10664,221.544012,0,0
34397,65,soft-hit,193.336647,23.995138,58.760565,276.09235,0,0
34397,65,soft-hit,161.454134,43.669381,26.682015,231.80553,0,0
34397,65,soft-hit,183.405486,14.064228,48.79518,246.264894,0,0
34397,65,soft-hit,158.525402,20.860599,23.492456,202.87845700000003,0,0
34397,65,soft-hit,187.987516,19.883333,37.412793,245.283642,0,0
13824,46,miss,577.179949,13.300659,477.08971,0,1067.570318,0
13824,used GE,hit,0,24.194444,0,24.194444,0,0
13824,used GE,hit,0,48.326233,0,48.326233,0,0
13824,used GE,hit,0,13.496463,0,13.496463,0,0
13824,used GE,hit,0,12.317886,0,12.317886,0,0
13824,used GE,hit,0,13.443195,0,13.443195,0,0
13824,used GE,hit,0,13.094586,0,13.094586,0,0
13824,used GE,hit,0,30.768273,0,30.768273,0,0
13824,used GE,hit,0,13.416076,0,13.416076,0,0
13824,used GE,hit,0,12.489828,0,12.489828,0,0
13824,used GE,hit,0,13.341716,0,13.341716,0,0
13824,used GE,hit,0,12.878671,0,12.878671,0,0
13824,used GE,hit,0,12.611271,0,12.611271,0,0
13824,used GE,hit,0,21.728422,0,21.728422,0,0
13824,used GE,hit,0,24.781614,0,24.781614,0,0
13824,used GE,hit,0,13.637835,0,13.637835,0,0
13824,used GE,hit,0,13.531343,0,13.531343,0,0
13824,used GE,hit,0,29.349055,0,29.349055,0,0
13824,used GE,hit,0,13.690746,0,13.690746,0,0
13824,used GE,hit,0,22.559095,0,22.559095,0,0
13824,used GE,hit,0,24.975582,0,24.975582,0,0
13824,used GE,hit,0,13.860975,0,13.860975,0,0
13824,used GE,hit,0,22.558074,0,22.558074,0,0
13824,used GE,hit,0,13.568438,0,13.568438,0,0
13824,used GE,hit,0,23.795001,0,23.795001,0,0
13824,used GE,hit,0,12.968413,0,12.968413,0,0
13824,used GE,hit,0,12.76822,0,12.76822,0,0
13824,used GE,hit,0,13.265842,0,13.265842,0,0
13824,used GE,hit,0,84.733825,0,84.733825,0,0
13824,used GE,hit,0,14.17304,0,14.17304,0,0
13824,used GE,hit,0,50.164171,0,50.164171,0,0
13824,used GE,hit,0,26.165005,0,26.165005,0,0
13824,used GE,hit,0,13.983301,0,13.983301,0,0
19368,35,miss,238.994622,18.180484,152.534253,0,409.709359,0
19368,used GE,hit,0,11.199357,0,11.199357,0,0
19368,used GE,hit,0,11.409472,0,11.409472,0,0
19368,used GE,hit,0,11.136509,0,11.136509,0,0
19368,used GE,hit,0,21.832808,0,21.832808,0,0
19368,used GE,hit,0,11.395385,0,11.395385,0,0
19368,used GE,hit,0,13.107682,0,13.107682,0,0
19368,used GE,hit,0,14.22918,0,14.22918,0,0
19368,used GE,hit,0,23.324359,0,23.324359,0,0
19368,used GE,hit,0,13.150326,0,13.150326,0,0
19368,used GE,hit,0,16.132488,0,16.132488,0,0
19368,used GE,hit,0,27.239805,0,27.239805,0,0
19368,used GE,hit,0,53.12611,0,53.12611,0,0
19368,used GE,hit,0,10.73508,0,10.73508,0,0
19368,used GE,hit,0,10.255165,0,10.255165,0,0
19368,used GE,hit,0,10.566276,0,10.566276,0,0
19368,used GE,hit,0,26.061195,0,26.061195,0,0
19368,used GE,hit,0,23.10058,0,23.10058,0,0
19368,used GE,hit,0,18.149093,0,18.149093,0,0
19368,used GE,hit,0,17.876216,0,17.876216,0,0
19368,used GE,hit,0,11.637172,0,11.637172,0,0
19368,used GE,hit,0,11.288126,0,11.288126,0,0
19368,used GE,hit,0,12.178237,0,12.178237,0,0
19368,used GE,hit,0,23.155673,0,23.155673,0,0
19368,used GE,hit,0,22.839196,0,22.839196,0,0
19368,used GE,hit,0,12.304605,0,12.304605,0,0
19368,used GE,hit,0,11.368982,0,11.368982,0,0
19368,used GE,hit,0,12.240874,0,12.240874,0,0
19368,used GE,hit,0,15.74598,0,15.74598,0,0
19368,used GE,hit,0,11.149538,0,11.149538,0,0
19368,used GE,hit,0,27.822604,0,27.822604,0,0
19368,used GE,hit,0,50.01262,0,50.01262,0,0
19368,used GE,hit,0,13.555734,0,13.555734,0,0
20995,50,miss,691.895104,13.33098,581.094667,0,1286.3207509999997,0
20995,50,soft-hit,698.670035,13.163278,587.558088,1299.3914009999999,0,0
20995,50,soft-hit,697.643958,12.773479,585.947855,1296.365292,0,0
20995,50,soft-hit,719.226406,13.090701,608.382798,1340.699905,0,0
20995,50,soft-hit,708.986842,48.89353,597.001891,1354.882263,0,0
20995,50,soft-hit,709.856212,54.073442,599.359415,1363.289069,0,0
20995,50,soft-hit,710.374455,12.750951,599.484317,1322.609723,0,0
20995,50,soft-hit,699.886909,23.439975,587.696326,1311.0232099999998,0,0
20995,50,soft-hit,693.914997,12.642145,581.08287,1287.6400119999998,0,0
20995,50,soft-hit,728.692401,12.968468,616.964124,1358.624993,0,0
20995,50,soft-hit,699.146604,12.866951,588.602464,1300.616019,0,0
20995,50,soft-hit,715.826881,25.86753,592.390663,1334.085074,0,0
20995,50,soft-hit,718.321609,13.253025,605.115293,1336.689927,0,0
20995,50,soft-hit,700.978715,36.271892,591.672783,1328.92339,0,0
20995,50,soft-hit,704.474094,27.471306,593.538257,1325.4836570000002,0,0
20995,50,soft-hit,695.82868,32.958878,584.61492,1313.402478,0,0
20995,50,soft-hit,693.53731,17.197693,582.467421,1293.202424,0,0
20995,50,soft-hit,705.077278,24.712188,593.891961,1323.681427,0,0
20995,50,soft-hit,708.191802,12.874434,596.005211,1317.071447,0,0
20995,50,soft-hit,704.73299,22.062033,592.290802,1319.085825,0,0
20995,50,soft-hit,708.622721,13.278897,597.853914,1319.7555320000001,0,0
20995,50,soft-hit,700.784174,12.770318,588.543275,1302.097767,0,0
20995,50,soft-hit,716.996705,13.727459,606.462282,1337.186446,0,0
20995,50,soft-hit,694.511827,12.958157,587.145045,1294.615029,0,0
20995,50,soft-hit,826.94657,39.706255,714.664131,1581.3169560000001,0,0
20995,50,soft-hit,774.34421,13.834267,660.466515,1448.644992,0,0
20995,50,soft-hit,699.003952,13.776778,587.748348,1300.529078,0,0
20995,50,soft-hit,710.935054,13.380989,599.057229,1323.373272,0,0
20995,50,soft-hit,733.149042,43.371333,622.278627,1398.7990020000002,0,0
20995,50,soft-hit,700.695413,27.03435,588.852018,1316.581781,0,0
20995,50,soft-hit,712.577658,32.300062,598.905084,1343.782804,0,0
20995,50,soft-hit,723.340831,13.422753,612.77725,1349.540834,0,0
20995,50,soft-hit,727.192578,13.2002,616.4121,1356.804878,0,0
23540,49,miss,685.102098,12.853435,575.735693,0,1273.691226,0
23540,used GE,hit,0,12.25236,0,12.25236,0,0
23540,used GE,hit,0,12.207638,0,12.207638,0,0
23540,used GE,hit,0,30.175827,0,30.175827,0,0
23540,used GE,hit,0,13.174298,0,13.174298,0,0
23540,used GE,hit,0,65.153229,0,65.153229,0,0
23540,used GE,hit,0,13.67389,0,13.67389,0,0
23540,used GE,hit,0,13.215423,0,13.215423,0,0
23540,used GE,hit,0,54.940122,0,54.940122,0,0
23540,used GE,hit,0,14.00528,0,14.00528,0,0
23540,used GE,hit,0,13.464655,0,13.464655,0,0
23540,used GE,hit,0,13.086671,0,13.086671,0,0
23540,used GE,hit,0,12.470325,0,12.470325,0,0
23540,used GE,hit,0,13.021017,0,13.021017,0,0
23540,used GE,hit,0,12.08698,0,12.08698,0,0
23540,used GE,hit,0,24.570377,0,24.570377,0,0
23540,used GE,hit,0,13.459559,0,13.459559,0,0
23540,used GE,hit,0,51.4359,0,51.4359,0,0
23540,used GE,hit,0,14.083105,0,14.083105,0,0
23540,used GE,hit,0,13.166447,0,13.166447,0,0
23540,used GE,hit,0,12.264519,0,12.264519,0,0
23540,used GE,hit,0,12.590258,0,12.590258,0,0
23540,used GE,hit,0,12.146332,0,12.146332,0,0
23540,used GE,hit,0,11.756753,0,11.756753,0,0
23540,used GE,hit,0,12.115434,0,12.115434,0,0
23540,used GE,hit,0,11.823206,0,11.823206,0,0
23540,used GE,hit,0,15.08869,0,15.08869,0,0
23540,used GE,hit,0,19.509563,0,19.509563,0,0
23540,used GE,hit,0,13.098913,0,13.098913,0,0
23540,used GE,hit,0,12.576814,0,12.576814,0,0
23540,used GE,hit,0,11.930346,0,11.930346,0,0
23540,used GE,hit,0,27.586622,0,27.586622,0,0
23540,used GE,hit,0,13.037343,0,13.037343,0,0
24125,30,miss,71.555018,25.282637,994.27312,0,1091.1107749999999,0
24125,30,soft-hit,81.079616,11.365126,5.387823,97.832565,0,0
24125,30,soft-hit,71.981318,19.616383,993.866104,1085.463805,0,0
24125,30,soft-hit,91.019631,19.340484,13.974649,124.334764,0,0
24125,30,soft-hit,92.019574,31.369488,15.127656,138.516718,0,0
24125,30,soft-hit,53.451515,8.324685,13.210771,74.986971,0,0
24125,30,soft-hit,73.311606,13.931867,993.662393,1080.905866,0,0
24125,30,soft-hit,103.323257,12.065631,26.599276,141.98816399999998,0,0
24125,30,soft-hit,78.988361,25.087061,997.530591,1101.6060129999998,0,0
24125,30,soft-hit,73.741138,11.498433,996.39083,1081.6304010000001,0,0
24125,30,soft-hit,81.088238,11.866489,4.360098,97.314825,0,0
24125,30,soft-hit,88.363077,11.415408,12.046896,111.82538100000001,0,0
24125,30,soft-hit,83.233183,11.389659,8.474325,103.097167,0,0
24125,30,soft-hit,99.929171,19.884979,21.681879,141.496029,0,0
24125,30,soft-hit,96.045281,11.559241,19.794327,127.398849,0,0
24125,30,soft-hit,74.683986,20.241748,997.439436,1092.36517,0,0
24125,30,soft-hit,71.278426,12.100392,993.985789,1077.364607,0,0
24125,30,soft-hit,77.709857,19.41221,1.727172,98.849239,0,0
24125,30,soft-hit,82.117472,11.231535,4.759659,98.108666,0,0
24125,30,soft-hit,86.157054,11.586443,9.279616,107.023113,0,0
24125,30,soft-hit,72.452721,17.16821,995.82563,1085.4465610000002,0,0
24125,30,soft-hit,77.85394,15.349821,1.406568,94.610329,0,0
24125,30,soft-hit,86.529849,11.351616,10.075132,107.956597,0,0
24125,30,soft-hit,73.678945,11.242506,995.838542,1080.7599930000001,0,0
24125,30,soft-hit,72.508633,14.819809,998.170375,1085.498817,0,0
24125,30,soft-hit,73.398288,11.749105,996.379331,1081.526724,0,0
24125,30,soft-hit,78.147472,11.375491,1.253253,90.77621599999999,0,0
24125,30,soft-hit,80.152403,11.404923,3.406232,94.963558,0,0
24125,30,soft-hit,74.010882,11.121331,995.934547,1081.06676,0,0
24125,30,soft-hit,76.860987,23.982569,998.272288,1099.115844,0,0
24125,30,soft-hit,71.912063,37.285422,995.444018,1104.641503,0,0
24125,30,soft-hit,75.101088,11.667346,999.09623,1085.864664,0,0
24125,30,soft-hit,81.516758,11.130904,3.599348,96.24700999999999,0,0
19719,142,miss,594.925263,24.591761,353.802887,0,973.319911,0
19719,used GE,hit,0,15.616908,0,15.616908,0,0
19719,used GE,hit,0,32.432634,0,32.432634,0,0
19719,used GE,hit,0,17.958936,0,17.958936,0,0
19719,used GE,hit,0,16.984112,0,16.984112,0,0
19719,used GE,hit,0,17.800367,0,17.800367,0,0
19719,used GE,hit,0,34.674897,0,34.674897,0,0
19719,used GE,hit,0,18.580657,0,18.580657,0,0
19719,used GE,hit,0,31.659214,0,31.659214,0,0
19719,used GE,hit,0,23.24704,0,23.24704,0,0
19719,used GE,hit,0,19.727209,0,19.727209,0,0
19719,used GE,hit,0,18.700545,0,18.700545,0,0
19719,used GE,hit,0,18.580396,0,18.580396,0,0
19719,used GE,hit,0,18.967872,0,18.967872,0,0
19719,used GE,hit,0,38.644056,0,38.644056,0,0
19719,used GE,hit,0,19.69773,0,19.69773,0,0
19719,used GE,hit,0,21.256439,0,21.256439,0,0
19719,used GE,hit,0,36.336603,0,36.336603,0,0
19719,used GE,hit,0,24.029687,0,24.029687,0,0
19719,used GE,hit,0,34.239491,0,34.239491,0,0
19719,used GE,hit,0,27.16728,0,27.16728,0,0
19719,used GE,hit,0,56.102379,0,56.102379,0,0
19719,used GE,hit,0,21.124318,0,21.124318,0,0
19719,used GE,hit,0,67.409511,0,67.409511,0,0
19719,used GE,hit,0,19.361842,0,19.361842,0,0
19719,used GE,hit,0,18.883174,0,18.883174,0,0
19719,used GE,hit,0,20.933399,0,20.933399,0,0
19719,used GE,hit,0,76.522356,0,76.522356,0,0
19719,used GE,hit,0,28.350886,0,28.350886,0,0
19719,used GE,hit,0,28.045726,0,28.045726,0,0
19719,used GE,hit,0,19.18746,0,19.18746,0,0
19719,used GE,hit,0,18.384557,0,18.384557,0,0
19719,used GE,hit,0,18.256718,0,18.256718,0,0
1704,135,miss,443.841945,15.243011,212.945726,0,672.0306820000001,0
1704,used GE,hit,0,25.355558,0,25.355558,0,0
1704,used GE,hit,0,38.580822,0,38.580822,0,0
1704,used GE,hit,0,27.399631,0,27.399631,0,0
1704,used GE,hit,0,13.107327,0,13.107327,0,0
1704,used GE,hit,0,12.679979,0,12.679979,0,0
1704,used GE,hit,0,12.516248,0,12.516248,0,0
1704,used GE,hit,0,13.452964,0,13.452964,0,0
1704,used GE,hit,0,20.097451,0,20.097451,0,0
1704,used GE,hit,0,12.823165,0,12.823165,0,0
1704,used GE,hit,0,13.469293,0,13.469293,0,0
1704,used GE,hit,0,18.654056,0,18.654056,0,0
1704,used GE,hit,0,22.760762,0,22.760762,0,0
1704,used GE,hit,0,22.56941,0,22.56941,0,0
1704,used GE,hit,0,12.786119,0,12.786119,0,0
1704,used GE,hit,0,29.731867,0,29.731867,0,0
1704,used GE,hit,0,12.493233,0,12.493233,0,0
1704,used GE,hit,0,32.643077,0,32.643077,0,0
1704,used GE,hit,0,12.617153,0,12.617153,0,0
1704,used GE,hit,0,12.65589,0,12.65589,0,0
1704,used GE,hit,0,21.444065,0,21.444065,0,0
1704,used GE,hit,0,12.389231,0,12.389231,0,0
1704,used GE,hit,0,13.856175,0,13.856175,0,0
1704,used GE,hit,0,25.742382,0,25.742382,0,0
1704,used GE,hit,0,15.780578,0,15.780578,0,0
1704,used GE,hit,0,12.350297,0,12.350297,0,0
1704,used GE,hit,0,25.099012,0,25.099012,0,0
1704,used GE,hit,0,21.000768,0,21.000768,0,0
1704,used GE,hit,0,26.10924,0,26.10924,0,0
1704,used GE,hit,0,14.102673,0,14.102673,0,0
1704,used GE,hit,0,24.542215,0,24.542215,0,0
1704,used GE,hit,0,13.529264,0,13.529264,0,0
1704,used GE,hit,0,40.964515,0,40.964515,0,0
12479,133,miss,383.467961,18.917971,150.452011,0,552.837943,0
12479,used GE,hit,0,32.376631,0,32.376631,0,0
12479,used GE,hit,0,15.592152,0,15.592152,0,0
12479,used GE,hit,0,15.510035,0,15.510035,0,0
12479,used GE,hit,0,26.68372,0,26.68372,0,0
12479,used GE,hit,0,17.940175,0,17.940175,0,0
12479,used GE,hit,0,18.217051,0,18.217051,0,0
12479,used GE,hit,0,27.749552,0,27.749552,0,0
12479,used GE,hit,0,37.718348,0,37.718348,0,0
12479,used GE,hit,0,18.14948,0,18.14948,0,0
12479,used GE,hit,0,17.73319,0,17.73319,0,0
12479,used GE,hit,0,31.028072,0,31.028072,0,0
12479,used GE,hit,0,41.611609,0,41.611609,0,0
12479,used GE,hit,0,58.547151,0,58.547151,0,0
12479,used GE,hit,0,74.320488,0,74.320488,0,0
12479,used GE,hit,0,39.787944,0,39.787944,0,0
12479,used GE,hit,0,28.209673,0,28.209673,0,0
12479,used GE,hit,0,18.391214,0,18.391214,0,0
12479,used GE,hit,0,22.576239,0,22.576239,0,0
12479,used GE,hit,0,17.305304,0,17.305304,0,0
12479,used GE,hit,0,75.660974,0,75.660974,0,0
12479,used GE,hit,0,37.327321,0,37.327321,0,0
12479,used GE,hit,0,28.54242,0,28.54242,0,0
12479,used GE,hit,0,19.86807,0,19.86807,0,0
12479,used GE,hit,0,20.263715,0,20.263715,0,0
12479,used GE,hit,0,36.143071,0,36.143071,0,0
12479,used GE,hit,0,19.648424,0,19.648424,0,0
12479,used GE,hit,0,17.978281,0,17.978281,0,0
12479,used GE,hit,0,75.354729,0,75.354729,0,0
12479,used GE,hit,0,19.717961,0,19.717961,0,0
12479,used GE,hit,0,18.156496,0,18.156496,0,0
12479,used GE,hit,0,27.081679,0,27.081679,0,0
12479,used GE,hit,0,18.447527,0,18.447527,0,0
10283,46,miss,596.753776,40.535047,491.925125,0,1129.213948,0
10283,46,soft-hit,609.058692,65.259235,504.15523,1178.473157,0,0
10283,46,soft-hit,591.923954,12.986845,487.168533,1092.079332,0,0
10283,46,soft-hit,591.863082,49.650098,488.214738,1129.727918,0,0
10283,46,soft-hit,585.82965,12.374722,482.195147,1080.399519,0,0
10283,46,soft-hit,591.834546,11.791253,488.17693,1091.802729,0,0
10283,46,soft-hit,603.037108,15.749911,496.051103,1114.838122,0,0
10283,46,soft-hit,597.282506,24.298152,494.207029,1115.787687,0,0
10283,46,soft-hit,590.998749,27.339483,487.100804,1105.439036,0,0
10283,46,soft-hit,596.670792,12.786953,493.811425,1103.26917,0,0
10283,46,soft-hit,593.194257,12.064203,488.786695,1094.045155,0,0
10283,46,soft-hit,590.869253,26.731884,486.920442,1104.521579,0,0
10283,46,soft-hit,593.811828,29.613221,489.652061,1113.07711,0,0
10283,46,soft-hit,557.92954,9.842752,500.042423,1067.814715,0,0
10283,46,soft-hit,593.286345,12.197164,490.295435,1095.778944,0,0
10283,46,soft-hit,615.883152,28.030233,511.990877,1155.904262,0,0
10283,46,soft-hit,588.087038,13.116876,483.977907,1085.1818210000001,0,0
10283,46,soft-hit,593.813288,11.949658,489.206361,1094.9693069999998,0,0
10283,46,soft-hit,591.635442,12.434956,487.201466,1091.271864,0,0
10283,46,soft-hit,608.078746,12.260887,504.011665,1124.351298,0,0
10283,46,soft-hit,625.793287,11.410862,521.577891,1158.78204,0,0
10283,46,soft-hit,590.621829,18.909469,487.303269,1096.834567,0,0
10283,46,soft-hit,588.45602,12.001336,484.138312,1084.595668,0,0
10283,46,soft-hit,618.718529,12.077365,514.429395,1145.225289,0,0
10283,46,soft-hit,589.372577,11.904047,485.345637,1086.622261,0,0
10283,46,soft-hit,602.695046,26.490018,498.71348,1127.8985440000001,0,0
10283,46,soft-hit,695.974917,32.173145,591.78301,1319.9310719999999,0,0
10283,46,soft-hit,610.034952,12.319251,506.280347,1128.63455,0,0
10283,46,soft-hit,586.815209,13.920541,482.931303,1083.6670530000001,0,0
10283,46,soft-hit,592.565202,18.040648,488.780848,1099.386698,0,0
10283,46,soft-hit,611.3962,12.890097,507.632274,1131.9185710000002,0,0
10283,46,soft-hit,597.758098,50.631583,494.94242,1143.332101,0,0
10283,46,soft-hit,598.184619,21.987253,492.467676,1112.639548,0,0
35302,46,miss,597.881212,40.541243,492.956668,0,1131.379123,0
35302,46,soft-hit,621.266856,11.868684,506.865431,1140.000971,0,0
35302,46,soft-hit,590.634225,12.05863,491.472983,1094.165838,0,0
35302,46,soft-hit,628.79823,12.171908,524.019374,1164.989512,0,0
35302,46,soft-hit,632.991811,12.749552,528.851584,1174.592947,0,0
35302,46,soft-hit,605.43409,22.626461,501.193391,1129.2539419999998,0,0
35302,46,soft-hit,621.859834,12.295958,520.516979,1154.672771,0,0
35302,46,soft-hit,609.260059,12.131947,506.25019,1127.6421959999998,0,0
35302,46,soft-hit,608.125017,12.841998,505.704058,1126.671073,0,0
35302,46,soft-hit,602.152922,14.520767,497.898622,1114.572311,0,0
35302,46,soft-hit,598.399088,25.949692,495.558267,1119.9070470000001,0,0
35302,46,soft-hit,611.497885,25.890561,508.696394,1146.08484,0,0
35302,46,soft-hit,591.309416,12.496764,487.464738,1091.2709180000002,0,0
35302,46,soft-hit,594.184122,12.202715,494.800832,1101.187669,0,0
35302,46,soft-hit,592.953046,13.057924,489.072251,1095.0832209999999,0,0
35302,46,soft-hit,599.553334,12.291696,494.824423,1106.669453,0,0
35302,46,soft-hit,605.721517,21.374406,502.325973,1129.4218959999998,0,0
35302,46,soft-hit,602.980882,26.655161,499.57418,1129.210223,0,0
35302,46,soft-hit,598.274256,12.172964,494.111913,1104.559133,0,0
35302,46,soft-hit,600.251544,12.198202,495.709356,1108.159102,0,0
35302,46,soft-hit,606.447492,13.209609,500.218274,1119.875375,0,0
35302,46,soft-hit,593.298914,17.324865,489.690715,1100.314494,0,0
35302,46,soft-hit,587.841912,29.894607,488.904576,1106.641095,0,0
35302,46,soft-hit,551.701751,14.405568,491.876246,1057.983565,0,0
35302,46,soft-hit,608.491686,26.921535,504.776763,1140.189984,0,0
35302,46,soft-hit,601.854773,12.953206,497.606817,1112.414796,0,0
35302,46,soft-hit,590.812611,13.317753,487.277889,1091.408253,0,0
35302,46,soft-hit,619.809206,13.432338,515.759472,1149.001016,0,0
35302,46,soft-hit,594.210999,13.600705,489.769509,1097.581213,0,0
35302,46,soft-hit,615.913697,16.30837,512.47547,1144.697537,0,0
35302,46,soft-hit,593.89625,24.822571,488.647389,1107.3662100000001,0,0
35302,46,soft-hit,613.509538,12.13885,509.819085,1135.4674730000002,0,0
35302,46,soft-hit,600.660054,23.894526,496.531265,1121.085845,0,0
8010,43,miss,499.411357,12.366243,399.9237,0,911.7013,0
8010,43,soft-hit,498.168623,45.494119,399.420568,943.08331,0,0
8010,43,soft-hit,501.200225,19.544756,402.531771,923.276752,0,0
8010,43,soft-hit,500.830128,12.337072,401.698135,914.865335,0,0
8010,43,soft-hit,511.201949,12.393646,411.751852,935.347447,0,0
8010,43,soft-hit,499.760179,11.785406,401.08931,912.634895,0,0
8010,43,soft-hit,522.31611,21.999209,421.827768,966.1430869999999,0,0
8010,43,soft-hit,452.536808,9.387121,398.034186,859.9581149999999,0,0
8010,43,soft-hit,446.006476,9.303828,393.640495,848.950799,0,0
8010,43,soft-hit,451.355296,9.552242,397.74108,858.6486179999999,0,0
8010,43,soft-hit,482.020149,14.371232,398.720453,895.111834,0,0
8010,43,soft-hit,468.963496,9.335184,393.826683,872.1253630000001,0,0
8010,43,soft-hit,496.884747,25.482148,399.628629,921.9955239999999,0,0
8010,43,soft-hit,497.68177,11.434489,399.961983,909.0782419999999,0,0
8010,43,soft-hit,498.180168,18.338918,400.844505,917.363591,0,0
8010,44,soft-hit,534.411151,10.380253,433.577174,978.3685780000001,0,0
8010,44,soft-hit,482.255474,9.276584,429.66867,921.200728,0,0
8010,44,soft-hit,479.83164,28.504213,425.273181,933.6090340000001,0,0
8010,44,soft-hit,529.862314,22.759601,432.312053,984.9339679999999,0,0
8010,44,soft-hit,496.108637,31.550918,439.180989,966.840544,0,0
8010,44,soft-hit,487.101944,16.524843,429.393277,933.020064,0,0
8010,44,soft-hit,523.455627,22.689861,429.663499,975.8089870000001,0,0
8010,44,soft-hit,526.842999,11.395743,427.684819,965.923561,0,0
8010,44,soft-hit,487.025467,14.467135,429.242967,930.7355689999999,0,0
8010,44,soft-hit,488.319786,8.991252,434.140605,931.451643,0,0
8010,44,soft-hit,490.808473,10.234909,433.393991,934.437373,0,0
8010,44,soft-hit,535.532466,20.900033,434.31802,990.7505189999999,0,0
8010,44,soft-hit,532.212759,29.983853,432.994798,995.19141,0,0
8010,44,soft-hit,556.047276,26.027799,455.919803,1037.994878,0,0
8010,44,soft-hit,530.341043,38.966952,429.628974,998.9369690000001,0,0
8010,44,soft-hit,534.300788,11.752867,433.980027,980.033682,0,0
8010,44,soft-hit,527.057466,13.195034,427.143637,967.396137,0,0
8010,44,soft-hit,535.578672,13.938425,436.854763,986.37186,0,0
20667,55,miss,911.46089,33.258419,789.579906,0,1734.299215,0
20667,55,soft-hit,892.402415,27.007336,770.874662,1690.2844129999999,0,0
20667,55,soft-hit,884.722042,25.026878,767.671356,1677.4202759999998,0,0
20667,55,soft-hit,885.686128,29.565359,767.547554,1682.799041,0,0
20667,55,soft-hit,880.604994,11.355489,763.171809,1655.1322920000002,0,0
20667,55,soft-hit,891.079786,22.796304,774.256427,1688.132517,0,0
20667,55,soft-hit,854.912943,10.528165,776.767019,1642.2081269999999,0,0
20667,55,soft-hit,903.550239,15.461207,786.901488,1705.912934,0,0
20667,55,soft-hit,877.845502,11.173876,761.29015,1650.309528,0,0
20667,55,soft-hit,892.941742,11.063707,777.291252,1681.296701,0,0
20667,55,soft-hit,892.152844,11.533853,774.5733,1678.259997,0,0
20667,55,soft-hit,901.469058,11.176496,784.94687,1697.592424,0,0
20667,55,soft-hit,12.653438,16.519631,908.719199,937.8922680000001,0,0
20667,55,soft-hit,897.381703,15.591532,780.745479,1693.718714,0,0
20667,55,soft-hit,903.958917,23.464125,787.678114,1715.1011560000002,0,0
20667,55,soft-hit,898.834554,11.248814,782.677372,1692.7607400000002,0,0
20667,55,soft-hit,887.725657,11.810949,775.053081,1674.5896870000001,0,0
20667,55,soft-hit,904.025648,27.307402,786.470695,1717.8037450000002,0,0
20667,55,soft-hit,884.562091,31.49865,767.975254,1684.035995,0,0
20667,55,soft-hit,876.880589,14.815107,762.380564,1654.07626,0,0
20667,55,soft-hit,887.730485,11.259239,772.259902,1671.249626,0,0
20667,55,soft-hit,883.313868,13.189551,766.370792,1662.874211,0,0
20667,55,soft-hit,888.873153,11.627459,771.179865,1671.6804769999999,0,0
20667,55,soft-hit,895.35934,15.421461,776.772104,1687.552905,0,0
20667,55,soft-hit,892.597624,20.096451,775.454612,1688.1486869999999,0,0
20667,55,soft-hit,900.550816,20.464843,783.335805,1704.351464,0,0
20667,55,soft-hit,895.885907,19.104289,779.736838,1694.727034,0,0
20667,55,soft-hit,881.470516,17.402078,765.117015,1663.989609,0,0
20667,55,soft-hit,878.529688,11.762103,762.974939,1653.2667299999998,0,0
20667,55,soft-hit,898.586574,26.554318,786.245302,1711.3861940000002,0,0
20667,55,soft-hit,891.424372,11.367873,774.640456,1677.432701,0,0
20667,55,soft-hit,887.475067,19.867508,770.772319,1678.114894,0,0
20667,56,soft-hit,900.893284,13.538633,806.678051,1721.109968,0,0
28247,60,miss,64.735134,20.87311,939.994119,0,1025.602363,0
28247,60,soft-hit,71.77511,15.040142,946.630104,1033.445356,0,0
28247,60,soft-hit,47.991652,11.936937,921.738686,981.6672750000001,0,0
28247,60,soft-hit,58.079618,29.799619,932.85569,1020.734927,0,0
28247,60,soft-hit,54.555466,20.284819,928.737987,1003.578272,0,0
28247,60,soft-hit,81.754731,13.560598,941.268734,1036.584063,0,0
28247,60,soft-hit,64.92516599999999,20.426118,934.487622,1019.838906,0,0
28247,60,soft-hit,72.468358,12.203939,946.596303,1031.2686,0,0
28247,60,soft-hit,49.914017,30.945095,922.266804,1003.125916,0,0
28247,60,soft-hit,95.740828,12.451227,968.101749,1076.2938040000001,0,0
28247,60,soft-hit,59.082677,12.103038,933.452102,1004.6378169999999,0,0
28247,60,soft-hit,58.073422,25.678696,931.991122,1015.74324,0,0
28247,60,soft-hit,71.794746,15.601114,946.844189,1034.240049,0,0
28247,60,soft-hit,76.993959,13.969887,952.853931,1043.817777,0,0
28247,60,soft-hit,101.24304,12.248017,975.679767,1089.170824,0,0
28247,60,soft-hit,72.521183,22.884076,947.172541,1042.5778,0,0
28247,60,soft-hit,58.285821,14.103794,933.428489,1005.818104,0,0
28247,60,soft-hit,54.548098,42.78117,929.118111,1026.447379,0,0
28247,60,soft-hit,63.88955,42.187786,938.860618,1044.937954,0,0
28247,60,soft-hit,53.38257,18.159445,926.94397,998.485985,0,0
28247,60,soft-hit,44.252318,12.005055,919.165861,975.4232339999999,0,0
28247,60,soft-hit,49.988874,12.254162,924.748374,986.99141,0,0
28247,60,soft-hit,58.788932,12.327689,933.184816,1004.301437,0,0
28247,60,soft-hit,55.033768,11.811611,917.269724,984.115103,0,0
28247,60,soft-hit,44.086312,24.877356,918.048069,987.011737,0,0
28247,60,soft-hit,57.364214,12.011753,931.878441,1001.2544079999999,0,0
28247,60,soft-hit,78.061511,12.38822,952.422009,1042.87174,0,0
28247,60,soft-hit,46.009093,29.497425,920.250974,995.7574920000001,0,0
28247,60,soft-hit,42.51568,15.230388,917.285257,975.0313249999999,0,0
28247,60,soft-hit,76.058479,10.833129,947.721699,1034.6133069999998,0,0
28247,60,soft-hit,51.131649,12.024565,926.082188,989.2384020000001,0,0
28247,60,soft-hit,51.145772,23.779054,925.681915,1000.6067409999999,0,0
28247,60,soft-hit,42.241923,11.942152,917.295999,971.4800740000001,0,0
5618,97,miss,230.046359,18.743018,51.388813,0,300.17819,0
5618,used GE,hit,0,13.084681,0,13.084681,0,0
5618,used GE,hit,0,13.075248,0,13.075248,0,0
5618,used GE,hit,0,13.096059,0,13.096059,0,0
5618,used GE,hit,0,21.321201,0,21.321201,0,0
5618,used GE,hit,0,12.870291,0,12.870291,0,0
5618,used GE,hit,0,54.887054,0,54.887054,0,0
5618,used GE,hit,0,24.533509,0,24.533509,0,0
5618,used GE,hit,0,14.153168,0,14.153168,0,0
5618,used GE,hit,0,13.409086,0,13.409086,0,0
5618,used GE,hit,0,17.123873,0,17.123873,0,0
5618,used GE,hit,0,14.061085,0,14.061085,0,0
5618,used GE,hit,0,48.43728,0,48.43728,0,0
5618,used GE,hit,0,14.54133,0,14.54133,0,0
5618,used GE,hit,0,24.276828,0,24.276828,0,0
5618,used GE,hit,0,14.395814,0,14.395814,0,0
5618,used GE,hit,0,18.744146,0,18.744146,0,0
5618,used GE,hit,0,21.610708,0,21.610708,0,0
5618,used GE,hit,0,13.079813,0,13.079813,0,0
5618,used GE,hit,0,17.574052,0,17.574052,0,0
5618,used GE,hit,0,44.504207,0,44.504207,0,0
5618,used GE,hit,0,14.195226,0,14.195226,0,0
5618,used GE,hit,0,52.85254,0,52.85254,0,0
5618,used GE,hit,0,27.176414,0,27.176414,0,0
5618,used GE,hit,0,40.338656,0,40.338656,0,0
5618,used GE,hit,0,26.285663,0,26.285663,0,0
5618,used GE,hit,0,16.140885,0,16.140885,0,0
5618,used GE,hit,0,27.184935,0,27.184935,0,0
5618,used GE,hit,0,18.359934,0,18.359934,0,0
5618,used GE,hit,0,16.265914,0,16.265914,0,0
5618,used GE,hit,0,13.20862,0,13.20862,0,0
5618,used GE,hit,0,14.450762,0,14.450762,0,0
5618,used GE,hit,0,22.133932,0,22.133932,0,0
11043,26,miss,967.418619,18.463634,899.509748,0,1885.392001,0
11043,26,soft-hit,970.037233,14.527691,905.054113,1889.619037,0,0
11043,26,soft-hit,964.699736,11.049879,896.776537,1872.526152,0,0
11043,26,soft-hit,962.015599,11.051496,892.451366,1865.5184610000001,0,0
11043,26,soft-hit,963.051497,11.618849,894.73494,1869.4052860000002,0,0
11043,26,soft-hit,976.504217,14.324649,906.438488,1897.267354,0,0
11043,26,soft-hit,965.952262,21.020779,897.447088,1884.420129,0,0
11043,26,soft-hit,985.244781,20.418208,918.152275,1923.815264,0,0
11043,26,soft-hit,979.730189,11.156577,911.150631,1902.037397,0,0
11043,26,soft-hit,985.426498,13.218657,917.451354,1916.096509,0,0
11043,26,soft-hit,976.360762,13.466652,908.074662,1897.9020759999999,0,0
11043,26,soft-hit,964.741584,19.559539,896.617698,1880.918821,0,0
11043,26,soft-hit,979.812255,18.239866,911.06336,1909.115481,0,0
11043,26,soft-hit,978.156469,40.51887,909.40867,1928.0840090000002,0,0
11043,26,soft-hit,990.99566,19.41365,922.516758,1932.926068,0,0
11043,26,soft-hit,967.593297,11.051441,899.281259,1877.9259969999998,0,0
11043,26,soft-hit,978.90103,19.684983,910.442084,1909.028097,0,0
11043,26,soft-hit,981.419224,16.943509,912.585902,1910.948635,0,0
11043,26,soft-hit,980.346567,11.744531,911.85808,1903.949178,0,0
11043,26,soft-hit,971.643224,12.180187,903.505608,1887.3290190000002,0,0
11043,26,soft-hit,978.809521,11.229146,910.7091,1900.747767,0,0
11043,26,soft-hit,968.188776,36.684228,899.760769,1904.633773,0,0
11043,26,soft-hit,934.205539,8.543034,898.352076,1841.100649,0,0
11043,26,soft-hit,965.418764,39.918362,896.747206,1902.084332,0,0
11043,26,soft-hit,962.030053,12.954669,893.576483,1868.561205,0,0
11043,26,soft-hit,973.050057,31.371274,903.887414,1908.308745,0,0
11043,26,soft-hit,978.294,23.720836,910.433958,1912.448794,0,0
11043,26,soft-hit,973.775409,15.172355,905.814623,1894.762387,0,0
11043,26,soft-hit,974.096017,24.898746,906.134547,1905.1293099999998,0,0
11043,26,soft-hit,967.36592,23.26863,899.451276,1890.085826,0,0
11043,26,soft-hit,970.952522,14.858729,903.217255,1889.028506,0,0
11043,26,soft-hit,966.966719,11.295789,897.666242,1875.92875,0,0
11043,26,soft-hit,964.766235,18.694448,895.96867,1879.429353,0,0
15230,37,miss,321.279634,25.480812,233.908974,0,580.66942,0
15230,37,soft-hit,321.729911,10.97754,234.116383,566.823834,0,0
15230,37,soft-hit,338.229619,24.147925,249.424625,611.802169,0,0
15230,37,soft-hit,319.540115,11.733273,232.435199,563.7085870000001,0,0
15230,37,soft-hit,317.077091,10.607867,228.344189,556.029147,0,0
15230,37,soft-hit,315.467124,10.723751,228.344608,554.535483,0,0
15230,37,soft-hit,325.926319,12.760477,237.767298,576.4540939999999,0,0
15230,37,soft-hit,387.386617,10.62884,300.136589,698.152046,0,0
15230,37,soft-hit,327.425851,21.955292,243.734297,593.11544,0,0
15230,37,soft-hit,353.028382,10.788815,266.020291,629.837488,0,0
15230,37,soft-hit,327.722189,21.53503,239.696613,588.953832,0,0
15230,37,soft-hit,329.447442,26.37042,246.456608,602.2744700000001,0,0
15230,37,soft-hit,325.773374,25.735909,237.959094,589.4683769999999,0,0
15230,37,soft-hit,332.54607,29.092457,245.388294,607.0268209999999,0,0
15230,37,soft-hit,349.599133,10.050338,238.873488,598.522959,0,0
15230,37,soft-hit,322.359679,16.698516,233.68963,572.747825,0,0
15230,37,soft-hit,317.399523,10.555604,229.034561,556.989688,0,0
15230,37,soft-hit,320.57814,41.944081,232.836857,595.359078,0,0
15230,37,soft-hit,328.30202,10.968743,241.0434,580.314163,0,0
15230,37,soft-hit,327.930944,10.951616,239.974726,578.857286,0,0
15230,37,soft-hit,339.736779,21.770172,251.879979,613.38693,0,0
15230,37,soft-hit,345.82625,10.690577,258.370196,614.887023,0,0
15230,37,soft-hit,321.608984,10.589513,233.360676,565.5591730000001,0,0
15230,37,soft-hit,318.954612,14.645902,231.114229,564.714743,0,0
15230,37,soft-hit,328.711265,25.044836,241.056581,594.812682,0,0
15230,37,soft-hit,325.949743,24.43816,236.583068,586.970971,0,0
15230,37,soft-hit,320.915622,26.435253,234.690984,582.0418589999999,0,0
15230,37,soft-hit,329.953156,47.781372,242.550803,620.285331,0,0
15230,37,soft-hit,335.837779,10.69284,248.34297,594.873589,0,0
15230,37,soft-hit,324.753998,10.796486,236.704641,572.255125,0,0
15230,37,soft-hit,318.644659,12.625529,231.209739,562.479927,0,0
15230,37,soft-hit,322.875303,18.784987,235.076947,576.7372369999999,0,0
15230,37,soft-hit,318.680648,10.880461,231.042332,560.603441,0,0
15365,34,miss,229.741447,25.444164,145.328919,0,400.51453000000004,0
15365,34,soft-hit,227.689485,15.180763,144.713824,387.584072,0,0
15365,34,soft-hit,225.114477,10.673599,141.441122,377.229198,0,0
15365,34,soft-hit,225.160715,48.514942,142.809888,416.485545,0,0
15365,34,soft-hit,222.326414,40.61222,139.780045,402.718679,0,0
15365,34,soft-hit,231.445924,11.319897,149.139535,391.905356,0,0
15365,34,soft-hit,248.781324,11.879242,149.897594,410.55816000000004,0,0
15365,34,soft-hit,236.69068,11.111746,154.072997,401.87542299999996,0,0
15365,34,soft-hit,233.340146,11.109271,151.518102,395.96751900000004,0,0
15365,34,soft-hit,221.262502,11.061887,139.503248,371.82763700000004,0,0
15365,34,soft-hit,225.942583,13.359984,143.368561,382.671128,0,0
15365,34,soft-hit,230.840575,11.099157,147.726229,389.665961,0,0
15365,34,soft-hit,251.589274,11.26021,168.732228,431.581712,0,0
15365,34,soft-hit,238.259229,25.721188,155.740498,419.720915,0,0
15365,34,soft-hit,229.790025,12.012952,147.012887,388.81586400000003,0,0
15365,34,soft-hit,222.408922,18.74211,140.392844,381.54387599999995,0,0
15365,34,soft-hit,242.410034,18.808742,159.128433,420.347209,0,0
15365,34,soft-hit,231.964796,11.096495,149.323405,392.384696,0,0
15365,34,soft-hit,233.739553,21.156644,150.030684,404.926881,0,0
15365,34,soft-hit,250.210505,12.199856,167.329705,429.740066,0,0
15365,34,soft-hit,247.147829,11.330593,163.684363,422.162785,0,0
15365,34,soft-hit,227.09098,20.968249,144.398126,392.457355,0,0
15365,34,soft-hit,224.338624,13.339548,144.422276,382.10044800000003,0,0
15365,34,soft-hit,236.29242,11.983972,153.591326,401.86771799999997,0,0
15365,34,soft-hit,230.660696,15.649946,147.342122,393.652764,0,0
15365,34,soft-hit,325.023623,11.433064,242.232259,578.688946,0,0
15365,34,soft-hit,245.578836,11.223375,164.047364,420.84957499999996,0,0
15365,34,soft-hit,245.369816,19.207691,162.365675,426.943182,0,0
15365,34,soft-hit,230.42086,16.211193,146.944169,393.57622200000003,0,0
15365,34,soft-hit,225.396891,21.813022,142.842858,390.052771,0,0
15365,34,soft-hit,228.54409,11.295645,146.085057,385.924792,0,0
15365,34,soft-hit,229.699411,31.161437,146.839166,407.700014,0,0
15365,34,soft-hit,199.777027,26.625989,154.983566,381.386582,0,0
30414,30,miss,105.4238,18.886888,26.479118,0,150.789806,0
30414,30,soft-hit,159.949585,11.990913,83.595158,255.53565600000002,0,0
30414,30,soft-hit,103.863069,19.982803,28.895625,152.74149699999998,0,0
30414,30,soft-hit,109.112402,18.956335,34.296754,162.36549100000002,0,0
30414,30,soft-hit,107.479123,18.242008,31.950145,157.671276,0,0
30414,30,soft-hit,116.636927,10.729197,41.137362,168.503486,0,0
30414,30,soft-hit,101.086147,10.861429,25.525565,137.473141,0,0
30414,30,soft-hit,105.762127,10.679927,31.252595,147.694649,0,0
30414,30,soft-hit,99.057243,10.477241,22.699738,132.234222,0,0
30414,30,soft-hit,100.873726,31.229199,25.72342,157.826345,0,0
30414,30,soft-hit,100.493971,10.680481,26.254385,137.428837,0,0
30414,30,soft-hit,122.488374,12.239581,47.419844,182.147799,0,0
30414,30,soft-hit,102.761247,10.510104,28.16958,141.440931,0,0
30414,30,soft-hit,103.331395,10.582425,27.777356,141.69117599999998,0,0
30414,30,soft-hit,96.366764,10.505538,21.254151,128.126453,0,0
30414,30,soft-hit,105.740345,14.647245,30.740601,151.12819100000002,0,0
30414,30,soft-hit,101.358653,18.567457,26.647961,146.574071,0,0
30414,30,soft-hit,98.345217,11.845528,24.053898,134.244643,0,0
30414,30,soft-hit,103.821929,14.383619,28.74264,146.94818800000002,0,0
30414,30,soft-hit,131.955007,21.085186,57.403941,210.444134,0,0
30414,30,soft-hit,113.838362,10.374336,39.344514,163.557212,0,0
30414,30,soft-hit,97.322845,10.410719,23.573482,131.307046,0,0
30414,30,soft-hit,95.937698,10.618024,21.251088,127.80681,0,0
30414,30,soft-hit,98.777037,23.397701,24.197617,146.37235500000003,0,0
30414,30,soft-hit,109.33516,11.088819,34.331531,154.75551000000002,0,0
30414,30,soft-hit,106.316373,32.759521,31.505506,170.5814,0,0
30414,30,soft-hit,94.918961,10.958147,20.852344,126.729452,0,0
30414,30,soft-hit,97.673201,10.442347,23.089164,131.204712,0,0
30414,30,soft-hit,112.185651,10.676821,37.836702,160.699174,0,0
30414,30,soft-hit,99.106507,10.576356,24.739046,134.421909,0,0
30414,30,soft-hit,106.706216,14.647166,32.491965,153.845347,0,0
30414,30,soft-hit,111.762136,10.627469,37.338687,159.728292,0,0
30414,30,soft-hit,95.628013,22.407508,22.857417,140.89293800000002,0,0
23416,52,miss,810.758493,17.513956,699.250501,0,1527.52295,0
23416,52,soft-hit,806.717783,873.355324,693.67341,2373.746517,0,0
23416,52,soft-hit,835.344362,11.104117,723.064562,1569.5130410000002,0,0
23416,52,soft-hit,821.504019,11.35149,710.485187,1543.340696,0,0
23416,52,soft-hit,816.480657,16.885306,704.738084,1538.1040469999998,0,0
23416,52,soft-hit,808.074079,11.251417,696.361574,1515.68707,0,0
23416,52,soft-hit,809.057654,19.87934,697.394576,1526.3315699999998,0,0
23416,52,soft-hit,807.609854,11.380733,696.427261,1515.417848,0,0
23416,52,soft-hit,825.821882,22.305758,713.459157,1561.586797,0,0
23416,52,soft-hit,813.007916,18.261877,701.222864,1532.492657,0,0
23416,52,soft-hit,835.211272,13.114625,723.274527,1571.6004240000002,0,0
23416,52,soft-hit,818.08314,15.191355,706.662807,1539.937302,0,0
23416,52,soft-hit,804.062619,11.108545,692.47301,1507.644174,0,0
23416,52,soft-hit,810.105891,11.258784,698.406946,1519.7716209999999,0,0
23416,52,soft-hit,807.372155,40.197949,695.602958,1543.1730619999998,0,0
23416,52,soft-hit,826.628138,14.537958,711.476401,1552.642497,0,0
23416,52,soft-hit,815.08554,231.814843,702.717367,1749.61775,0,0
23416,52,soft-hit,808.3223,20.900629,693.963226,1523.1861549999999,0,0
23416,52,soft-hit,812.369984,34.730608,701.072225,1548.1728170000001,0,0
23416,52,soft-hit,813.53717,10.984104,702.177439,1526.698713,0,0
23416,52,soft-hit,811.32673,11.518281,700.327827,1523.172838,0,0
23416,52,soft-hit,818.733083,11.240197,710.48268,1540.4559599999998,0,0
23416,52,soft-hit,810.994226,233.492403,699.081268,1743.567897,0,0
23416,52,soft-hit,815.897686,11.337601,704.231168,1531.466455,0,0
23416,52,soft-hit,810.628552,21.862616,698.834292,1531.32546,0,0
23416,52,soft-hit,829.68714,11.603807,718.557972,1559.848919,0,0
23416,52,soft-hit,812.126383,23.377109,699.756861,1535.2603530000001,0,0
23416,52,soft-hit,825.79635,11.528033,713.967999,1551.292382,0,0
23416,52,soft-hit,823.709494,20.15779,711.918276,1555.7855599999998,0,0
23416,52,soft-hit,823.173337,11.099681,710.416821,1544.6898390000001,0,0
23416,52,soft-hit,836.255495,15.292155,724.214189,1575.761839,0,0
23416,52,soft-hit,809.565225,11.343607,697.924852,1518.8336840000002,0,0
23416,52,soft-hit,807.963582,847.974972,709.069353,2365.0079069999997,0,0
23969,45,miss,588.391905,11.352633,485.987928,0,1085.732466,0
23969,45,soft-hit,600.640834,38.575884,499.778985,1138.995703,0,0
23969,45,soft-hit,604.799691,21.196323,505.438315,1131.4343290000002,0,0
23969,45,soft-hit,597.448159,11.238441,497.562495,1106.2490950000001,0,0
23969,45,soft-hit,593.260499,201.032453,492.878636,1287.171588,0,0
23969,45,soft-hit,588.76693,11.503934,487.015077,1087.285941,0,0
23969,45,soft-hit,589.635747,11.638321,489.001773,1090.2758410000001,0,0
23969,45,soft-hit,584.211581,400.989114,481.659403,1466.860098,0,0
23969,45,soft-hit,623.343325,11.649277,521.048175,1156.0407770000002,0,0
23969,45,soft-hit,583.549824,11.237785,483.316619,1078.104228,0,0
23969,45,soft-hit,588.825749,25.241551,487.247615,1101.314915,0,0
23969,45,soft-hit,606.329443,11.025231,505.384046,1122.7387199999998,0,0
23969,45,soft-hit,587.206844,10.98755,486.621915,1084.816309,0,0
23969,45,soft-hit,590.846135,13.049087,490.491252,1094.386474,0,0
23969,45,soft-hit,589.868165,11.425671,489.506968,1090.800804,0,0
23969,45,soft-hit,595.084345,11.115922,494.497864,1100.698131,0,0
23969,45,soft-hit,584.322704,36.253364,482.935771,1103.511839,0,0
23969,45,soft-hit,604.912857,11.420532,504.084104,1120.417493,0,0
23969,45,soft-hit,587.235435,12.411947,487.137536,1086.784918,0,0
23969,45,soft-hit,609.086964,12.533615,506.036332,1127.656911,0,0
23969,45,soft-hit,598.819845,11.153369,497.630772,1107.603986,0,0
23969,45,soft-hit,591.353639,11.119952,490.719628,1093.193219,0,0
23969,45,soft-hit,593.108439,14.377384,492.28161,1099.767433,0,0
23969,45,soft-hit,588.412251,32.290263,488.199668,1108.9021819999998,0,0
23969,45,soft-hit,540.63327,24.330394,481.914461,1046.8781250000002,0,0
23969,45,soft-hit,588.747541,11.07418,488.21867,1088.040391,0,0
23969,45,soft-hit,583.591826,22.805296,483.433462,1089.830584,0,0
23969,45,soft-hit,589.464188,30.482946,489.095162,1109.042296,0,0
23969,45,soft-hit,602.498114,16.170175,501.425149,1120.0934379999999,0,0
23969,45,soft-hit,595.650592,11.369039,495.0072,1102.026831,0,0
23969,45,soft-hit,589.784104,19.821804,488.74288,1098.348788,0,0
23969,45,soft-hit,584.58548,11.24457,483.769067,1079.599117,0,0
23969,45,soft-hit,598.678433,16.415497,496.808135,1111.902065,0,0
1408,36,miss,314.266275,20.110749,228.805428,0,563.182452,0
1408,used GE,hit,0,9.906047,0,9.906047,0,0
1408,used GE,hit,0,9.019162,0,9.019162,0,0
1408,used GE,hit,0,9.029056,0,9.029056,0,0
1408,used GE,hit,0,17.586829,0,17.586829,0,0
1408,used GE,hit,0,11.348963,0,11.348963,0,0
1408,used GE,hit,0,37.047393,0,37.047393,0,0
1408,used GE,hit,0,12.207449,0,12.207449,0,0
1408,used GE,hit,0,10.600979,0,10.600979,0,0
1408,used GE,hit,0,17.356756,0,17.356756,0,0
1408,used GE,hit,0,10.720909,0,10.720909,0,0
1408,used GE,hit,0,12.68977,0,12.68977,0,0
1408,used GE,hit,0,26.251482,0,26.251482,0,0
1408,used GE,hit,0,11.044739,0,11.044739,0,0
1408,used GE,hit,0,9.812901,0,9.812901,0,0
1408,used GE,hit,0,11.423425,0,11.423425,0,0
1408,used GE,hit,0,21.672667,0,21.672667,0,0
1408,used GE,hit,0,11.519541,0,11.519541,0,0
1408,used GE,hit,0,10.716345,0,10.716345,0,0
1408,used GE,hit,0,11.297447,0,11.297447,0,0
1408,used GE,hit,0,11.746324,0,11.746324,0,0
1408,used GE,hit,0,25.902095,0,25.902095,0,0
1408,used GE,hit,0,11.727127,0,11.727127,0,0
1408,used GE,hit,0,10.598366,0,10.598366,0,0
1408,used GE,hit,0,9.659409,0,9.659409,0,0
1408,used GE,hit,0,10.925118,0,10.925118,0,0
1408,used GE,hit,0,9.984915,0,9.984915,0,0
1408,used GE,hit,0,10.480833,0,10.480833,0,0
1408,used GE,hit,0,9.642056,0,9.642056,0,0
1408,used GE,hit,0,47.416912,0,47.416912,0,0
1408,used GE,hit,0,9.877901,0,9.877901,0,0
1408,used GE,hit,0,9.725609,0,9.725609,0,0
1408,used GE,hit,0,9.360553,0,9.360553,0,0
2102,27,miss,9.367326,11.397177,939.054812,0,959.819315,0
2102,used GE,hit,0,21.839298,0,21.839298,0,0
2102,used GE,hit,0,11.860024,0,11.860024,0,0
2102,used GE,hit,0,10.817653,0,10.817653,0,0
2102,used GE,hit,0,11.099126,0,11.099126,0,0
2102,used GE,hit,0,14.041974,0,14.041974,0,0
2102,used GE,hit,0,15.431148,0,15.431148,0,0
2102,used GE,hit,0,11.938001,0,11.938001,0,0
2102,used GE,hit,0,11.33769,0,11.33769,0,0
2102,used GE,hit,0,20.868956,0,20.868956,0,0
2102,used GE,hit,0,10.645637,0,10.645637,0,0
2102,used GE,hit,0,11.230166,0,11.230166,0,0
2102,used GE,hit,0,10.784947,0,10.784947,0,0
2102,used GE,hit,0,10.503545,0,10.503545,0,0
2102,used GE,hit,0,23.822584,0,23.822584,0,0
2102,used GE,hit,0,21.794404,0,21.794404,0,0
2102,used GE,hit,0,11.613025,0,11.613025,0,0
2102,used GE,hit,0,18.2737,0,18.2737,0,0
2102,used GE,hit,0,10.701468,0,10.701468,0,0
2102,used GE,hit,0,11.295276,0,11.295276,0,0
2102,used GE,hit,0,22.21843,0,22.21843,0,0
2102,used GE,hit,0,20.083696,0,20.083696,0,0
2102,used GE,hit,0,15.092583,0,15.092583,0,0
2102,used GE,hit,0,22.17389,0,22.17389,0,0
2102,used GE,hit,0,11.359403,0,11.359403,0,0
2102,used GE,hit,0,10.725472,0,10.725472,0,0
2102,used GE,hit,0,10.588515,0,10.588515,0,0
2102,used GE,hit,0,17.225167,0,17.225167,0,0
2102,used GE,hit,0,498.911596,0,498.911596,0,0
2102,used GE,hit,0,16.193649,0,16.193649,0,0
2102,used GE,hit,0,50.437031,0,50.437031,0,0
2102,used GE,hit,0,12.522906,0,12.522906,0,0
2102,used GE,hit,0,11.431904,0,11.431904,0,0
6318,30,miss,109.976739,9.662919,35.674422,0,155.31408,0
6318,30,soft-hit,103.503018,11.411113,28.812022,143.726153,0,0
6318,30,soft-hit,111.58409,9.9343,39.440902,160.959292,0,0
6318,30,soft-hit,128.092611,17.089387,53.243168,198.425166,0,0
6318,30,soft-hit,108.071534,9.841367,33.687848,151.600749,0,0
6318,30,soft-hit,112.695509,10.043261,38.428063,161.166833,0,0
6318,30,soft-hit,115.829465,20.899402,41.536804,178.265671,0,0
6318,30,soft-hit,109.741249,18.682076,35.825401,164.24872599999998,0,0
6318,30,soft-hit,107.351337,42.268932,33.570925,183.191194,0,0
6318,30,soft-hit,76.579322,14.539344,35.767744,126.88641000000001,0,0
6318,30,soft-hit,121.681544,17.544564,49.068308,188.294416,0,0
6318,30,soft-hit,127.440386,10.541216,53.174745,191.156347,0,0
6318,30,soft-hit,148.018447,9.916909,73.269012,231.20436800000002,0,0
6318,30,soft-hit,104.482109,21.736537,30.585371,156.804017,0,0
6318,30,soft-hit,125.673308,10.041941,49.518206,185.233455,0,0
6318,30,soft-hit,103.997388,19.491908,29.949491,153.438787,0,0
6318,30,soft-hit,111.778218,16.724373,37.676916,166.179507,0,0
6318,30,soft-hit,106.74261,42.00167,32.799459999999996,181.54374,0,0
6318,30,soft-hit,107.532173,9.670123,33.903703,151.105999,0,0
6318,30,soft-hit,114.093495,10.439148,39.909086,164.441729,0,0
6318,30,soft-hit,115.466571,11.595388,40.911546,167.973505,0,0
6318,30,soft-hit,107.259252,14.970031,33.018451,155.247734,0,0
6318,30,soft-hit,111.362341,40.056455,37.632638,189.051434,0,0
6318,30,soft-hit,122.692791,13.364213,49.266111,185.323115,0,0
6318,30,soft-hit,110.690277,9.832657,36.418819,156.941753,0,0
6318,30,soft-hit,106.757073,9.793945,32.616274000000004,149.167292,0,0
6318,30,soft-hit,111.313143,9.733943,37.384249,158.431335,0,0
6318,30,soft-hit,105.364074,9.866423,31.210628,146.441125,0,0
6318,30,soft-hit,116.306455,15.683142,42.478871,174.468468,0,0
6318,30,soft-hit,114.764339,18.161885,40.166198,173.092422,0,0
6318,30,soft-hit,121.624196,9.903245,46.064833,177.592274,0,0
6318,30,soft-hit,109.930761,9.869002,35.868279,155.668042,0,0
6318,30,soft-hit,116.529485,20.271382,41.752663,178.55353,0,0
32603,27,miss,8.203474,10.165712,938.397788,0,956.766974,0
32603,27,soft-hit,8.315794,48.495929,938.332105,995.143828,0,0
32603,27,soft-hit,10.954009,11.666833,940.86136,963.482202,0,0
32603,27,soft-hit,8.239564999999999,31.223369,938.250779,977.713713,0,0
32603,27,soft-hit,15.003933,10.481875,947.174325,972.6601329999999,0,0
32603,27,soft-hit,7.979355,10.217773,939.07066,957.267788,0,0
32603,27,soft-hit,11.584383,10.107367,941.345709,963.037459,0,0
32603,27,soft-hit,23.674599,10.218057,954.197567,988.0902230000002,0,0
32603,27,soft-hit,17.738166,15.10897,948.011629,980.858765,0,0
32603,27,soft-hit,19.899636,19.442805,950.293678,989.636119,0,0
32603,27,soft-hit,12.60517,9.913402,942.926459,965.4450310000001,0,0
32603,27,soft-hit,12.173525,10.774046,942.033401,964.9809720000001,0,0
32603,27,soft-hit,14.162282,9.949072,944.353567,968.464921,0,0
32603,27,soft-hit,11.887829,32.001702,941.622348,985.511879,0,0
32603,27,soft-hit,12.264685,15.176501,943.114172,970.5553580000001,0,0
32603,27,soft-hit,15.053142,20.717652,945.65563,981.426424,0,0
32603,27,soft-hit,15.951237,16.845091,944.665967,977.462295,0,0
32603,27,soft-hit,7.905346,17.00618,938.869771,963.781297,0,0
32603,27,soft-hit,11.584156,10.095271,942.015008,963.694435,0,0
32603,27,soft-hit,9.048273,13.830914,939.129368,962.008555,0,0
32603,27,soft-hit,26.588893,26.694873,958.172661,1011.456427,0,0
32603,27,soft-hit,32.011272000000005,21.581721,961.931816,1015.524809,0,0
32603,27,soft-hit,14.087093,10.095586,944.955014,969.137693,0,0
32603,27,soft-hit,11.870536,10.043908,941.826701,963.741145,0,0
32603,27,soft-hit,23.790229,19.20083,954.02206,997.013119,0,0
32603,27,soft-hit,26.762574,11.83378,957.394567,995.9909210000001,0,0
32603,27,soft-hit,21.604073,17.731899,950.601528,989.9375,0,0
32603,27,soft-hit,7.674286,9.96555,944.83237,962.472206,0,0
32603,27,soft-hit,23.800318,11.75229,953.960703,989.5133109999999,0,0
32603,27,soft-hit,20.366679,10.230361,951.794205,982.391245,0,0
32603,27,soft-hit,23.036676,10.090301,952.930355,986.0573319999999,0,0
32603,27,soft-hit,12.597784,10.096072,943.327851,966.0217070000001,0,0
32603,27,soft-hit,15.327466,9.951583,945.385517,970.664566,0,0
6516,70,miss,434.556774,18.251213,285.235002,0,738.042989,0
6516,70,soft-hit,415.971282,17.800199,290.663859,724.43534,0,0
6516,70,soft-hit,414.62641,12.301411,273.979995,700.9078159999999,0,0
6516,70,soft-hit,419.0046,19.543924,279.087201,717.635725,0,0
6516,70,soft-hit,425.115419,22.954837,285.54176,733.612016,0,0
6516,70,soft-hit,415.275263,12.180545,275.040793,702.496601,0,0
6516,70,soft-hit,416.51691,18.848677,276.744708,712.110295,0,0
6516,70,soft-hit,408.009807,19.900021,268.703406,696.6132339999999,0,0
6516,70,soft-hit,458.907782,12.750102,319.066872,790.7247560000001,0,0
6516,70,soft-hit,412.688186,15.414856,273.051742,701.154784,0,0
6516,70,soft-hit,416.002467,12.292993,275.976129,704.2715890000001,0,0
6516,70,soft-hit,444.874521,12.076089,305.985348,762.935958,0,0
6516,70,soft-hit,409.771261,17.994728,269.213858,696.9798470000001,0,0
6516,70,soft-hit,421.2272,12.266361,281.895734,715.389295,0,0
6516,70,soft-hit,420.689664,19.303013,280.980903,720.9735800000001,0,0
6516,70,soft-hit,446.64258,12.342096,307.447677,766.432353,0,0
6516,70,soft-hit,441.816323,12.136824,301.746607,755.699754,0,0
6516,70,soft-hit,437.417477,17.866225,300.481576,755.7652780000001,0,0
6516,70,soft-hit,453.120258,12.823606,312.047131,777.9909949999999,0,0
6516,70,soft-hit,445.173779,12.158401,304.954195,762.2863750000001,0,0
6516,70,soft-hit,478.637372,26.83038,339.731809,845.199561,0,0
6516,70,soft-hit,415.781268,16.503136,276.530296,708.8147,0,0
6516,70,soft-hit,415.563447,11.79863,276.282378,703.644455,0,0
6516,70,soft-hit,413.449532,12.266017,271.059797,696.7753459999999,0,0
6516,70,soft-hit,420.818682,23.351313,280.778848,724.948843,0,0
6516,70,soft-hit,415.511305,12.284624,275.967239,703.763168,0,0
6516,70,soft-hit,422.647983,12.369136,282.46277,717.479889,0,0
6516,70,soft-hit,417.544598,12.056229,277.492055,707.0928819999999,0,0
6516,70,soft-hit,420.370517,25.775238,280.388291,726.534046,0,0
6516,70,soft-hit,436.572446,17.22511,297.336683,751.134239,0,0
6516,70,soft-hit,434.569814,22.763418,295.313002,752.646234,0,0
6516,70,soft-hit,415.079611,12.663139,279.565704,707.308454,0,0
6516,70,soft-hit,417.353006,20.293769,278.112493,715.759268,0,0
13353,23,miss,880.433872,25.799205,819.028203,0,1725.26128,0
13353,23,soft-hit,905.566825,9.571209,821.042139,1736.180173,0,0
13353,23,soft-hit,878.239652,10.096811,818.358996,1706.695459,0,0
13353,23,soft-hit,882.319561,16.452501,821.211055,1719.983117,0,0
13353,23,soft-hit,880.656865,11.678815,819.345461,1711.681141,0,0
13353,23,soft-hit,880.172827,10.614358,819.795301,1710.582486,0,0
13353,23,soft-hit,885.556966,12.640271,824.189932,1722.387169,0,0
13353,23,soft-hit,881.961147,51.132859,819.83065,1752.9246560000001,0,0
13353,23,soft-hit,882.891783,10.368662,821.815681,1715.076126,0,0
13353,23,soft-hit,888.813026,10.4726,827.721048,1727.006674,0,0
13353,23,soft-hit,884.266102,10.518294,823.504229,1718.2886250000001,0,0
13353,23,soft-hit,883.755884,10.313098,822.776738,1716.84572,0,0
13353,23,soft-hit,894.186971,11.450249,832.947808,1738.585028,0,0
13353,23,soft-hit,886.593945,10.023818,825.250825,1721.8685879999998,0,0
13353,23,soft-hit,888.349556,9.912343,827.226763,1725.488662,0,0
13353,23,soft-hit,898.673408,18.393617,837.640624,1754.707649,0,0
13353,23,soft-hit,892.311365,11.824482,831.645647,1735.781494,0,0
13353,23,soft-hit,889.238979,10.435779,827.447159,1727.121917,0,0
13353,23,soft-hit,883.292415,11.984103,822.874861,1718.151379,0,0
13353,23,soft-hit,889.97151,12.780238,829.341371,1732.0931190000001,0,0
13353,23,soft-hit,895.443148,12.78382,834.783065,1743.010033,0,0
13353,23,soft-hit,885.11627,10.362959,823.539559,1719.018788,0,0
13353,23,soft-hit,899.366668,20.260941,838.275208,1757.9028170000001,0,0
13353,23,soft-hit,906.409979,10.515244,845.395104,1762.320327,0,0
13353,23,soft-hit,957.175589,22.136544,895.917362,1875.229495,0,0
13353,23,soft-hit,887.464107,10.207911,826.186318,1723.858336,0,0
13353,23,soft-hit,898.642478,11.562943,836.651308,1746.856729,0,0
13353,23,soft-hit,893.821516,10.498024,832.810285,1737.129825,0,0
13353,23,soft-hit,902.731231,10.638831,841.801954,1755.172016,0,0
13353,23,soft-hit,885.321625,10.419885,824.521658,1720.263168,0,0
13353,23,soft-hit,885.714118,10.567337,824.770567,1721.0520219999999,0,0
13353,23,soft-hit,885.249842,15.854751,823.916762,1725.0213549999999,0,0
13353,23,soft-hit,915.00821,17.565143,827.99313,1760.566483,0,0
23791,21,miss,827.616813,14.801112,760.557153,0,1602.975078,0
23791,21,soft-hit,825.467541,10.391065,767.218886,1603.077492,0,0
23791,21,soft-hit,866.343699,14.929793,807.913364,1689.186856,0,0
23791,21,soft-hit,828.783891,10.356231,770.493206,1609.633328,0,0
23791,21,soft-hit,835.863146,68.198176,776.835317,1680.896639,0,0
23791,21,soft-hit,825.235754,10.093673,766.320769,1601.650196,0,0
23791,21,soft-hit,820.677983,11.212987,762.763916,1594.654886,0,0
23791,21,soft-hit,829.039353,17.787333,770.697488,1617.5241740000001,0,0
23791,21,soft-hit,827.771323,10.392726,768.925855,1607.089904,0,0
23791,21,soft-hit,820.179889,39.218045,761.672603,1621.070537,0,0
23791,21,soft-hit,820.328957,54.186932,761.947874,1636.4637629999997,0,0
23791,21,soft-hit,818.863566,10.683484,759.944546,1589.4915959999998,0,0
23791,21,soft-hit,818.147307,52.421083,760.277183,1630.845573,0,0
23791,21,soft-hit,827.080906,50.039467,768.888642,1646.009015,0,0
23791,21,soft-hit,818.877378,10.620031,760.490364,1589.987773,0,0
23791,21,soft-hit,820.144137,11.785921,761.486082,1593.41614,0,0
23791,21,soft-hit,822.569978,10.121176,764.36388,1597.055034,0,0
23791,21,soft-hit,924.923021,10.851301,866.302123,1802.0764450000001,0,0
23791,21,soft-hit,831.75279,55.675371,772.406716,1659.834877,0,0
23791,21,soft-hit,825.44465,16.658177,766.538721,1608.641548,0,0
23791,21,soft-hit,827.802958,10.351133,769.833086,1607.987177,0,0
23791,21,soft-hit,833.470752,17.001579,774.985089,1625.45742,0,0
23791,21,soft-hit,833.349861,10.533651,774.749772,1618.633284,0,0
23791,21,soft-hit,823.367752,54.058299,764.030103,1641.456154,0,0
23791,21,soft-hit,817.381489,13.252775,759.366003,1590.000267,0,0
23791,21,soft-hit,829.167244,11.736738,770.502114,1611.406096,0,0
23791,21,soft-hit,826.007878,67.160513,767.170062,1660.338453,0,0
23791,21,soft-hit,819.785514,10.316336,760.835871,1590.937721,0,0
23791,21,soft-hit,821.285506,10.161359,762.460887,1593.907752,0,0
23791,21,soft-hit,819.268687,39.600051,760.766017,1619.634755,0,0
23791,21,soft-hit,820.974856,55.170206,762.651603,1638.796665,0,0
23791,21,soft-hit,818.481183,10.457207,760.802769,1589.7411590000002,0,0
23791,21,soft-hit,844.656767,9.124057,794.37504,1648.1558639999998,0,0
25811,20,miss,771.136903,8.029116,742.820529,0,1521.9865479999999,0
25811,used GE,hit,0,48.668848,0,48.668848,0,0
25811,used GE,hit,0,8.097328,0,8.097328,0,0
25811,used GE,hit,0,6.01394,0,6.01394,0,0
25811,used GE,hit,0,16.827794,0,16.827794,0,0
25811,used GE,hit,0,12.365391,0,12.365391,0,0
25811,used GE,hit,0,5.930141,0,5.930141,0,0
25811,used GE,hit,0,5.891106,0,5.891106,0,0
25811,used GE,hit,0,5.625605,0,5.625605,0,0
25811,used GE,hit,0,6.968191,0,6.968191,0,0
25811,used GE,hit,0,7.559087,0,7.559087,0,0
25811,used GE,hit,0,5.797564,0,5.797564,0,0
25811,used GE,hit,0,9.180022,0,9.180022,0,0
25811,used GE,hit,0,15.994531,0,15.994531,0,0
25811,used GE,hit,0,16.994194,0,16.994194,0,0
25811,used GE,hit,0,6.057853,0,6.057853,0,0
25811,used GE,hit,0,11.505046,0,11.505046,0,0
25811,used GE,hit,0,5.770432,0,5.770432,0,0
25811,used GE,hit,0,5.810341,0,5.810341,0,0
25811,used GE,hit,0,12.430289,0,12.430289,0,0
25811,used GE,hit,0,17.909023,0,17.909023,0,0
25811,used GE,hit,0,11.364746,0,11.364746,0,0
25811,used GE,hit,0,10.250233,0,10.250233,0,0
25811,used GE,hit,0,7.305325,0,7.305325,0,0
25811,used GE,hit,0,6.74349,0,6.74349,0,0
25811,used GE,hit,0,6.236699,0,6.236699,0,0
25811,used GE,hit,0,6.18104,0,6.18104,0,0
25811,used GE,hit,0,7.122009,0,7.122009,0,0
25811,used GE,hit,0,6.621094,0,6.621094,0,0
25811,used GE,hit,0,9.742316,0,9.742316,0,0
25811,used GE,hit,0,6.542092,0,6.542092,0,0
25811,used GE,hit,0,6.562571,0,6.562571,0,0
25811,used GE,hit,0,54.517787,0,54.517787,0,0
31943,26,miss,2.370542,11.320384,936.034441,0,949.725367,0
31943,used GE,hit,0,18.989278,0,18.989278,0,0
31943,used GE,hit,0,9.088889,0,9.088889,0,0
31943,used GE,hit,0,8.547816,0,8.547816,0,0
31943,used GE,hit,0,11.329237,0,11.329237,0,0
31943,used GE,hit,0,40.679591,0,40.679591,0,0
31943,used GE,hit,0,57.886681,0,57.886681,0,0
31943,used GE,hit,0,10.47659,0,10.47659,0,0
31943,used GE,hit,0,16.302851,0,16.302851,0,0
31943,used GE,hit,0,82.433989,0,82.433989,0,0
31943,used GE,hit,0,10.392168,0,10.392168,0,0
31943,used GE,hit,0,20.775019,0,20.775019,0,0
31943,used GE,hit,0,21.36617,0,21.36617,0,0
31943,used GE,hit,0,9.479798,0,9.479798,0,0
31943,used GE,hit,0,10.102348,0,10.102348,0,0
31943,used GE,hit,0,8.786744,0,8.786744,0,0
31943,used GE,hit,0,87.080024,0,87.080024,0,0
31943,used GE,hit,0,19.227381,0,19.227381,0,0
31943,used GE,hit,0,16.503783,0,16.503783,0,0
31943,used GE,hit,0,8.520234,0,8.520234,0,0
31943,used GE,hit,0,10.186369,0,10.186369,0,0
31943,used GE,hit,0,18.503437,0,18.503437,0,0
31943,used GE,hit,0,17.432092,0,17.432092,0,0
31943,used GE,hit,0,19.398466,0,19.398466,0,0
31943,used GE,hit,0,58.997924,0,58.997924,0,0
31943,used GE,hit,0,41.457738,0,41.457738,0,0
31943,used GE,hit,0,10.164478,0,10.164478,0,0
31943,used GE,hit,0,56.041255,0,56.041255,0,0
31943,used GE,hit,0,9.769322,0,9.769322,0,0
31943,used GE,hit,0,13.367769,0,13.367769,0,0
31943,used GE,hit,0,17.122551,0,17.122551,0,0
31943,used GE,hit,0,18.180892,0,18.180892,0,0
31943,used GE,hit,0,20.547721,0,20.547721,0,0
18575,25,miss,953.386555,13.232956,888.91629,0,1855.535801,0
18575,25,soft-hit,953.499317,9.635038,889.414152,1852.548507,0,0
18575,25,soft-hit,951.815785,15.133573,887.309331,1854.258689,0,0
18575,25,soft-hit,954.507343,18.751798,890.129418,1863.388559,0,0
18575,25,soft-hit,951.911445,17.931546,887.760477,1857.603468,0,0
18575,25,soft-hit,957.451913,9.470027,892.076497,1858.998437,0,0
18575,25,soft-hit,952.841259,14.414884,888.156671,1855.412814,0,0
18575,25,soft-hit,959.78917,9.272789,895.269686,1864.331645,0,0
18575,25,soft-hit,959.886762,9.154413,895.515662,1864.556837,0,0
18575,25,soft-hit,966.147536,9.011371,901.710261,1876.869168,0,0
18575,25,soft-hit,962.804584,9.115573,897.813274,1869.733431,0,0
18575,25,soft-hit,994.591721,10.383832,929.858037,1934.83359,0,0
18575,25,soft-hit,952.912277,12.13123,888.341436,1853.384943,0,0
18575,25,soft-hit,954.961095,17.290446,890.316501,1862.5680419999999,0,0
18575,25,soft-hit,955.432066,9.183128,890.443746,1855.05894,0,0
18575,25,soft-hit,962.068707,18.486566,895.932511,1876.487784,0,0
18575,25,soft-hit,967.040014,9.848114,902.230223,1879.118351,0,0
18575,25,soft-hit,963.388518,14.417846,898.716951,1876.523315,0,0
18575,25,soft-hit,954.944512,8.989897,891.009032,1854.9434410000001,0,0
18575,25,soft-hit,952.329257,15.523316,887.54739,1855.3999629999998,0,0
18575,25,soft-hit,961.097453,9.081769,896.208157,1866.387379,0,0
18575,25,soft-hit,954.123784,38.239161,889.4394,1881.802345,0,0
18575,25,soft-hit,929.178083,9.001087,892.972606,1831.1517760000002,0,0
18575,25,soft-hit,955.975563,11.374952,891.061386,1858.411901,0,0
18575,25,soft-hit,967.846647,9.375289,902.690044,1879.9119799999999,0,0
18575,25,soft-hit,955.687062,16.984287,891.229831,1863.9011799999998,0,0
18575,25,soft-hit,953.198082,10.025098,888.136076,1851.359256,0,0
18575,25,soft-hit,955.868978,9.7744,891.100575,1856.7439530000001,0,0
18575,25,soft-hit,955.466208,14.341358,891.648514,1861.45608,0,0
18575,25,soft-hit,979.061855,19.554827,913.551929,1912.168611,0,0
18575,25,soft-hit,955.070167,10.046363,891.183354,1856.299884,0,0
18575,25,soft-hit,957.271843,18.458664,891.817426,1867.5479329999998,0,0
18575,25,soft-hit,964.174675,19.366612,898.917136,1882.458423,0,0
23400,19,miss,762.553168,20.153273,710.476636,0,1493.1830770000001,0
23400,19,soft-hit,756.372778,9.822982,702.995834,1469.191594,0,0
23400,19,soft-hit,754.507185,12.123096,700.781499,1467.4117800000001,0,0
23400,19,soft-hit,760.775549,11.998956,707.984566,1480.759071,0,0
23400,19,soft-hit,774.835099,11.142226,720.583021,1506.5603460000002,0,0
23400,19,soft-hit,754.27928,10.88133,701.722236,1466.882846,0,0
23400,19,soft-hit,756.253479,16.810264,703.283001,1476.346744,0,0
23400,19,soft-hit,756.694774,19.970439,703.790529,1480.455742,0,0
23400,19,soft-hit,757.843111,9.693058,704.168249,1471.7044179999998,0,0
23400,19,soft-hit,751.627895,12.081495,701.185349,1464.8947389999998,0,0
23400,19,soft-hit,760.922232,23.100912,708.693294,1492.716438,0,0
23400,19,soft-hit,756.279092,17.654399,703.41986,1477.353351,0,0
23400,19,soft-hit,758.320942,9.721606,705.684139,1473.7266869999999,0,0
23400,19,soft-hit,770.78412,9.958689,717.578478,1498.3212870000002,0,0
23400,19,soft-hit,764.350548,16.831517,711.411957,1492.594022,0,0
23400,19,soft-hit,760.577052,9.784595,706.943671,1477.305318,0,0
23400,19,soft-hit,760.59186,15.292954,707.366587,1483.251401,0,0
23400,19,soft-hit,757.320626,12.666762,704.794255,1474.7816429999998,0,0
23400,19,soft-hit,756.269589,14.827063,703.738697,1474.835349,0,0
23400,19,soft-hit,754.547717,16.466363,702.037759,1473.0518390000002,0,0
23400,19,soft-hit,755.56284,16.213542,702.82414,1474.6005220000002,0,0
23400,19,soft-hit,792.422163,22.565685,738.339413,1553.327261,0,0
23400,19,soft-hit,769.596379,15.15206,715.149434,1499.897873,0,0
23400,19,soft-hit,766.847129,9.780416,714.462595,1491.0901399999998,0,0
23400,19,soft-hit,772.824735,12.873986,719.199024,1504.897745,0,0
23400,19,soft-hit,756.948071,15.417903,703.951832,1476.317806,0,0
23400,19,soft-hit,760.759335,9.730476,707.770127,1478.259938,0,0
23400,19,soft-hit,758.316082,20.348035,704.693205,1483.357322,0,0
23400,19,soft-hit,758.052542,19.550012,705.853521,1483.456075,0,0
23400,19,soft-hit,758.234176,9.734422,705.168232,1473.13683,0,0
23400,19,soft-hit,757.779407,18.774015,704.674517,1481.2279389999999,0,0
23400,19,soft-hit,759.509118,13.068865,706.687696,1479.2656789999999,0,0
23400,19,soft-hit,769.519052,10.72377,719.427466,1499.6702879999998,0,0
32913,16,miss,657.466178,18.184849,610.947888,0,1286.598915,0
32913,16,soft-hit,661.992264,14.269593,615.641771,1291.903628,0,0
32913,16,soft-hit,660.512871,8.944916,614.769158,1284.226945,0,0
32913,16,soft-hit,656.053664,8.740497,609.92823,1274.722391,0,0
32913,16,soft-hit,667.465067,11.736498,621.052581,1300.254146,0,0
32913,16,soft-hit,658.70745,16.128802,612.201331,1287.0375829999998,0,0
32913,16,soft-hit,664.084217,18.111388,617.673925,1299.86953,0,0
32913,16,soft-hit,656.45306,8.642347,610.466849,1275.5622560000002,0,0
32913,16,soft-hit,666.421842,8.528265,622.55425,1297.504357,0,0
32913,16,soft-hit,662.479026,9.014234,616.021822,1287.515082,0,0
32913,16,soft-hit,658.348521,8.84597,612.118612,1279.313103,0,0
32913,16,soft-hit,660.370618,15.644503,613.79654,1289.8116610000002,0,0
32913,16,soft-hit,658.777465,20.841217,612.670775,1292.289457,0,0
32913,16,soft-hit,686.76949,8.833978,640.044215,1335.6476830000001,0,0
32913,16,soft-hit,655.199169,8.661324,608.932444,1272.7929370000002,0,0
32913,16,soft-hit,657.948553,14.126934,611.538581,1283.6140679999999,0,0
32913,16,soft-hit,664.454645,15.389322,618.482389,1298.326356,0,0
32913,16,soft-hit,714.955785,9.041417,669.132874,1393.130076,0,0
32913,16,soft-hit,656.235193,14.771329,609.926583,1280.933105,0,0
32913,16,soft-hit,659.67325,9.021236,613.674641,1282.369127,0,0
32913,16,soft-hit,655.712812,8.771939,609.418661,1273.9034120000001,0,0
32913,16,soft-hit,664.32191,17.994911,617.490216,1299.807037,0,0
32913,16,soft-hit,658.02383,15.934308,612.4979,1286.4560379999998,0,0
32913,16,soft-hit,660.649236,34.265603,615.146879,1310.061718,0,0
32913,16,soft-hit,658.851846,18.611987,613.44823,1290.912063,0,0
32913,16,soft-hit,659.567597,13.715748,612.706257,1285.989602,0,0
32913,16,soft-hit,683.883652,8.851412,637.761389,1330.496453,0,0
32913,16,soft-hit,659.184457,8.777126,613.33439,1281.2959729999998,0,0
32913,16,soft-hit,661.50863,8.883524,615.115975,1285.508129,0,0
32913,16,soft-hit,659.190244,8.678329,613.03663,1280.9052029999998,0,0
32913,16,soft-hit,658.892564,18.862506,612.142332,1289.897402,0,0
32913,16,soft-hit,667.540281,10.406346,621.671611,1299.618238,0,0
Querier,No. of Policies,Cache log,Generation Time,Execution Time,Policy Retrieval Time,Hit Total Time,Miss Total Time,Deletion Flag
Querier,No. of Policies,Cache log,Generation Time,Execution Time,Policy Retrieval Time,Hit Total Time,Miss Total Time,Deletion Flag
Querier,No. of Policies,Cache log,Generation Time,Execution Time,Policy Retrieval Time,Hit Total Time,Miss Total Time,Deletion Flag
Querier,No. of Policies,Cache log,Generation Time,Execution Time,Policy Retrieval Time,Hit Total Time,Miss Total Time,Deletion Flag
